-- phpMyAdmin SQL Dump
-- version 5.2.1
-- https://www.phpmyadmin.net/
--
-- Host: 127.0.0.1
-- Generation Time: Feb 28, 2025 at 05:14 PM
-- Server version: 10.4.32-MariaDB
-- PHP Version: 8.2.12

SET SQL_MODE = "NO_AUTO_VALUE_ON_ZERO";
START TRANSACTION;
SET time_zone = "+00:00";


/*!40101 SET @OLD_CHARACTER_SET_CLIENT=@@CHARACTER_SET_CLIENT */;
/*!40101 SET @OLD_CHARACTER_SET_RESULTS=@@CHARACTER_SET_RESULTS */;
/*!40101 SET @OLD_COLLATION_CONNECTION=@@COLLATION_CONNECTION */;
/*!40101 SET NAMES utf8mb4 */;

--
-- Database: `unityagro2`
--
use `unityagro2`;

-- --------------------------------------------------------

--
-- Table structure for table `cost`
--

CREATE TABLE `cost` (
  `id` int(10) NOT NULL,
  `date` date NOT NULL,
  `costcategory` varchar(20) NOT NULL,
  `costitems` varchar(20) DEFAULT NULL,
  `buyamount` float NOT NULL,
  `unit` varchar(10) NOT NULL,
  `cost` float NOT NULL,
  `status` int(2) DEFAULT NULL COMMENT '1 is paid, 2 is due',
  `buyer` varchar(20) NOT NULL,
  `buyvoucher` varchar(20) NOT NULL,
  `comment` varchar(50) NOT NULL,
  `logs` varchar(50) NOT NULL,
  `costitems_id` int(11) DEFAULT NULL
) ENGINE=InnoDB DEFAULT CHARSET=utf8mb4 COLLATE=utf8mb4_general_ci;

--
-- Dumping data for table `cost`
--

INSERT INTO `cost` (`id`, `date`, `costcategory`, `costitems`, `buyamount`, `unit`, `cost`, `status`, `buyer`, `buyvoucher`, `comment`, `logs`, `costitems_id`) VALUES
(17, '2023-05-01', 'খরচ', 'বিবিধ', 1, ' Ti', 3650, 1, 'প্রভাষ', '২', '', 'Provash Bokshi 2023-09-21 05:45:58', 13),
(18, '2023-05-04', 'খরচ', 'বিবিধ', 0, ' Ti', 0, 1, 'প্রভাষ', '২', '', 'Provash Bokshi 2023-09-21 05:48:21', 13),
(19, '2023-05-05', 'খরচ', 'বিবিধ', 4, ' Ti', 775, 1, 'Uzzal', '2', '', 'Provash Bokshi 2023-09-21 05:53:39', 13),
(20, '2023-05-08', 'খরচ', 'বিবিধ', 5, ' Ti', 12635, 1, 'Uzzal', '2', '', 'Provash Bokshi 2023-09-21 05:57:37', 13),
(21, '2023-05-09', 'সম্পদ', 'ঘের', 3, ' Ti', 10000, 1, 'Uzzal', '2', '', 'Provash Bokshi 2023-09-21 05:59:51', NULL),
(22, '2023-05-19', 'সম্পদ', 'ঘের', 2200, 'hr', 25000, 1, 'Uzzal', '2', '', 'Provash Bokshi 2023-09-21 06:01:29', NULL),
(23, '2023-05-01', 'খরচ', 'বিবিধ', 2, ' Ti', 250, 1, 'Uzzal', '2', '', 'Provash Bokshi 2023-09-21 06:02:37', 13),
(24, '2023-05-10', 'খরচ', 'ঘের', 2200, 'hr', 7000, 1, 'Uzzal ', '3', 'গাড়ি ভাড়া মন্টু ', 'Provash Bokshi 2023-09-21 06:13:05', NULL),
(25, '2023-05-11', 'সম্পদ', 'ঘের', 0, 'hr', 190000, 1, 'Uzzal ', '1', 'বিপ্লব ', 'Provash Bokshi 2023-09-21 06:16:40', NULL),
(26, '2023-05-05', 'সম্পদ', 'ঘের', 0, 'hr', 48000, 1, 'Uzzal ', '1', 'Shaymal', 'Provash Bokshi 2023-09-21 06:18:39', NULL),
(27, '2023-05-08', 'সম্পদ', 'ঘের', 2200, 'hr', 159000, 1, 'Uzzal ', '1', 'Monto', 'Provash Bokshi 2023-09-21 06:19:59', NULL),
(28, '2023-05-19', 'সম্পদ', 'ঘের', 2200, 'hr', 134400, 1, 'Uzzal ', '1', 'Akash', 'Provash Bokshi 2023-09-21 06:26:56', NULL),
(29, '2023-05-04', 'খরচ', 'বিবিধ', 1, ' Ti', 710, 1, 'Uzzal ', '2', '', 'Provash Bokshi 2023-09-21 06:28:43', 13),
(30, '2023-05-20', 'সম্পদ', 'মেশিন/যন্ত্রপাতি', 1, ' Ti', 23800, 1, 'Uzzal ', '3', '', 'Provash Bokshi 2023-09-21 06:34:57', 16),
(31, '2023-05-20', 'খরচ', 'তেল', 30, 'litre', 3500, 1, 'Uzzal ', '3', '', 'Provash Bokshi 2023-09-21 06:35:57', NULL),
(32, '2023-05-21', 'খরচ', 'মজুরি/বেতন', 5, 'person', 2000, 1, 'Uzzal ', '3', '', 'Provash Bokshi 2023-09-21 06:37:20', 14),
(33, '2023-05-21', 'সম্পদ', 'মেশিন/যন্ত্রপাতি', 1, ' Ti', 2200, 1, 'Uzzal ', '3', 'মেশিন মেরামত', 'Provash Bokshi 2023-09-21 06:38:49', 16),
(34, '2023-05-21', 'সম্পদ', 'ঘের', 0, 'hr', 0, 1, 'Uzzal ', '3', 'Akash', 'Provash Bokshi 2023-09-21 06:40:34', NULL),
(35, '2023-05-21', 'সম্পদ', 'ঘের', 2300, 'hr', 22000, 1, 'Uzzal ', '3', 'Ridoy', 'Provash Bokshi 2023-09-21 08:40:26', NULL),
(36, '2023-05-21', 'সম্পদ', 'সার', 1500, 'hr', 4000, 1, 'Uzzal ', '3', 'Ridoy ', 'Provash Bokshi 2023-09-21 08:41:37', 2),
(37, '2023-05-22', 'খরচ', 'তেল', 200, 'litre', 22000, 1, 'Uzzal ', '3', '', 'Provash Bokshi 2023-09-21 08:44:07', NULL),
(38, '2023-05-22', 'সম্পদ', 'ঘের', 2200, 'hr', 25000, 1, 'Uzzal ', '3', '', 'Provash Bokshi 2023-09-21 08:45:18', NULL),
(39, '2023-05-22', 'মজুর', 'মজুরি/বেতন', 12, 'person', 4600, 1, 'Uzzal ', '3', '', 'Provash Bokshi 2023-09-21 08:47:22', 14),
(40, '2023-05-22', 'সম্পদ', 'ঘের', 1600, 'hr', 18000, 1, 'Uzzal ', '3', 'Sagar ', 'Provash Bokshi 2023-09-21 08:48:47', NULL),
(41, '2023-05-23', 'সম্পদ', 'ঘের', 2200, 'hr', 30000, 1, 'Uzzal ', '3', 'Ridoy ', 'Provash Bokshi 2023-09-21 08:51:05', NULL),
(42, '2023-05-23', 'সম্পদ', 'ঘের', 2200, 'hr', 22000, 1, 'Uzzal ', '3', 'Akash', 'Provash Bokshi 2023-09-21 08:53:15', NULL),
(43, '2023-05-24', 'মজুর', 'মজুরি/বেতন', 3, 'person', 1200, 1, 'Uzzal ', '3', '', 'Provash Bokshi 2023-09-21 08:54:36', 14),
(44, '2023-05-25', 'সম্পদ', 'ঘের', 2200, 'hr', 23600, 1, 'Uzzal ', '3', 'Sagar ', 'Provash Bokshi 2023-09-21 08:56:51', NULL),
(45, '2023-05-25', 'সম্পদ', 'ঘের', 2200, 'hr', 4000, 1, 'Uzzal ', '3', 'Akash', 'Provash Bokshi 2023-09-21 08:58:18', NULL),
(46, '2023-05-25', 'সম্পদ', 'ঘের', 2200, 'hr', 22000, 1, 'Uzzal ', '3', 'Sagar ', 'Provash Bokshi 2023-09-21 08:59:34', NULL),
(47, '2023-05-25', 'সম্পদ', 'ঘের', 2700, 'hr', 27000, 1, 'Uzzal ', '3', 'Akash', 'Provash Bokshi 2023-09-21 09:00:54', NULL),
(48, '2023-05-25', 'সম্পদ', 'মেশিন/যন্ত্রপাতি', 1, ' Ti', 60000, 1, 'Uzzal ', '3', '', 'Provash Bokshi 2023-09-21 09:01:59', 16),
(49, '2023-05-25', 'সম্পদ', 'ঘের', 2200, 'hr', 6500, 1, 'Uzzal ', '3', '', 'Provash Bokshi 2023-09-21 09:03:05', NULL),
(50, '2023-05-25', 'সম্পদ', 'ঘের', 2200, 'hr', 4000, 1, 'Uzzal ', '3', 'Shayy', 'Provash Bokshi 2023-09-21 09:04:11', NULL),
(51, '2023-05-26', 'মজুর', 'মজুরি/বেতন', 5, 'person', 1500, 1, 'Uzzal ', '3', '', 'Provash Bokshi 2023-09-21 09:06:52', 14),
(52, '2023-05-26', 'খরচ', 'যাতায়াত', 1, 'person', 600, 1, 'Uzzal ', '3', 'বর্তমা', 'Provash Bokshi 2023-09-21 09:08:03', 9),
(53, '2023-05-21', 'সম্পদ', 'ঘের', 0, 'hr', 25000, 1, 'Uzzal ', '3', 'Akash', 'Provash Bokshi 2023-09-21 09:16:52', NULL),
(54, '2023-05-26', 'মজুর', 'মজুরি/বেতন', 5, 'person', 2000, 1, 'Uzzal ', '4', '', 'Provash Bokshi 2023-09-21 09:19:23', 14),
(55, '2023-05-26', 'সম্পদ', 'ঘের', 2200, 'hr', 5600, 1, 'Uzzal', '4', 'Sagar ', 'Provash Bokshi 2023-09-21 11:16:52', NULL),
(56, '2023-05-26', 'সম্পদ', 'ঘের', 2700, 'hr', 6100, 1, 'Uzzal ', '4', 'Akash', 'Provash Bokshi 2023-09-21 11:17:52', NULL),
(57, '2023-05-26', 'সম্পদ', 'মেশিন/যন্ত্রপাতি', 1, ' Ti', 1000, 1, 'Uzzal ', '4', '', 'Provash Bokshi 2023-09-21 11:18:37', 16),
(58, '2023-05-26', 'সম্পদ', 'ঘের', 2700, 'hr', 5000, 1, 'Uzzal ', '4', 'Akash', 'Provash Bokshi 2023-09-21 11:19:34', NULL),
(59, '2023-05-26', 'সম্পদ', 'ঘের', 2700, 'hr', 22000, 1, 'Uzzal ', '4', 'Akash', 'Provash Bokshi 2023-09-21 11:20:28', NULL),
(60, '2023-05-26', 'সম্পদ', 'ঘের', 2500, 'hr', 8000, 1, 'Uzzal ', '4', 'Sagar ', 'Provash Bokshi 2023-09-21 11:21:47', NULL),
(61, '2023-05-27', 'সম্পদ', 'ঘের', 2500, 'hr', 10000, 1, 'Uzzal ', '4', '', 'Provash Bokshi 2023-09-21 11:25:41', NULL),
(62, '2023-05-27', 'সম্পদ', 'ঘের', 2500, 'hr', 25000, 1, 'Uzzal ', '4', 'Sagar ', 'Provash Bokshi 2023-09-21 11:26:50', NULL),
(63, '2023-09-21', 'খরচ', 'তেল', 200, 'kg', 22000, 1, 'Uzzal ', '4', '', 'Provash Bokshi 2023-09-21 11:28:07', NULL),
(64, '2023-05-27', 'খরচ', 'বিবিধ', 2, 'packet', 200, 1, 'Uzzal ', '4', '', 'Provash Bokshi 2023-09-21 11:29:16', 13),
(65, '2023-05-27', 'খরচ', 'সার', 20, 'kg', 3000, 1, 'Uzzal ', '4', '', 'Provash Bokshi 2023-09-21 11:31:52', 2),
(66, '2023-05-27', 'সম্পদ', 'ঘের', 2700, 'hr', 1000, 1, 'Uzzal ', '4', '', 'Provash Bokshi 2023-09-21 11:32:51', NULL),
(67, '2023-05-27', 'সম্পদ', 'ঘের', 2500, 'hr', 100000, 1, 'Uzzal ', '4', '', 'Provash Bokshi 2023-09-21 11:34:12', NULL),
(68, '2023-05-27', 'সম্পদ', 'মেশিন/যন্ত্রপাতি', 1, ' Ti', 1500, 1, 'Uzzal ', '4', '', 'Provash Bokshi 2023-09-21 11:39:25', 16),
(69, '2023-05-27', 'সম্পদ', 'ঘের', 2700, 'hr', 5000, 1, 'Uzzal ', '4', 'Akash', 'Provash Bokshi 2023-09-21 11:41:48', NULL),
(70, '2023-05-27', 'সম্পদ', 'ঘের', 2500, 'hr', 22000, 1, 'Uzzal ', '4', 'Sagar ', 'Provash Bokshi 2023-09-21 11:42:57', NULL),
(71, '2023-05-27', 'সম্পদ', 'ঘের', 2500, 'hr', 700, 1, 'Uzzal ', '4', 'Sagar ', 'Provash Bokshi 2023-09-21 11:44:03', NULL),
(72, '2023-05-27', 'সম্পদ', 'ঘের', 2200, 'hr', 15000, 1, 'Uzzal ', '4', 'Cat rent', 'Provash Bokshi 2023-09-21 11:45:28', NULL),
(73, '2023-05-27', 'সম্পদ', 'মজুরি/বেতন', 4, 'person', 1600, 1, 'Uzzal ', '4', 'Kartik ', 'Provash Bokshi 2023-09-21 11:46:36', 14),
(74, '2023-05-28', 'সম্পদ', 'ঘের', 2700, 'hr', 800, 1, 'Uzzal ', '4', 'Akash', 'Provash Bokshi 2023-09-21 11:48:27', NULL),
(75, '2023-05-28', 'সম্পদ', 'ঘের', 2700, 'hr', 20000, 1, 'Uzzal ', '4', 'Akash ', 'Provash Bokshi 2023-09-21 11:49:33', NULL),
(76, '2023-05-28', 'সম্পদ', 'ঘের', 2500, 'hr', 50000, 1, 'Uzzal ', '4', 'Sagar ', 'Provash Bokshi 2023-09-21 11:50:33', NULL),
(77, '2023-05-28', 'মজুর', 'মজুরি/বেতন', 20, 'person', 8000, 1, 'Uzzal ', '4', 'Apurbo,prodip,Vabotos', 'Provash Bokshi 2023-09-21 11:53:07', 14),
(78, '2023-05-28', 'সম্পদ', 'মেশিন/যন্ত্রপাতি', 1, ' Ti', 1500, 1, 'Uzzal ', '4', '', 'Provash Bokshi 2023-09-21 11:54:08', 16),
(79, '2023-05-28', 'সম্পদ', 'ঘের', 2500, 'hr', 700, 1, 'Uzzal ', '4', 'Sagar ', 'Provash Bokshi 2023-09-21 11:55:05', NULL),
(80, '2023-05-29', 'সম্পদ', 'ঘের', 2000, 'hr', 1000, 1, 'Uzzal ', '5', '', 'Provash Bokshi 2023-09-21 12:00:24', NULL),
(81, '2023-05-29', 'সম্পদ', 'ঘের', 2700, 'hr', 110000, 1, 'Uzzal ', '5', 'Akash ', 'Provash Bokshi 2023-09-21 12:01:35', NULL),
(82, '2023-05-29', 'সম্পদ', 'ঘের', 2700, 'hr', 900, 1, 'Uzzal ', '5', 'Akash ', 'Provash Bokshi 2023-09-21 12:02:22', NULL),
(83, '2023-05-30', 'মজুর', 'মজুরি/বেতন', 3, 'person', 1200, 1, 'Uzzal ', '5', '', 'Provash Bokshi 2023-09-21 12:03:11', 14),
(84, '2023-05-30', 'সম্পদ', 'সার', 2500, 'hr', 80000, 1, 'Uzzal ', '5', 'Sagar ', 'Provash Bokshi 2023-09-21 12:04:02', 2),
(85, '2023-05-30', 'সম্পদ', 'ঘের', 2500, 'hr', 1400, 1, 'Uzzal ', '5', 'Sagar ', 'Provash Bokshi 2023-09-21 12:05:22', NULL),
(86, '2023-05-30', 'মজুর', 'মজুরি/বেতন', 3, ' Ti', 1000, 1, 'Uzzal ', '5', '', 'Provash Bokshi 2023-09-21 12:06:15', 14),
(87, '2023-05-31', 'সম্পদ', 'ঘের', 2700, 'hr', 35900, 1, 'Uzzal ', '5', '', 'Provash Bokshi 2023-09-21 12:07:53', NULL),
(88, '2023-05-31', 'খরচ', 'বিবিধ', 3, ' Ti', 3300, 1, 'Uzzal ', '5', '', 'Provash Bokshi 2023-09-21 12:08:50', 13),
(89, '2023-05-31', 'মজুর', 'মজুরি/বেতন', 1, 'person', 220, 1, 'Uzzal ', '5', '', 'Provash Bokshi 2023-09-21 12:09:37', 14),
(90, '2023-06-01', 'সম্পদ', 'ঘের', 2700, 'hr', 288500, 1, 'Uzzal ', '6', 'Akash', 'Provash Bokshi 2023-09-22 07:18:40', NULL),
(91, '2023-06-01', 'সম্পদ', 'ঘের', 2700, 'hr', 44000, 1, 'Uzzal ', '6', 'Akash', 'Provash Bokshi 2023-09-22 07:20:32', NULL),
(92, '2023-06-02', 'মজুর', 'মজুরি/বেতন', 8, 'person', 3200, 1, 'Uzzal ', '7', '', 'Provash Bokshi 2023-09-22 07:27:46', 14),
(93, '2023-06-02', 'সম্পদ', 'ঘের', 2500, 'hr', 62100, 1, 'Uzzal ', '7', 'Sagar ', 'Provash Bokshi 2023-09-22 07:29:21', NULL),
(94, '2023-06-03', 'সম্পদ', 'ঘের', 2200, 'hr', 50000, 1, 'Uzzal ', '7', 'Deponkar', 'Provash Bokshi 2023-09-22 07:34:53', NULL),
(95, '2023-06-03', 'খরচ', 'বিবিধ', 1, 'person', 500, 1, 'Uzzal ', '7', '', 'Provash Bokshi 2023-09-22 07:36:58', 13),
(96, '2023-06-03', 'খরচ', 'বিবিধ', 6, 'person', 830, 1, 'Uzzal ', '7', 'ভ্যান ভাড়া, নাস্তা', 'Provash Bokshi 2023-09-22 07:38:47', 13),
(97, '2023-06-04', 'সম্পদ', 'ঘের', 2700, 'hr', 28000, 1, 'Uzzal ', '7', 'Akash', 'Provash Bokshi 2023-09-22 07:40:10', NULL),
(98, '2023-06-04', 'খরচ', 'বিবিধ', 2, ' Ti', 1750, 1, 'Uzzal ', '7', '', 'Provash Bokshi 2023-09-22 07:42:22', 13),
(99, '2023-06-04', 'খরচ', 'তেল', 30, 'litre', 3360, 1, 'Uzzal ', '7', '', 'Provash Bokshi 2023-09-22 07:43:23', NULL),
(100, '2023-06-04', 'সম্পদ', 'ঘের', 2500, 'hr', 8000, 1, 'Uzzal ', '7', '', 'Provash Bokshi 2023-09-22 07:44:08', NULL),
(101, '2023-06-04', 'খরচ', 'তেল', 1, 'litre', 112, 1, 'Uzzal ', '7', '', 'Provash Bokshi 2023-09-22 07:44:50', NULL),
(102, '2023-06-04', 'খরচ', 'বিবিধ', 1, ' Ti', 1000, 1, 'Uzzal ', '7', '', 'Provash Bokshi 2023-09-22 07:45:44', 13),
(103, '2023-06-04', 'খরচ', 'যাতায়াত', 1, 'person', 88, 1, 'Uzzal ', '7', '', 'Provash Bokshi 2023-09-23 03:35:45', 9),
(104, '2023-06-04', 'সম্পদ', 'ঘের', 2700, 'hr', 30000, 1, 'Uzzal ', '7', 'Akash', 'Provash Bokshi 2023-09-23 03:36:51', NULL),
(105, '2023-06-04', 'সম্পদ', 'ঘের', 2700, 'hr', 2000, 1, 'Uzzal ', '7', 'Akash ', 'Provash Bokshi 2023-09-23 03:37:49', NULL),
(106, '2023-06-04', 'মজুর', 'মজুরি/বেতন', 24, 'person', 11300, 1, 'Uzzal ', '7', '', 'Provash Bokshi 2023-09-23 03:40:52', 14),
(107, '2023-06-03', 'সম্পদ', 'ঘের', 2500, 'hr', 45000, 1, 'Uzzal ', '7', 'Sagar ', 'Provash Bokshi 2023-09-23 03:43:29', NULL),
(108, '2023-06-05', 'সম্পদ', 'ঘের', 2500, 'hr', 50000, 1, 'Uzzal ', '8', 'Aporbo', 'Provash Bokshi 2023-09-23 03:57:24', NULL),
(109, '2023-06-05', 'খরচ', 'বিবিধ', 1, ' Ti', 2000, 1, 'Uzzal ', '8', '', 'Provash Bokshi 2023-09-23 03:58:49', 13),
(110, '2023-06-05', 'খরচ', 'বিবিধ', 1, ' Ti', 120, 1, 'Uzzal ', '8', '', 'Provash Bokshi 2023-09-23 03:59:51', 13),
(111, '2023-06-05', 'সম্পদ', 'ঘের', 2500, 'hr', 35000, 1, 'Uzzal ', '8', 'Ridoy ', 'Provash Bokshi 2023-09-23 04:01:34', NULL),
(112, '2023-06-05', 'মজুর', 'মজুরি/বেতন', 45, 'person', 18000, 1, 'Uzzal ', '8', '', 'Provash Bokshi 2023-09-23 04:04:52', 14),
(113, '2023-06-05', 'খরচ', 'বিবিধ', 1, 'person', 130, 1, 'Uzzal ', '8', '', 'Provash Bokshi 2023-09-23 04:06:00', 13),
(114, '2023-06-05', 'খরচ', 'বিবিধ', 0, ' Ti', 4660, 1, 'Uzzal ', '8', '', 'Provash Bokshi 2023-09-23 04:07:29', 13),
(115, '2023-06-05', 'মজুর', 'মজুরি/বেতন', 36, 'person', 14600, 1, 'Uzzal ', '8', '', 'Provash Bokshi 2023-09-23 04:08:57', 14),
(116, '2023-06-05', 'সম্পদ', 'ঘের', 2500, 'hr', 10000, 1, 'Uzzal ', '8', 'Sagar ', 'Provash Bokshi 2023-09-23 04:09:46', NULL),
(117, '2023-06-06', 'সম্পদ', 'ঘের', 2300, 'hr', 22600, 1, 'Uzzal ', '8', 'Deponkar', 'Provash Bokshi 2023-09-23 04:12:59', NULL),
(118, '2023-06-06', 'সম্পদ', 'ঘের', 2500, 'hr', 100000, 1, 'Uzzal ', '8', 'Sagar ', 'Provash Bokshi 2023-09-23 04:14:29', NULL),
(119, '2023-06-06', 'সম্পদ', 'ঘের', 2500, 'hr', 1400, 1, 'Uzzal ', '8', '', 'Provash Bokshi 2023-09-23 04:15:24', NULL),
(120, '2023-06-06', 'মজুর', 'সার', 2, 'person', 1000, 1, 'Uzzal ', '8', '', 'Provash Bokshi 2023-09-23 04:16:10', 2),
(121, '2023-06-06', 'খরচ', 'বিবিধ', 2, ' Ti', 2200, 1, 'Uzzal ', '8', '', 'Provash Bokshi 2023-09-23 04:17:42', 13),
(122, '2023-06-07', 'খরচ', 'তেল', 3, 'litre', 320, 1, 'Uzzal ', '8', '', 'Provash Bokshi 2023-09-23 04:19:22', NULL),
(123, '2023-06-07', 'সম্পদ', 'ঘের', 2700, 'hr', 7100, 1, 'Uzzal ', '8', 'Akash', 'Provash Bokshi 2023-09-23 04:20:23', NULL),
(124, '2023-06-07', 'সম্পদ', 'ঘের', 2500, 'hr', 50000, 1, 'Uzzal ', '8', 'Sagar ', 'Provash Bokshi 2023-09-23 04:22:17', NULL),
(125, '2023-06-09', 'সম্পদ', 'ঘের', 2300, 'hr', 32000, 1, 'উজ্জ্বল ', '8', 'Deponkar', 'Provash Bokshi 2023-09-23 04:23:44', NULL),
(126, '2023-06-07', 'খরচ', 'বিবিধ', 3, ' Ti', 1850, 1, 'Uzzal ', '8', 'খেজুর গাছ ', 'Provash Bokshi 2023-09-23 04:24:56', 13),
(127, '2023-06-07', 'সম্পদ', 'ঘের', 2700, 'hr', 63900, 1, 'Uzzal ', '8', 'Akash ', 'Provash Bokshi 2023-09-23 04:33:27', NULL),
(128, '2023-06-14', 'সম্পদ', 'মেশিন/যন্ত্রপাতি', 0, ' Ti', 1000, 1, 'Uzzal ', '10', '', 'Provash Bokshi 2023-09-23 04:41:23', 16),
(129, '2023-06-14', 'খরচ', 'বিবিধ', 1, 'person', 100, 1, 'Uzzal ', '10', '', 'Provash Bokshi 2023-09-23 04:42:19', 13),
(130, '2023-06-14', 'মজুর', 'মজুরি/বেতন', 6, 'person', 2650, 1, 'Uzzal ', '10', '', 'Provash Bokshi 2023-09-23 11:34:43', 14),
(131, '2023-06-14', 'খরচ', 'বিবিধ', 200, 'hr', 2000, 1, 'Uzzal ', '10', 'মেশিন ভাড়া ', 'Provash Bokshi 2023-09-23 11:36:14', 13),
(132, '2023-06-14', 'সম্পদ', 'ঘের', 0, 'hr', 600, 1, 'Uzzal ', '10', 'Deponkar', 'Provash Bokshi 2023-09-23 11:37:18', NULL),
(133, '2023-06-14', 'সম্পদ', 'মেশিন/যন্ত্রপাতি', 1, ' Ti', 2000, 1, 'Uzzal ', '10', '', 'Provash Bokshi 2023-09-23 11:39:54', 16),
(134, '2023-06-14', 'সম্পদ', 'ঘের', 2300, 'hr', 39000, 1, 'Uzzal ', '10', 'Deponkar', 'Provash Bokshi 2023-09-23 11:40:36', NULL),
(135, '2023-06-14', 'খরচ', 'তেল', 3, 'litre', 350, 1, 'Uzzal ', '10', '', 'Provash Bokshi 2023-09-23 11:41:24', NULL),
(136, '2023-06-18', 'সম্পদ', 'ঘের', 2500, 'hr', 18610, 1, 'Uzzal ', '10', 'Aporbo ', 'Provash Bokshi 2023-09-23 11:42:44', NULL),
(137, '2023-06-14', 'খরচ', 'বিবিধ', 0, ' Ti', 0, 1, 'উজ্জ্বল ', '১০', 'মাছের বায়না ', 'Provash Bokshi 2023-10-03 13:14:54', 13),
(138, '2023-06-18', 'সম্পদ', 'ঘের', 2200, 'hr', 35000, 1, 'Uzzal ', '11', 'Harichand', 'Provash Bokshi 2023-10-03 13:30:53', NULL),
(139, '2023-06-18', 'খরচ', 'বিবিধ', 8, 'person', 1000, 1, 'Uzzal ', '11', '', 'Provash Bokshi 2023-10-03 13:33:42', 13),
(140, '2023-06-18', 'সম্পদ', 'কালভার্ট', 0, ' Ti', 0, 1, 'Uzzal ', '11', '', 'Provash Bokshi 2023-10-03 13:37:32', 18),
(141, '2023-06-18', 'সম্পদ', 'পেঁপে', 500, ' Ti', 6600, 1, 'Uzzal ', '12', '', 'Provash Bokshi 2023-10-03 13:41:18', 19),
(142, '2023-06-18', 'সম্পদ', 'কালভার্ট', 4, ' Ti', 5000, 1, 'Uzzal ', '11', '', 'Provash Bokshi 2023-10-05 09:36:27', 18),
(143, '2023-06-14', 'খরচ', 'বিবিধ', 2, 'kg', 1000, 1, 'Uzzal ', '10', '', 'Provash Bokshi 2023-10-05 09:40:24', 13),
(144, '2023-06-20', 'সম্পদ', 'ঘের', 2200, 'hr', 22000, 1, 'Uzzal ', '11', 'Deponkar', 'Provash Bokshi 2023-10-05 09:42:47', NULL),
(145, '2023-06-20', 'খরচ', 'বিবিধ', 1, ' Ti', 150, 1, 'Uzzal ', '11', '', 'Provash Bokshi 2023-10-05 09:43:46', 13),
(146, '2023-06-20', 'সম্পদ', 'মেশিন/যন্ত্রপাতি', 3, ' Ti', 6000, 1, 'Uzzal ', '11', '', 'Provash Bokshi 2023-10-05 09:44:47', 16),
(147, '2023-06-23', 'খরচ', 'যাতায়াত', 3, 'person', 650, 1, 'Uzzal ', '11', '', 'Provash Bokshi 2023-10-05 10:32:37', 9),
(148, '2023-06-23', 'খরচ', 'বিবিধ', 2, 'person', 110, 1, 'Uzzal ', '11', '', 'Provash Bokshi 2023-10-05 10:33:20', 13),
(149, '2023-06-23', 'খরচ', 'বিবিধ', 1, 'person', 160, 1, 'Uzzal ', '11', '', 'Provash Bokshi 2023-10-05 10:34:34', 13),
(150, '2023-06-23', 'সম্পদ', 'ঘের', 2200, 'hr', 100000, 1, 'Uzzal ', '11', 'Deponkar', 'Provash Bokshi 2023-10-05 10:35:36', NULL),
(151, '2023-06-23', 'খরচ', 'বিবিধ', 5, 'person', 300, 1, 'Uzzal ', '11', '', 'Provash Bokshi 2023-10-05 10:38:30', 13),
(152, '2023-06-23', 'সম্পদ', 'ঘের', 2200, 'hr', 600, 1, 'উজ্জ্বল ', '11', 'Deponkar', 'Provash Bokshi 2023-10-05 10:39:25', NULL),
(153, '2023-06-23', 'সম্পদ', 'মেশিন/যন্ত্রপাতি', 2, ' Ti', 1000, 1, 'Uzzal ', '11', '', 'Provash Bokshi 2023-10-05 10:40:31', 16),
(154, '2023-06-24', 'সম্পদ', 'ঘের', 2200, 'hr', 22000, 1, 'Uzzal ', '11', 'Deponkar', 'Provash Bokshi 2023-10-05 10:41:25', NULL),
(155, '2023-06-24', 'খরচ', 'তেল', 110, 'litre', 22000, 1, 'Uzzal ', '12', '', 'Provash Bokshi 2023-10-05 10:43:24', NULL),
(156, '2023-06-24', 'খরচ', 'মোবিল', 6, 'litre', 1250, 1, 'Uzzal ', '12', '', 'Provash Bokshi 2023-10-05 10:47:56', 20),
(157, '2023-10-05', 'মাছের', 'খৈল', 6, 'bosta', 18000, 1, 'Uzzal ', '12', '', 'Provash Bokshi 2023-10-05 10:49:13', 7),
(158, '2023-06-25', 'সম্পদ', 'ঘের', 2200, 'hr', 5000, 1, 'Uzzal ', '12', 'Deponkar', 'Provash Bokshi 2023-10-07 07:18:15', NULL),
(159, '2023-06-25', 'খরচ', 'বিবিধ', 3, 'person', 120, 1, 'Uzzal ', '12', '', 'Provash Bokshi 2023-10-07 07:19:28', 13),
(160, '2023-06-25', 'খরচ', 'বিবিধ', 2, 'person', 900, 1, 'Uzzal ', '12', '', 'Provash Bokshi 2023-10-07 07:20:53', 13),
(161, '2023-06-25', 'মজুর', 'মজুরি/বেতন', 55, 'person', 21800, 1, 'Uzzal ', '12', '', 'Provash Bokshi 2023-10-07 07:23:00', 14),
(162, '2023-06-25', 'খরচ', 'বাঁশ', 20, ' Ti', 3500, 1, 'Uzzal ', '12', '', 'Provash Bokshi 2023-10-07 07:27:01', NULL),
(163, '2023-06-25', 'খরচ', 'যাতায়াত', 1, 'person', 150, 1, 'Uzzal ', '12', '', 'Provash Bokshi 2023-10-07 07:28:14', 9),
(164, '2023-06-25', 'সম্পদ', 'তেল', 3, 'litre', 300, 1, 'Uzzal ', '12', '', 'Provash Bokshi 2023-10-07 07:29:04', NULL),
(165, '2023-06-25', 'সম্পদ', 'মেশিন/যন্ত্রপাতি', 1, ' Ti', 1000, 1, 'Uzzal ', '12', '', 'Provash Bokshi 2023-10-07 07:30:07', 16),
(166, '2023-06-25', 'সম্পদ', 'ঘের', 2500, 'hr', 15000, 1, 'Uzzal ', '12', 'Ridoy ', 'Provash Bokshi 2023-10-07 07:32:08', NULL),
(167, '2023-06-25', 'খরচ', 'সার', 1, ' Ti', 200, 1, 'Uzzal ', '12', '', 'Provash Bokshi 2023-10-07 07:33:30', 2),
(168, '2023-06-25', 'সম্পদ', 'মেশিন/যন্ত্রপাতি', 1, ' Ti', 4870, 1, 'Uzzal ', '12', '', 'Provash Bokshi 2023-10-07 07:34:32', 16),
(169, '2023-06-25', 'খরচ', 'যাতায়াত', 1, 'person', 150, 1, 'Uzzal ', '12', '', 'Provash Bokshi 2023-10-07 07:35:30', 9),
(170, '2023-06-25', 'খরচ', 'যাতায়াত', 5, ' Ti', 2900, 1, 'Uzzal ', '12', '', 'Provash Bokshi 2023-10-07 07:36:41', 9),
(171, '2023-06-25', 'খরচ', 'বিবিধ', 5, 'person', 110, 1, 'Uzzal ', '12', '', 'Provash Bokshi 2023-10-07 07:37:41', 13),
(172, '2023-06-25', 'খরচ', 'বিবিধ', 1, 'kg', 120, 1, 'Uzzal ', '12', '', 'Provash Bokshi 2023-10-07 07:39:10', 13),
(173, '2023-06-25', 'সম্পদ', 'পিলার', 3, ' Ti', 1000, 1, 'Uzzal ', '12', '', 'Provash Bokshi 2023-10-07 07:42:31', 22),
(174, '2023-06-25', 'খরচ', 'বিবিধ', 1, ' Ti', 50, 1, 'Uzzal ', '12', '', 'Provash Bokshi 2023-10-07 07:43:14', 13),
(175, '2023-06-25', 'সম্পদ', 'মেশিন/যন্ত্রপাতি', 3, ' Ti', 2000, 1, 'Uzzal ', '12', '', 'Provash Bokshi 2023-10-07 07:44:10', 16),
(176, '2023-06-25', 'মজুর', 'মজুরি/বেতন', 4, 'person', 2000, 1, 'Uzzal ', '12', '', 'Provash Bokshi 2023-10-07 07:44:56', 14),
(177, '2023-06-26', 'খরচ', 'যাতায়াত', 2, 'person', 1250, 1, 'Uzzal ', '12', '', 'Provash Bokshi 2023-10-07 07:46:20', 9),
(178, '2023-06-26', 'সম্পদ', 'ঘের', 2200, 'hr', 11000, 1, 'Uzzal ', '12', '', 'Provash Bokshi 2023-10-07 07:47:16', NULL),
(179, '2023-06-26', 'খরচ', 'মজুরি/বেতন', 5, 'person', 300, 1, 'Uzzal ', '12', '', 'Provash Bokshi 2023-10-07 07:48:13', 14),
(180, '2023-06-26', 'খরচ', 'বিবিধ', 1, ' Ti', 50, 1, 'Uzzal ', '13', '', 'Provash Bokshi 2023-10-07 10:22:40', 13),
(181, '2023-06-26', 'খরচ', 'মজুরি/বেতন', 5, 'person', 500, 1, 'Uzzal ', '13', 'বকশিশ ', 'Provash Bokshi 2023-10-07 10:24:09', 14),
(182, '2023-06-27', 'খরচ', 'বিবিধ', 1, 'person', 35, 1, 'Uzzal ', '13', '', 'Provash Bokshi 2023-10-07 10:25:42', 13),
(183, '2023-06-27', 'সম্পদ', 'ঘের', 2200, 'hr', 126000, 1, 'Uzzal ', '13', 'Deponkar', 'Provash Bokshi 2023-10-07 10:26:41', NULL),
(184, '2023-06-27', 'খরচ', 'চুন', 7, 'bosta', 7700, 1, 'Uzzal ', '13', '', 'Provash Bokshi 2023-10-07 10:28:54', 23),
(185, '2023-06-27', 'খরচ', 'সবজির', 10, 'packet', 6750, 1, 'Uzzal ', '13', '', 'Provash Bokshi 2023-10-07 11:01:04', NULL),
(186, '2023-06-27', 'সম্পদ', 'মেশিন/যন্ত্রপাতি', 1, ' Ti', 4142, 1, 'Uzzal ', '13', '', 'Provash Bokshi 2023-10-07 11:01:59', 16),
(187, '2023-06-27', 'সম্পদ', 'হাড়ি', 4, ' Ti', 3500, 1, 'Uzzal ', '13', '', 'Provash Bokshi 2023-10-07 11:04:43', 25),
(188, '2023-06-27', 'খরচ', 'তেল', 3, 'litre', 340, 1, 'Uzzal ', '13', '', 'Provash Bokshi 2023-10-07 11:06:26', NULL),
(189, '2023-06-27', 'খরচ', 'যাতায়াত', 2, 'person', 150, 1, 'Uzzal ', '13', '', 'Provash Bokshi 2023-10-07 11:07:28', 9),
(190, '2023-06-27', 'খরচ', 'তেল', 1, 'litre', 130, 1, 'Uzzal ', '13', '', 'Provash Bokshi 2023-10-07 11:09:18', NULL),
(191, '2023-06-27', 'মজুর', 'মজুরি/বেতন', 1, 'person', 200, 1, 'Uzzal ', '13', '', 'Provash Bokshi 2023-10-07 11:10:18', 14),
(192, '2023-06-27', 'খরচ', 'যাতায়াত', 8, ' Ti', 4800, 1, 'Uzzal ', '13', '', 'Provash Bokshi 2023-10-07 11:11:27', 9),
(193, '2023-06-27', 'খরচ', 'বিবিধ', 4, 'person', 28, 1, 'Uzzal ', '13', '', 'Provash Bokshi 2023-10-07 11:12:15', 13),
(194, '2023-06-27', 'খরচ', 'যাতায়াত', 1, 'person', 140, 1, 'Uzzal ', '13', '', 'Provash Bokshi 2023-10-07 11:13:12', 9),
(195, '2023-06-27', 'খরচ', 'বিদ্যুৎ', 1, ' Ti', 1200, 1, 'Uzzal ', '13', '', 'Provash Bokshi 2023-10-07 11:14:57', NULL),
(196, '2023-06-28', 'মজুর', 'মজুরি/বেতন', 12, 'person', 4500, 1, 'Uzzal ', '13', '', 'Provash Bokshi 2023-10-07 11:21:05', 14),
(197, '2023-06-29', 'খরচ', 'মজুরি/বেতন', 10, 'person', 4000, 1, 'Uzzal ', '14', '', 'Provash Bokshi 2023-10-07 11:52:27', 14),
(198, '2023-06-29', 'খরচ', 'যাতায়াত', 1, 'person', 305, 1, 'Uzzal ', '14', '', 'Provash Bokshi 2023-10-07 11:53:17', 9),
(199, '2023-06-29', 'সম্পদ', 'পিলার', 20, ' Ti', 8212, 1, 'Uzzal ', '14', '', 'Provash Bokshi 2023-10-07 11:55:43', 22),
(200, '2023-06-29', 'খরচ', 'বিবিধ', 5, ' Ti', 60, 1, 'Uzzal ', '14', '', 'Provash Bokshi 2023-10-07 11:56:39', 13),
(201, '2023-06-29', 'সম্পদ', 'তেল', 1, 'litre', 130, 1, 'Uzzal ', '14', '', 'Provash Bokshi 2023-10-07 11:57:38', NULL),
(202, '2023-07-03', 'মজুর', 'মজুরি/বেতন', 2, 'person', 1000, 1, 'Uzzal ', '14', '', 'Provash Bokshi 2023-10-09 05:46:34', 14),
(203, '2023-07-03', 'মজুর', 'মজুরি/বেতন', 29, 'person', 11600, 1, 'Uzzal ', '14', '', 'Provash Bokshi 2023-10-09 05:47:49', 14),
(204, '2023-07-03', 'মাছের', 'খৈল', 7, 'bosta', 21700, 1, 'Uzzal ', '14', '', 'Provash Bokshi 2023-10-09 05:48:45', 7),
(205, '2023-07-03', 'মজুর', 'মজুরি/বেতন', 5, 'person', 300, 1, 'Uzzal ', '14', 'বকশিষ ', 'Provash Bokshi 2023-10-09 05:50:01', 14),
(206, '2023-07-03', 'খরচ', 'যাতায়াত', 2, ' Ti', 1400, 1, 'Uzzal ', '14', '', 'Provash Bokshi 2023-10-09 05:50:54', 9),
(207, '2023-07-05', 'সম্পদ', 'মেশিন/যন্ত্রপাতি', 1, ' Ti', 2700, 1, 'Uzzal ', '14', 'মটর যন্ত্রাংশ ', 'Provash Bokshi 2023-10-09 05:52:39', 16),
(208, '2023-07-05', 'খরচ', 'যাতায়াত', 1, 'person', 150, 1, 'Uzzal ', '14', '', 'Provash Bokshi 2023-10-09 05:53:29', 9),
(209, '2023-06-06', 'মজুর', 'মজুরি/বেতন', 49, 'person', 19600, 1, 'Uzzal ', '14', '', 'Provash Bokshi 2023-10-09 05:54:57', 14),
(210, '2023-07-06', 'খরচ', 'বিবিধ', 30, 'packet', 144, 1, 'Uzzal ', '14', 'স্যালাইন ', 'Provash Bokshi 2023-10-09 05:56:58', 13),
(211, '2023-07-06', 'খরচ', 'মজুরি/বেতন', 1, 'person', 500, 1, 'Uzzal ', '15', '', 'Provash Bokshi 2023-10-09 05:58:49', 14),
(212, '2023-07-07', 'খরচ', 'পলিথিন', 14.8, 'kg', 2800, 1, 'Uzzal ', '15', '', 'Provash Bokshi 2023-10-09 06:01:22', 27),
(213, '2023-07-07', 'খরচ', 'বিবিধ', 1, ' Ti', 110, 1, 'Uzzal ', '14', 'সুতা', 'Provash Bokshi 2023-10-09 06:07:43', 13),
(214, '2023-07-07', 'খরচ', 'চুন', 4, 'bosta', 4520, 1, 'Uzzal ', '14', '', 'Provash Bokshi 2023-10-09 06:08:58', 23),
(215, '2023-07-07', 'খরচ', 'তেল', 1, 'litre', 130, 1, 'Uzzal ', '14', '', 'Provash Bokshi 2023-10-09 06:10:07', NULL),
(216, '2023-07-08', 'সম্পদ', 'মেশিন/যন্ত্রপাতি', 1, ' Ti', 1200, 1, 'Uzzal ', '15', '', 'Provash Bokshi 2023-10-09 06:15:42', 16),
(217, '2023-07-08', 'মাছের', 'খৈল', 7, 'bosta', 21700, 1, 'Uzzal ', '14', '', 'Provash Bokshi 2023-10-09 06:16:35', 7),
(218, '2023-07-08', 'খরচ', 'যাতায়াত', 1, ' Ti', 600, 1, 'Uzzal ', '15', '', 'Provash Bokshi 2023-10-09 06:17:34', 9),
(219, '2023-07-08', 'খরচ', 'মজুরি/বেতন', 5, 'person', 300, 1, 'Uzzal ', '14', 'বকশিষ ', 'Provash Bokshi 2023-10-09 06:18:51', 14),
(220, '2023-07-08', 'খরচ', 'তেল', 2, 'litre', 250, 1, 'Uzzal ', '15', '', 'Provash Bokshi 2023-10-09 06:20:02', NULL),
(221, '2023-07-08', 'খরচ', 'বিবিধ', 3, 'bosta', 50, 1, 'Uzzal ', '15', 'বস্তা ক্রয়', 'Provash Bokshi 2023-10-09 06:21:46', 13),
(222, '2023-07-09', 'সম্পদ', 'মেশিন/যন্ত্রপাতি', 3, ' Ti', 2860, 1, 'Uzzal ', '15', '', 'Provash Bokshi 2023-10-09 06:22:52', 16),
(223, '2023-07-09', 'সম্পদ', 'মজুরি/বেতন', 60, ' Ti', 24000, 1, 'Uzzal ', '15', '', 'Provash Bokshi 2023-10-09 06:24:04', 14),
(224, '2023-07-09', 'খরচ', 'বিবিধ', 5, ' Ti', 260, 1, 'Uzzal ', '15', 'বিড়ি, সিগারেট, টেপ', 'Provash Bokshi 2023-10-09 06:25:29', 13),
(225, '2023-07-12', 'খরচ', 'যাতায়াত', 2, ' Ti', 1200, 1, 'Uzzal ', '15', '', 'Provash Bokshi 2023-10-09 10:34:20', 9),
(226, '2023-07-12', 'মজুর', 'মজুরি/বেতন', 5, 'person', 415, 1, 'Uzzal ', '15', 'বকশিষ ', 'Provash Bokshi 2023-10-09 10:36:14', 14),
(227, '2023-07-12', 'মজুর', 'মজুরি/বেতন', 1, 'person', 100, 1, 'Uzzal ', '15', 'বকশিষ ', 'Provash Bokshi 2023-10-09 10:41:26', 14),
(228, '2023-07-12', 'খরচ', 'যাতায়াত', 1, 'person', 600, 1, 'Uzzal ', '15', '', 'Provash Bokshi 2023-10-09 10:42:25', 9),
(229, '2023-07-13', 'মাছের', 'খৈল', 7, 'bosta', 22050, 1, 'Uzzal ', '16', '', 'Provash Bokshi 2023-10-09 10:48:06', 7),
(230, '2023-07-13', 'খরচ', 'বালি', 1, ' Ti', 5500, 1, 'Uzzal ', '16', 'এক গাড়ি ', 'Provash Bokshi 2023-10-09 10:50:19', 28),
(231, '2023-07-13', 'খরচ', 'উকুন', 2, 'kg', 1940, 1, 'Uzzal ', '16', 'বারুদ, ', 'Provash Bokshi 2023-10-09 10:56:36', NULL),
(232, '2023-07-14', 'খরচ', 'মোবিল', 1, 'person', 200, 1, 'Uzzal ', '16', 'হরিচান ', 'Provash Bokshi 2023-10-09 10:59:36', 20),
(233, '2023-07-14', 'খরচ', 'মজুরি/বেতন', 5, 'person', 200, 1, 'Uzzal ', '16', 'বকশিষ ', 'Provash Bokshi 2023-10-09 11:01:21', 14),
(234, '2023-07-14', 'খরচ', 'সবজির', 20, 'kg', 700, 1, 'Uzzal ', '16', 'আলুর বীজ ', 'Provash Bokshi 2023-10-10 06:17:29', NULL),
(235, '2023-07-15', 'খরচ', 'যাতায়াত', 3, ' Ti', 1800, 1, 'Uzzal ', '16', '', 'Provash Bokshi 2023-10-10 06:19:41', 9),
(236, '2023-07-15', 'খরচ', 'মজুরি/বেতন', 2, 'person', 300, 1, 'Uzzal ', '16', 'বকশিষ ', 'Provash Bokshi 2023-10-10 06:20:51', 14),
(237, '2023-07-15', 'খরচ', 'মজুরি/বেতন', 1, 'person', 150, 1, 'Uzzal ', '16', 'বকশিষ ', 'Provash Bokshi 2023-10-10 06:39:18', 14),
(238, '2023-07-15', 'খরচ', 'বাঁশ', 50, ' Ti', 7500, 1, 'Uzzal ', '16', '', 'Provash Bokshi 2023-10-10 06:41:08', NULL),
(239, '2023-07-16', 'মজুর', 'মজুরি/বেতন', 66, 'person', 26400, 1, 'Uzzal ', '16', '', 'Provash Bokshi 2023-10-10 06:42:07', 14),
(240, '2023-07-16', 'খরচ', 'বিবিধ', 10, 'packet', 200, 1, 'Uzzal ', '16', '', 'Provash Bokshi 2023-10-10 06:46:56', 13),
(241, '2023-07-16', 'মজুর', 'মজুরি/বেতন', 2, 'person', 1000, 1, 'উজ্জ্বল ', '16', '', 'Provash Bokshi 2023-10-10 06:48:06', 14),
(242, '2023-07-16', 'খরচ', 'ইলেকট্রনিক্স', 2, ' Ti', 770, 1, 'Uzzal ', '16', 'জি,আই, তার ', 'Provash Bokshi 2023-10-10 06:52:18', 31),
(243, '2023-07-16', 'খরচ', 'মজুরি/বেতন', 1, 'person', 200, 1, 'Uzzal ', '16', '', 'Provash Bokshi 2023-10-10 06:53:17', 14),
(244, '2023-07-16', 'খরচ', 'যাতায়াত', 1, ' Ti', 600, 1, 'Uzzal ', '16', '', 'Provash Bokshi 2023-10-10 06:54:06', 9),
(245, '2023-07-16', 'খরচ', 'বিবিধ', 1, ' Ti', 110, 1, 'Uzzal ', '16', 'দড়ি', 'Provash Bokshi 2023-10-10 06:56:49', 13),
(246, '2023-07-29', 'মাছের', 'খৈল', 5, 'bosta', 15500, 1, 'Uzzal ', '16', '', 'Provash Bokshi 2023-10-10 06:57:43', 7),
(247, '2023-07-09', 'সম্পদ', 'বিবিধ', 1, ' Ti', 150, 1, 'Uzzal ', '16', 'মিলানোর জন্য ', 'Provash Bokshi 2023-10-15 04:38:01', 13),
(248, '2023-07-18', 'খরচ', 'তেল', 1.5, 'litre', 230, 1, 'Uzzal ', '17', '', 'Provash Bokshi 2023-10-15 11:05:20', NULL),
(249, '2023-07-18', 'খরচ', 'ইলেকট্রনিক্স', 1, ' Ti', 690, 1, 'Uzzal ', '17', '', 'Provash Bokshi 2023-10-15 11:06:33', 31),
(250, '2023-07-18', 'খরচ', 'যাতায়াত', 1, 'person', 100, 1, 'Uzzal ', '17', '', 'Provash Bokshi 2023-10-15 11:08:00', 9),
(251, '2023-07-18', 'সম্পদ', 'ইলেকট্রনিক্স', 2, ' Ti', 1110, 1, 'Uzzal ', '17', '', 'Provash Bokshi 2023-10-15 11:14:14', 31),
(252, '2023-07-18', 'খরচ', 'বিবিধ', 4, 'person', 20, 1, 'Uzzal ', '17', '', 'Provash Bokshi 2023-10-15 11:19:56', 13),
(253, '2023-07-19', 'মজুর', 'মজুরি/বেতন', 10, 'person', 4000, 1, 'Uzzal ', '17', '', 'Provash Bokshi 2023-10-15 11:21:24', 14),
(254, '2023-07-19', 'খরচ', 'বিবিধ', 1, ' Ti', 2000, 1, 'Uzzal ', '17', 'বোরিং ওয়াশ ', 'Provash Bokshi 2023-10-15 11:23:56', 13),
(255, '2023-07-20', 'খরচ', 'বিবিধ', 1, ' Ti', 190, 1, 'Uzzal ', '17', 'বিড়ি, সিগারেটে', 'Provash Bokshi 2023-10-15 11:25:24', 13),
(256, '2023-07-20', 'সম্পদ', 'মেশিন/যন্ত্রপাতি', 1, ' Ti', 8000, 1, 'Uzzal ', '17', 'মোটর বাঁধানো ', 'Provash Bokshi 2023-10-15 11:27:06', 16),
(257, '2023-07-20', 'মজুর', 'মজুরি/বেতন', 52, 'person', 20800, 1, 'Uzzal ', '17', '', 'Provash Bokshi 2023-10-15 11:28:12', 14),
(258, '2023-07-20', 'খরচ', 'মেশিন/যন্ত্রপাতি', 1, ' Ti', 300, 1, 'Uzzal ', '17', '', 'Provash Bokshi 2023-10-15 11:31:34', 16),
(259, '2023-07-20', 'খরচ', 'বিদ্যুৎ', 1, ' Ti', 1320, 1, 'Uzzal ', '17', '', 'Provash Bokshi 2023-10-15 11:33:23', NULL),
(260, '2023-07-24', 'খরচ', 'মেশিন/যন্ত্রপাতি', 1, ' Ti', 1300, 1, 'Uzzal ', '17', '', 'Provash Bokshi 2023-10-15 11:34:15', 16),
(261, '2023-07-20', 'মাছের', 'খৈল', 7, 'bosta', 22000, 1, 'Uzzal ', '17', '', 'Provash Bokshi 2023-10-15 11:35:18', 7),
(262, '2023-07-24', 'সম্পদ', 'মেশিন/যন্ত্রপাতি', 1, ' Ti', 3000, 1, 'Uzzal ', '17', '', 'Provash Bokshi 2023-10-15 11:36:29', 16),
(263, '2023-07-24', 'মজুর', 'মজুরি/বেতন', 37, 'person', 14800, 1, 'Uzzal ', '17', '', 'Provash Bokshi 2023-10-15 11:37:53', 14),
(264, '2023-07-24', 'খরচ', 'যাতায়াত', 1, 'person', 200, 1, 'Uzzal ', '17', 'মাছের গাড়ি', 'Provash Bokshi 2023-10-15 11:40:39', 9),
(265, '2023-07-24', 'মজুর', 'মজুরি/বেতন', 1, 'person', 400, 1, 'Uzzal ', '17', '', 'Provash Bokshi 2023-10-15 11:42:05', 14),
(266, '2023-07-17', 'খরচ', 'সবজির', 80, ' Ti', 230, 1, 'Uzzal ', '17', '', 'Provash Bokshi 2023-10-15 11:43:57', NULL),
(267, '2023-07-27', 'খরচ', 'যাতায়াত', 2, 'person', 400, 1, 'Uzzal ', '17', '', 'Provash Bokshi 2023-10-15 11:45:12', 9),
(268, '2023-07-31', 'মজুর', 'মজুরি/বেতন', 1, 'person', 400, 1, 'Uzzal ', '17', '', 'Provash Bokshi 2023-10-16 08:28:33', 14),
(269, '2023-07-31', 'মজুর', 'মজুরি/বেতন', 1, 'person', 400, 1, 'Uzzal ', '17', '', 'Provash Bokshi 2023-10-17 04:50:03', 14),
(270, '2023-07-30', 'মাছের', 'খৈল', 6, 'bosta', 19800, 1, 'Uzzal ', '17', '', 'Provash Bokshi 2023-10-17 04:51:55', 7),
(271, '2023-07-25', 'মাছের', 'খৈল', 2, 'bosta', 6600, 1, 'Uzzal ', '17', '', 'Provash Bokshi 2023-10-17 04:53:04', 7),
(272, '2023-07-04', 'মজুর', 'মজুরি/বেতন', 3, 'person', 1200, 1, 'Uzzal ', '17', '', 'Provash Bokshi 2023-10-17 04:54:03', 14),
(273, '2023-08-04', 'মজুর', 'মজুরি/বেতন', 1, 'person', 1000, 1, 'Uzzal ', '17', '', 'Provash Bokshi 2023-10-17 06:57:04', 14),
(274, '2023-08-04', 'সম্পদ', 'মেশিন/যন্ত্রপাতি', 1, ' Ti', 120, 1, 'Uzzal ', '17', '', 'Provash Bokshi 2023-10-17 06:58:44', 16),
(275, '2023-08-05', 'সম্পদ', 'সেচ', 2, ' Ti', 30000, 1, 'Uzzal ', '17', '', 'Provash Bokshi 2023-10-17 07:01:19', NULL),
(276, '2023-08-05', 'মজুর', 'মজুরি/বেতন', 3, 'person', 1300, 1, 'Uzzal ', '17', '', 'Provash Bokshi 2023-10-17 07:02:09', 14),
(277, '2023-08-07', 'সম্পদ', 'যাতায়াত', 1, ' Ti', 600, 1, 'Uzzal ', '18', '', 'Provash Bokshi 2023-10-17 07:04:33', 9),
(278, '2023-08-07', 'মজুর', 'মজুরি/বেতন', 1, 'person', 500, 1, 'Uzzal ', '18', '', 'Provash Bokshi 2023-10-17 07:05:20', 14),
(279, '2023-08-10', 'মজুর', 'মজুরি/বেতন', 1, 'person', 2000, 1, 'Uzzal ', '18', '', 'Provash Bokshi 2023-10-17 07:06:22', 14),
(280, '2023-08-11', 'সম্পদ', 'তেল', 200, 'litre', 2200, 1, 'Uzzal ', '18', '', 'Provash Bokshi 2023-10-17 07:08:04', NULL),
(281, '2023-08-11', 'খরচ', 'ইলেকট্রনিক্স', 3, ' Ti', 1250, 1, 'Uzzal ', '18', '', 'Provash Bokshi 2023-10-17 07:09:44', 31),
(282, '2023-08-11', 'মাছের', 'খৈল', 7, 'bosta', 23100, 1, 'Uzzal ', '18', '', 'Provash Bokshi 2023-10-17 07:10:38', 7),
(283, '2023-08-12', 'সম্পদ', 'মেশিন/যন্ত্রপাতি', 1, ' Ti', 280, 1, 'Uzzal ', '18', '', 'Provash Bokshi 2023-10-17 07:11:46', 16),
(284, '2023-08-19', 'খরচ', 'বিবিধ', 1, ' Ti', 116, 1, 'Uzzal ', '18', 'তেল টানা পাইপ ', 'Provash Bokshi 2023-10-17 07:13:10', 13),
(285, '2023-08-12', 'সম্পদ', 'হাসুয়া', 1, ' Ti', 330, 1, 'Uzzal ', '18', '', 'Provash Bokshi 2023-10-17 07:15:21', 33),
(286, '2023-08-12', 'খরচ', 'যাতায়াত', 1, 'person', 40, 1, 'Uzzal ', '18', '', 'Provash Bokshi 2023-10-17 07:16:16', 9),
(287, '2023-08-13', 'সম্পদ', 'টিন', 40, ' Ti', 25900, 1, 'Uzzal ', '18', '', 'Provash Bokshi 2023-10-17 07:21:59', 34),
(288, '2023-08-13', 'খরচ', 'যাতায়াত', 1, 'person', 500, 1, 'Uzzal ', '18', 'টিন পরিবহন ', 'Provash Bokshi 2023-10-17 07:23:30', 9),
(289, '2023-08-15', 'খরচ', 'সবজির', 381, ' Ti', 4150, 1, 'Uzzal ', '18', 'টমেটো চারা', 'Provash Bokshi 2023-10-17 07:26:06', NULL),
(290, '2023-08-16', 'মজুর', 'মজুরি/বেতন', 2, 'person', 2000, 1, 'Uzzal ', '18', '', 'Provash Bokshi 2023-10-17 07:27:22', 14),
(291, '2023-08-18', 'সম্পদ', 'বোরিং', 1, ' Ti', 44560, 1, 'Uzzal ', '18', '', 'Provash Bokshi 2023-10-17 07:30:05', 35),
(292, '2023-08-18', 'খরচ', 'বিবিধ', 1, ' Ti', 220, 1, 'Uzzal ', '18', 'দড়ি ', 'Provash Bokshi 2023-10-17 07:32:32', 13),
(293, '2023-08-19', 'মজুর', 'মজুরি/বেতন', 2, 'person', 1000, 1, 'Uzzal ', '20', '', 'Provash Bokshi 2023-10-17 07:34:19', 14),
(294, '2023-08-20', 'সম্পদ', 'বোরিং', 35, ' Ti', 5300, 1, 'Uzzal ', '18', 'কুচি, টি যায়গায় ফুট ', 'Provash Bokshi 2023-10-17 08:01:49', 35),
(295, '2023-08-20', 'সম্পদ', 'বোরিং', 4, 'kg', 580, 1, 'Uzzal ', '18', '', 'Provash Bokshi 2023-10-17 08:04:13', 35),
(296, '2023-08-20', 'সম্পদ', 'বোরিং', 3, 'kg', 420, 1, 'Uzzal ', '18', 'দই', 'Provash Bokshi 2023-10-17 08:23:10', 35),
(297, '2023-08-20', 'সম্পদ', 'বোরিং', 2, 'kg', 480, 1, 'Uzzal ', '18', 'মিষ্টি ', 'Provash Bokshi 2023-10-17 08:24:08', 35),
(298, '2023-08-20', 'সম্পদ', 'বোরিং', 20, 'bosta', 200, 1, 'Uzzal ', '18', '', 'Provash Bokshi 2023-10-17 08:25:41', 35),
(299, '2023-08-20', 'সম্পদ', 'বোরিং', 1, ' Ti', 13500, 1, 'Uzzal ', '18', '', 'Provash Bokshi 2023-10-17 08:26:45', 35),
(300, '2023-08-20', 'সম্পদ', 'বোরিং', 1, 'person', 100, 1, 'Uzzal ', '18', 'বকশিষ ', 'Provash Bokshi 2023-10-17 08:27:31', 35),
(301, '2023-08-20', 'সম্পদ', 'বোরিং', 1, 'kg', 115, 1, 'Uzzal ', '18', 'ডাল', 'Provash Bokshi 2023-10-17 08:28:15', 35),
(302, '2023-08-20', 'সম্পদ', 'বোরিং', 20, ' Ti', 305, 1, 'Uzzal ', '18', '', 'Provash Bokshi 2023-10-17 08:29:22', 35),
(303, '2023-08-20', 'সম্পদ', 'বোরিং', 3, 'kg', 160, 1, 'Uzzal ', '20', 'চাল', 'Provash Bokshi 2023-10-17 08:30:21', 35),
(304, '2023-08-20', 'সম্পদ', 'বোরিং', 1.5, 'kg', 300, 1, '', '18', 'সরিষা তেল ', 'Provash Bokshi 2023-10-17 08:32:59', 35),
(305, '2023-08-23', 'মজুর', 'মজুরি/বেতন', 2, 'person', 800, 1, 'Uzzal ', '18', '', 'Provash Bokshi 2023-10-17 08:33:51', 14),
(306, '2023-08-23', 'খরচ', 'যাতায়াত', 1, 'person', 200, 1, 'Uzzal ', '19', '', 'Provash Bokshi 2023-10-17 10:53:15', 9),
(307, '2023-08-23', 'খরচ', 'বিবিধ', 1, 'kg', 150, 1, 'Uzzal ', '19', '', 'Provash Bokshi 2023-10-17 10:55:09', 13),
(308, '2023-08-22', 'খরচ', 'তেল', 200, 'litre', 21800, 1, 'Uzzal ', '19', '', 'Provash Bokshi 2023-10-17 10:56:35', NULL),
(309, '2023-08-22', 'খরচ', 'মোবিল', 5, 'litre', 1250, 1, 'উজ্জ্বল ', '19', '', 'Provash Bokshi 2023-10-17 10:57:47', 20),
(310, '2023-08-22', 'মাছের', 'যাতায়াত', 1, 'person', 1000, 1, 'Uzzal ', '19', '', 'Provash Bokshi 2023-10-17 10:58:49', 9),
(311, '2023-08-22', 'খরচ', 'যাতায়াত', 1, ' Ti', 600, 1, 'Uzzal ', '19', '', 'Provash Bokshi 2023-10-18 04:47:17', 9),
(312, '2023-08-10', 'মজুর', 'মজুরি/বেতন', 1, 'person', 500, 1, 'Uzzal ', '19', '', 'Provash Bokshi 2023-10-18 04:48:42', 14),
(313, '2023-08-24', 'মজুর', 'মজুরি/বেতন', 1, 'person', 1000, 1, 'Uzzal ', '19', '', 'Provash Bokshi 2023-10-18 04:49:58', 14),
(314, '2023-08-24', 'খরচ', 'মজুরি/বেতন', 1, 'person', 1500, 1, 'Uzzal ', '19', '', 'Provash Bokshi 2023-10-18 04:50:56', 14),
(315, '2023-08-24', 'খরচ', 'চুন', 40, 'bosta', 45600, 1, 'Uzzal ', '19', '', 'Provash Bokshi 2023-10-18 04:53:03', 23),
(316, '2023-08-15', 'খরচ', 'যাতায়াত', 1, ' Ti', 600, 1, 'Uzzal ', '19', '', 'Provash Bokshi 2023-10-18 04:54:20', 9),
(317, '2023-08-27', 'খরচ', 'বিবিধ', 7, ' Ti', 40, 1, 'Uzzal ', '19', 'কলম', 'Provash Bokshi 2023-10-18 04:55:34', 13),
(318, '2023-08-27', 'মজুর', 'মজুরি/বেতন', 8, '---', 3100, 1, 'Uzzal ', '19', '', 'Provash Bokshi 2023-10-18 04:56:44', 14),
(319, '2023-08-28', 'মজুর', 'মজুরি/বেতন', 5, 'person', 2000, 1, 'Uzzal ', '19', '', 'Provash Bokshi 2023-10-18 04:58:11', 14),
(320, '2023-08-28', 'মজুর', 'মজুরি/বেতন', 2, 'person', 800, 1, 'Uzzal ', '19', '', 'Provash Bokshi 2023-10-18 04:58:58', 14),
(321, '2023-08-29', 'খরচ', 'তেল', 200, 'litre', 21815, 1, 'Uzzal ', '19', '', 'Provash Bokshi 2023-10-18 05:02:56', NULL),
(322, '2023-08-29', 'খরচ', 'যাতায়াত', 1, 'person', 100, 1, 'Uzzal ', '19', '', 'Provash Bokshi 2023-10-18 05:03:50', 9),
(323, '2023-08-10', 'খরচ', 'বিবিধ', 5, 'person', 200, 1, 'Uzzal ', '19', 'বকশিষ ', 'Provash Bokshi 2023-10-18 05:05:03', 13),
(324, '2023-08-26', 'সম্পদ', 'তালা', 1, ' Ti', 350, 1, 'Uzzal ', '19', '', 'Provash Bokshi 2023-10-18 05:06:15', 10),
(325, '2023-08-26', 'সম্পদ', 'মেশিন/যন্ত্রপাতি', 1, ' Ti', 1400, 1, 'Uzzal ', '19', '', 'Provash Bokshi 2023-10-18 05:08:05', 16),
(326, '2023-08-26', 'মজুর', 'মজুরি/বেতন', 5, 'person', 200, 1, 'Uzzal ', '19', '', 'Provash Bokshi 2023-10-18 05:09:06', 14),
(327, '2023-08-26', 'মজুর', 'মজুরি/বেতন', 6, 'person', 3800, 1, 'Uzzal ', '19', '', 'Provash Bokshi 2023-10-18 05:11:32', 14),
(328, '2023-08-26', 'মজুর', 'মজুরি/বেতন', 2, 'person', 900, 1, 'Uzzal ', '19', '', 'Provash Bokshi 2023-10-18 05:12:31', 14),
(329, '2023-08-26', 'খরচ', 'বিবিধ', 1, 'bosta', 534, 1, 'Uzzal ', '19', 'খেলা পরিবর্তন ', 'Provash Bokshi 2023-10-18 05:14:33', 13),
(330, '2023-08-29', 'মজুর', 'মজুরি/বেতন', 6, 'person', 3160, 1, 'Uzzal ', '19', '', 'Provash Bokshi 2023-10-18 05:17:15', 14),
(331, '2023-08-29', 'খরচ', 'বিদ্যুৎ', 1, ' Ti', 554, 1, 'Uzzal ', '19', '', 'Provash Bokshi 2023-10-18 05:18:29', NULL),
(332, '2023-08-31', 'মজুর', 'মজুরি/বেতন', 6, 'person', 2400, 1, 'Uzzal ', '19', '', 'Provash Bokshi 2023-10-18 05:19:21', 14),
(333, '2023-08-30', 'মাছের', 'লিটার', 50, 'bosta', 5000, 1, 'Uzzal ', '19', '', 'Provash Bokshi 2023-10-18 05:25:40', 36),
(334, '2023-08-31', 'খরচ', 'বিবিধ', 1, 'packet', 60, 1, 'Uzzal ', '19', 'গিরিশ ', 'Provash Bokshi 2023-10-18 05:27:50', 13),
(335, '2023-08-31', 'খরচ', 'বিবিধ', 1, ' Ti', 50, 1, 'Uzzal ', '19', 'দড়ি ', 'Provash Bokshi 2023-10-18 05:28:51', 13),
(336, '2023-08-31', 'মজুর', 'মজুরি/বেতন', 1, 'person', 10000, 1, 'Uzzal ', '20', '', 'Provash Bokshi 2023-10-18 05:30:22', 14),
(337, '2023-08-31', 'মজুর', 'মজুরি/বেতন', 1, 'person', 400, 1, 'Uzzal ', '19', '', 'Provash Bokshi 2023-10-18 05:31:26', 14),
(338, '2023-08-31', 'খরচ', 'বিবিধ', 4, 'person', 20, 1, 'Uzzal ', '20', 'চা ', 'Provash Bokshi 2023-10-18 05:32:38', 13),
(339, '2023-08-31', 'খরচ', 'বিবিধ', 1, ' Ti', 60, 1, 'Uzzal ', '20', 'রিং, টেপ ', 'Provash Bokshi 2023-10-18 05:33:44', 13),
(340, '2023-08-19', 'খরচ', 'বাঁশ', 22, ' Ti', 3300, 1, 'Uzzal ', '20', '', 'Provash Bokshi 2023-10-18 05:35:16', NULL),
(341, '2023-08-19', 'খরচ', 'বাঁশ', 7, ' Ti', 1000, 1, 'Uzzal ', '20', '', 'Provash Bokshi 2023-10-18 05:36:15', NULL),
(342, '2023-08-20', 'খরচ', 'বিবিধ', 2, ' Ti', 2000, 1, 'Uzzal ', '20', 'খেজুর গাছ ', 'Provash Bokshi 2023-10-18 05:37:17', 13),
(343, '2023-09-02', 'খরচ', 'বিবিধ', 5, 'person', 1000, 1, 'Uzzal ', '20', 'বকশিষ ', 'Provash Bokshi 2023-10-18 07:48:02', 13),
(344, '2023-09-02', 'খরচ', 'যাতায়াত', 6, ' Ti', 3500, 1, 'Uzzal ', '20', '', 'Provash Bokshi 2023-10-18 07:49:01', 9),
(345, '2023-09-04', 'খরচ', 'বিবিধ', 1, 'person', 100, 1, 'Uzzal ', '20', 'বকশিষ ', 'Provash Bokshi 2023-10-18 07:49:59', 13),
(346, '2023-09-04', 'মাছের', 'লিটার', 100, 'bosta', 10000, 1, 'Uzzal ', '20', '', 'Provash Bokshi 2023-10-18 07:51:05', 36),
(347, '2023-09-04', 'মজুর', 'মজুরি/বেতন', 10, 'person', 4000, 1, 'Uzzal ', '20', '', 'Provash Bokshi 2023-10-18 07:51:50', 14),
(348, '2023-09-06', 'খরচ', 'বিবিধ', 2, 'person', 400, 1, 'Uzzal ', '20', '', 'Provash Bokshi 2023-10-18 07:52:38', 13),
(349, '2023-09-06', 'খরচ', 'বিবিধ', 2, 'person', 39, 1, 'Uzzal ', '20', 'নাস্তা ', 'Provash Bokshi 2023-10-18 07:53:47', 13),
(350, '2023-09-08', 'খরচ', 'মজুরি/বেতন', 1, 'person', 900, 1, 'Uzzal ', '20', 'লিটার পরিবহন ', 'Provash Bokshi 2023-10-18 07:55:16', 14),
(351, '2023-09-08', 'খরচ', 'বিবিধ', 15, 'kg', 2000, 1, 'Uzzal ', '20', 'জি,আই, তার ', 'Provash Bokshi 2023-10-18 07:57:32', 13),
(352, '2023-09-08', 'খরচ', 'নেট,', 13, 'kg', 17800, 1, 'Uzzal ', '20', '', 'Provash Bokshi 2023-10-18 07:59:50', NULL),
(353, '2023-09-08', 'খরচ', 'ছিয়ে', 2, ' Ti', 500, 1, 'Uzzal ', '20', '', 'Provash Bokshi 2023-10-18 08:04:34', 38),
(354, '2023-09-08', 'খরচ', 'বিবিধ', 1, ' Ti', 110, 1, 'Uzzal ', '20', '', 'Provash Bokshi 2023-10-18 08:07:10', 13),
(355, '2023-09-08', 'মাছের', 'খৈল', 4, 'bosta', 13800, 1, 'Uzzal ', '20', '', 'Provash Bokshi 2023-10-18 08:09:17', 7),
(356, '2023-10-06', 'খরচ', 'বিবিধ', 1, ' Ti', 50, 1, 'Uzzal ', '20', 'জল ভরা ', 'Provash Bokshi 2023-10-18 08:11:12', 13),
(357, '2023-09-08', 'খরচ', 'যাতায়াত', 1, ' Ti', 350, 1, 'Uzzal ', '20', '', 'Provash Bokshi 2023-10-18 08:12:00', 9),
(358, '2023-09-09', 'খরচ', 'যাতায়াত', 1, ' Ti', 1200, 1, 'Uzzal ', '20', '', 'Provash Bokshi 2023-10-18 08:13:00', 9),
(359, '2023-09-02', 'সম্পদ', 'মেশিন/যন্ত্রপাতি', 1, ' Ti', 1480, 1, 'Uzzal ', '20', '', 'Provash Bokshi 2023-10-18 08:27:00', 16),
(360, '2023-09-02', 'সম্পদ', 'মেশিন/যন্ত্রপাতি', 1, ' Ti', 100, 1, 'Uzzal ', '21', '', 'Provash Bokshi 2023-10-18 08:28:11', 16),
(361, '2023-09-09', 'মজুর', 'মজুরি/বেতন', 5, 'person', 2000, 1, 'Uzzal ', '21', '', 'Provash Bokshi 2023-10-18 08:29:01', 14),
(362, '2023-09-10', 'মজুর', 'মজুরি/বেতন', 42, 'person', 16800, 1, 'Provash', '21', '', 'Provash Bokshi 2023-10-18 08:30:26', 14),
(363, '2023-09-11', 'খরচ', 'বাঁশ', 40, ' Ti', 6400, 1, 'Provash', '21', '', 'Provash Bokshi 2023-10-18 08:31:46', NULL),
(364, '2023-09-11', 'খরচ', 'বিদ্যুৎ', 1, ' Ti', 115, 1, 'Uzzal ', '21', '', 'Provash Bokshi 2023-10-18 08:33:02', NULL),
(365, '2023-09-11', 'সম্পদ', 'সবজির', 5, 'packet', 1300, 1, 'Provash', '21', '', 'Provash Bokshi 2023-10-18 08:33:57', NULL),
(366, '2023-09-11', 'মাছের', 'সার', 2, 'bosta', 2500, 1, 'Provash', '21', '', 'Provash Bokshi 2023-10-18 08:35:35', 2),
(367, '2023-09-11', 'খরচ', 'বিদ্যুৎ', 1, ' Ti', 9880, 1, 'Provash', '21', '', 'Provash Bokshi 2023-10-18 08:36:21', NULL),
(368, '2023-09-11', 'মজুর', 'মজুরি/বেতন', 24, 'person', 9600, 1, 'Provash', '21', '', 'Provash Bokshi 2023-10-18 08:38:06', 14),
(369, '2023-09-11', 'সম্পদ', 'মেশিন/যন্ত্রপাতি', 1, ' Ti', 8380, 1, 'Provash', '21', '', 'Provash Bokshi 2023-10-18 08:38:58', 16),
(370, '2023-09-11', 'মজুর', 'মজুরি/বেতন', 28, 'person', 11200, 1, 'Provash', '21', '', 'Provash Bokshi 2023-10-18 08:40:31', 14),
(371, '2023-09-11', 'মজুর', 'মজুরি/বেতন', 3, 'person', 1200, 1, 'Provash', '21', '', 'Provash Bokshi 2023-10-18 11:31:11', 14),
(372, '2023-09-11', 'মজুর', 'মজুরি/বেতন', 3, 'person', 1300, 1, 'Provash', '21', '', 'Provash Bokshi 2023-10-18 11:32:33', 14),
(373, '2023-09-12', 'খরচ', 'ফিটকিরি', 1, 'bosta', 2450, 1, 'Provash', '21', '', 'Provash Bokshi 2023-10-18 11:34:14', 39),
(374, '2023-09-14', 'খরচ', 'বিবিধ', 5, 'person', 200, 1, 'Provash', '21', 'বকশিষ ', 'Provash Bokshi 2023-10-18 11:35:16', 13),
(375, '2023-09-14', 'সম্পদ', 'যাতায়াত', 1, ' Ti', 500, 1, 'Provash', '21', '', 'Provash Bokshi 2023-10-18 11:36:16', 9),
(376, '2023-09-14', 'সম্পদ', 'মেশিন/যন্ত্রপাতি', 1, ' Ti', 250, 1, 'Provash', '21', '', 'Provash Bokshi 2023-10-18 11:37:19', 16),
(377, '2023-09-14', 'খরচ', 'যাতায়াত', 1, ' Ti', 150, 1, 'Provash', '21', '', 'Provash Bokshi 2023-10-18 11:39:09', 9),
(378, '2023-09-12', 'সম্পদ', 'ইট', 100, ' Ti', 1050, 1, 'Provash', '21', '', 'Provash Bokshi 2023-10-18 11:41:24', 40),
(379, '2023-09-12', 'খরচ', 'যাতায়াত', 1, ' Ti', 100, 1, 'Provash', '21', '', 'Provash Bokshi 2023-10-18 11:42:46', 9),
(380, '2023-09-12', 'খরচ', 'সার', 5, 'bosta', 5620, 1, 'Provash', '21', '', 'Provash Bokshi 2023-10-18 11:44:28', 2),
(381, '2023-09-12', 'খরচ', 'যাতায়াত', 1, ' Ti', 150, 1, 'Provash', '21', '', 'Provash Bokshi 2023-10-18 11:45:17', 9),
(382, '2023-09-14', 'খরচ', 'বিবিধ', 2, 'person', 50, 1, 'Provash', '21', '', 'Provash Bokshi 2023-10-18 11:46:58', 13),
(383, '2023-09-12', 'খরচ', 'সবজির', 4, 'packet', 1724, 1, 'Provash', '21', '', 'Provash Bokshi 2023-10-18 11:47:57', NULL),
(384, '2023-09-13', 'খরচ', 'অক্সিজেন', 25, 'kg', 10500, 1, 'Provash', '21', '', 'Provash Bokshi 2023-10-18 11:50:07', NULL),
(385, '2023-09-13', 'সম্পদ', 'মেশিন/যন্ত্রপাতি', 1, ' Ti', 2200, 1, 'Provash', '22', '', 'Provash Bokshi 2023-10-20 08:10:53', 16),
(386, '2023-09-17', 'খরচ', 'বিবিধ', 1, 'person', 50, 1, 'Provash', '22', '', 'Provash Bokshi 2023-10-20 08:11:38', 13),
(387, '2023-09-17', 'খরচ', 'বিবিধ', 15, ' Ti', 40, 1, 'Provash', '22', 'ফটোকপি ', 'Provash Bokshi 2023-10-20 08:13:02', 13),
(388, '2023-09-17', 'খরচ', 'যাতায়াত', 1, 'person', 100, 1, 'Provash', '22', '', 'Provash Bokshi 2023-10-20 08:14:10', 9),
(389, '2023-09-17', 'খরচ', 'বিদ্যুৎ', 1, ' Ti', 200, 1, 'Provash', '22', 'সেচের অনুমতি জন্য টাকা জমা ', 'Provash Bokshi 2023-10-20 08:16:07', NULL),
(390, '2023-09-17', 'সম্পদ', 'মেশিন/যন্ত্রপাতি', 4, ' Ti', 180, 1, 'Provash', '22', '8 ইঞ্চি নাট', 'Provash Bokshi 2023-10-20 08:17:47', 16),
(391, '2023-09-17', 'সম্পদ', 'মেশিন/যন্ত্রপাতি', 2, ' Ti', 60, 1, 'Provash', '22', '', 'Provash Bokshi 2023-10-20 08:18:29', 16),
(392, '2023-09-17', 'সম্পদ', 'ইলেকট্রনিক্স', 1, ' Ti', 60, 1, 'Provash', '22', 'মিটার বোর্ড ', 'Provash Bokshi 2023-10-20 08:19:34', 31),
(393, '2023-09-18', 'মজুর', 'মজুরি/বেতন', 12, 'person', 5000, 1, 'Provash', '22', '', 'Provash Bokshi 2023-10-20 08:21:03', 14),
(394, '2023-09-18', 'মজুর', 'সার', 72, 'person', 28600, 1, 'Provash', '22', '', 'Provash Bokshi 2023-10-20 08:22:22', 2),
(395, '2023-09-19', 'সম্পদ', 'মেশিন/যন্ত্রপাতি', 1, ' Ti', 150, 1, 'Provash', '22', '', 'Provash Bokshi 2023-10-20 08:23:31', 16),
(396, '2023-09-19', 'সম্পদ', 'পিলার', 5, ' Ti', 2275, 1, 'Provash', '22', '', 'Provash Bokshi 2023-10-20 08:26:19', 22),
(397, '2023-09-19', 'সম্পদ', 'যাতায়াত', 1, ' Ti', 100, 1, 'Provash', '22', '', 'Provash Bokshi 2023-10-20 08:27:16', 9),
(398, '2023-09-19', 'খরচ', 'বিবিধ', 1, 'kg', 100, 1, 'Provash', '22', 'পূজার প্রসাদ ', 'Provash Bokshi 2023-10-20 08:28:36', 13),
(399, '2023-09-19', 'সম্পদ', 'টিন', 16, ' Ti', 6710, 1, 'Provash', '22', '', 'Provash Bokshi 2023-10-20 08:29:52', 34),
(400, '2023-09-19', 'সম্পদ', 'বিবিধ', 1.5, 'kg', 250, 1, 'Provash', '22', '', 'Provash Bokshi 2023-10-20 08:31:16', 13),
(401, '2023-09-19', 'খরচ', 'বিবিধ', 2, 'person', 30, 1, 'Provash', '22', 'চা, নাস্তা ', 'Provash Bokshi 2023-10-20 08:32:33', 13),
(402, '2023-09-19', 'খরচ', 'যাতায়াত', 1, ' Ti', 100, 1, 'Provash', '22', '', 'Provash Bokshi 2023-10-20 08:33:37', 9),
(403, '2023-09-22', 'খরচ', 'মজুরি/বেতন', 2, 'person', 1300, 1, 'Provash', '22', '', 'Provash Bokshi 2023-10-20 08:35:08', 14),
(404, '2023-09-22', 'মজুর', 'মজুরি/বেতন', 47, 'person', 18800, 1, 'Provash', '22', '', 'Provash Bokshi 2023-10-20 08:36:13', 14),
(405, '2023-09-22', 'মজুর', 'মজুরি/বেতন', 7, 'person', 2800, 1, 'Provash', '22', '', 'Provash Bokshi 2023-10-20 08:37:55', 14),
(406, '2023-09-25', 'মজুর', 'মজুরি/বেতন', 2, 'person', 900, 1, 'Provash', '900', '', 'Provash Bokshi 2023-10-20 08:39:14', 14),
(407, '2023-09-25', 'খরচ', 'মোবিল', 1, 'person', 200, 1, 'Provash', '22', 'হরিচান ', 'Provash Bokshi 2023-10-20 08:40:17', 20),
(408, '2023-09-25', 'মজুর', 'মজুরি/বেতন', 46, 'person', 18400, 1, 'Provash', '22', '', 'Provash Bokshi 2023-10-20 08:41:04', 14),
(409, '2023-09-25', 'মাছের', 'লিটার', 200, 'bosta', 20000, 1, 'Provash', '23', '', 'Provash Bokshi 2023-10-20 10:52:24', 36),
(410, '2023-09-26', 'সম্পদ', 'মেশিন/যন্ত্রপাতি', 1, ' Ti', 230, 1, 'Provash', '23', '', 'Provash Bokshi 2023-10-20 10:54:43', 16),
(411, '2023-09-26', 'খরচ', 'সার', 1, 'kg', 180, 1, 'Provash', '23', 'ফোড়াডান ', 'Provash Bokshi 2023-10-20 10:56:27', 2),
(412, '2023-09-26', 'খরচ', 'বিদ্যুৎ', 1, ' Ti', 12857, 1, 'Provash', '23', '', 'Provash Bokshi 2023-10-20 10:57:41', NULL),
(413, '2023-09-26', 'খরচ', 'রড', 1, ' Ti', 130, 1, 'Provash', '23', '', 'Provash Bokshi 2023-10-20 11:00:00', 42),
(414, '2023-09-26', 'খরচ', 'বিদ্যুৎ', 1, ' Ti', 1700, 1, 'Provash', '23', 'ওয়ারিং ', 'Provash Bokshi 2023-10-20 11:53:41', NULL),
(415, '2023-09-26', 'খরচ', 'বিদ্যুৎ', 1, ' Ti', 460, 1, 'Provash', '23', 'বিদ্যুৎ জমা ', 'Provash Bokshi 2023-10-20 11:57:43', NULL),
(416, '2023-09-26', 'খরচ', 'যাতায়াত', 1, ' Ti', 100, 1, 'Provash', '23', '', 'Provash Bokshi 2023-10-20 12:00:16', 9),
(417, '2023-09-27', 'খরচ', 'সার', 1, ' Ti', 150, 1, 'Provash', '23', '', 'Provash Bokshi 2023-10-20 12:01:09', 2),
(418, '2023-09-27', 'খরচ', 'মজুরি/বেতন', 1, 'person', 1700, 1, 'Provash', '23', 'লিটার পরিবহন ', 'Provash Bokshi 2023-10-20 12:02:47', 14),
(419, '2023-09-27', 'সম্পদ', 'কালভার্ট', 2, ' Ti', 2400, 1, 'Provash', '23', '', 'Provash Bokshi 2023-10-20 12:04:52', 18),
(420, '2023-09-27', 'খরচ', 'যাতায়াত', 1, ' Ti', 150, 1, 'Provash', '23', '', 'Provash Bokshi 2023-10-20 12:05:38', 9),
(421, '2023-09-28', 'মজুর', 'মজুরি/বেতন', 72, 'person', 28800, 1, 'Provash', '23', '', 'Provash Bokshi 2023-10-20 12:06:44', 14),
(422, '2023-09-28', 'মজুর', 'মজুরি/বেতন', 1, 'person', 30000, 1, 'Provash', '23', '', 'Provash Bokshi 2023-10-20 12:07:40', 14);
INSERT INTO `cost` (`id`, `date`, `costcategory`, `costitems`, `buyamount`, `unit`, `cost`, `status`, `buyer`, `buyvoucher`, `comment`, `logs`, `costitems_id`) VALUES
(423, '2023-10-01', 'খরচ', 'নেট,', 1, ' Ti', 2300, 1, 'Provash', '24', 'কালো ২০০ হাত', 'Provash Bokshi 2023-10-30 08:54:31', NULL),
(424, '2023-10-01', 'মাছের', 'ডুবন্ত', 0, 'bosta', 0, 1, '২৩৬০০', '২৪', 'ACI', 'Provash Bokshi 2023-10-30 08:58:38', NULL),
(425, '2023-10-01', 'খরচ', 'যাতায়াত', 300, ' Ti', 300, 1, 'Provash', '24', '', 'Provash Bokshi 2023-10-30 09:09:31', 9),
(426, '2023-10-01', 'সম্পদ', 'যাতায়াত', 1, ' Ti', 70, 1, 'Provash', '24', '', 'Provash Bokshi 2023-10-30 09:11:48', 9),
(427, '2023-10-01', 'খরচ', 'চুন', 10, 'bosta', 11000, 1, 'Provash', '24', '', 'Provash Bokshi 2023-10-30 09:13:47', 23),
(428, '2023-10-02', 'খরচ', 'বাঁশ', 80, ' Ti', 4000, 1, 'Provash', '24', '', 'Provash Bokshi 2023-10-30 09:15:21', NULL),
(429, '2023-10-02', 'খরচ', 'বিবিধ', 5, 'person', 200, 1, 'Provash', '24', 'নাস্তা ', 'Provash Bokshi 2023-10-30 09:17:58', 13),
(430, '2023-10-02', 'খরচ', 'যাতায়াত', 0, 'person', 0, 1, 'Provash', '২৪', '', 'Provash Bokshi 2023-10-30 09:18:59', 9),
(431, '2023-10-03', 'খরচ', 'যাতায়াত', 1, 'person', 70, 1, 'Provash', '24', '', 'Provash Bokshi 2023-10-30 09:19:55', 9),
(432, '2023-10-04', 'খরচ', 'ইলেকট্রনিক্স', 1, ' Ti', 60, 1, 'Provash', '24', '', 'Provash Bokshi 2023-10-30 09:21:11', 31),
(433, '2023-10-05', 'খরচ', 'যাতায়াত', 1, ' Ti', 60, 1, 'Provash', '24', '', 'Provash Bokshi 2023-10-30 09:21:44', 9),
(434, '2023-10-06', 'মজুর', 'মজুরি/বেতন', 120, 'person', 48000, 1, 'Provash', '24', '', 'Provash Bokshi 2023-10-30 09:22:36', 14),
(435, '2023-10-06', 'খরচ', 'যাতায়াত', 1, ' Ti', 300, 1, 'Provash', '24', '', 'Provash Bokshi 2023-10-30 09:23:51', 9),
(436, '2023-10-06', 'খরচ', 'যাতায়াত', 1, ' Ti', 500, 1, 'Provash', '24', '', 'Provash Bokshi 2023-10-30 09:24:38', 9),
(437, '2023-10-08', 'মাছের', 'ডুবন্ত', 12, 'bosta', 12000, 1, 'Provash', '24', '', 'Provash Bokshi 2023-10-30 09:25:34', NULL),
(438, '2023-10-08', 'মজুর', 'মজুরি/বেতন', 1, 'person', 10000, 1, 'Provash', '24', '', 'Provash Bokshi 2023-10-30 09:26:40', 14),
(439, '2023-10-08', 'মজুর', 'মজুরি/বেতন', 1, 'person', 10000, 1, 'Provash', '24', '', 'Provash Bokshi 2023-10-30 09:27:34', 14),
(440, '2023-10-08', 'মজুর', 'মজুরি/বেতন', 12, 'person', 4800, 1, 'Provash', '25', '', 'Provash Bokshi 2023-10-30 09:29:36', 14),
(441, '2023-10-09', 'সম্পদ', 'নৌকা', 1, ' Ti', 7200, 1, 'Provash', '25', '', 'Provash Bokshi 2023-10-30 09:31:41', 44),
(442, '2023-10-09', 'খরচ', 'যাতায়াত', 1, ' Ti', 500, 1, 'Provash', '24', '', 'Provash Bokshi 2023-10-30 09:32:34', 9),
(443, '2023-10-09', 'খরচ', 'বিবিধ', 1.5, 'kg', 200, 1, 'Provash', '25', 'লোহা, পাতাং ', 'Provash Bokshi 2023-10-30 09:35:00', 13),
(444, '2023-10-11', 'খরচ', 'DAP', 10, 'bosta', 10000, 1, 'Provash', '25', '', 'Provash Bokshi 2023-10-30 09:38:00', 45),
(445, '2023-10-11', 'খরচ', 'ইউরিয়া', 10, 'bosta', 13250, 1, 'Provash', '25', '', 'Provash Bokshi 2023-10-30 09:40:01', 46),
(446, '2023-10-11', 'খরচ', 'যাতায়াত', 1, ' Ti', 500, 1, 'Provash', '25', '', 'Provash Bokshi 2023-10-30 09:40:51', 9),
(447, '2023-10-13', 'খরচ', 'যাতায়াত', 1, 'person', 50, 1, 'Provash', '25', '', 'Provash Bokshi 2023-10-30 09:41:43', 9),
(448, '2023-10-17', 'খরচ', 'বিবিধ', 3, 'person', 100, 1, 'Provash', '25', 'নাস্তা ', 'Provash Bokshi 2023-10-30 09:44:00', 13),
(449, '2023-10-14', 'মাছের', 'খৈল', 0, 'bosta', 22790, 1, 'Provash', '25', '', 'Provash Bokshi 2023-10-30 09:45:15', 7),
(450, '2023-10-14', 'খরচ', 'যাতায়াত', 1, ' Ti', 200, 1, 'Provash', '25', '', 'Provash Bokshi 2023-10-30 09:46:07', 9),
(451, '2023-10-13', 'মজুর', 'মজুরি/বেতন', 25, 'person', 10000, 1, 'Provash', '25', '', 'Provash Bokshi 2023-10-30 09:47:51', 14),
(452, '2023-10-15', 'মজুর', 'মজুরি/বেতন', 80, 'person', 32000, 1, 'Provash', '25', '', 'Provash Bokshi 2023-10-30 09:48:59', 14),
(453, '2023-10-17', 'খরচ', 'যাতায়াত', 1, ' Ti', 400, 1, 'Provash', '25', '', 'Provash Bokshi 2023-10-30 09:49:58', 9),
(454, '2023-10-18', 'মাছের', 'ভাসমান', 7, 'bosta', 13440, 1, 'Provash', '25', '', 'Provash Bokshi 2023-10-30 09:52:10', NULL),
(455, '2023-10-18', 'খরচ', 'যাতায়াত', 1, ' Ti', 100, 1, 'Provash', '25', '', 'Provash Bokshi 2023-10-30 09:52:55', 9),
(456, '2023-10-20', 'খরচ', 'যাতায়াত', 1, ' Ti', 250, 1, 'Provash', '26', '', 'Provash Bokshi 2023-10-30 09:54:23', 9),
(457, '2023-10-20', 'খরচ', 'চুন', 10, 'bosta', 11000, 1, 'Provash', '26', '', 'Provash Bokshi 2023-10-30 09:55:29', 23),
(458, '2023-10-20', 'মজুর', 'মজুরি/বেতন', 52, 'person', 21000, 1, 'Provash', '25', '', 'Provash Bokshi 2023-10-30 09:58:03', 14),
(459, '2023-10-21', 'খরচ', 'বিবিধ', 5, ' Ti', 20, 1, 'Provash', '26', 'Pen', 'Provash Bokshi 2023-10-30 09:58:54', 13),
(460, '2023-10-20', 'খরচ', 'যাতায়াত', 1, 'person', 100, 1, 'Provash', '26', '', 'Provash Bokshi 2023-10-30 10:00:02', 9),
(461, '2023-10-10', 'খরচ', 'মজুরি/বেতন', 2, 'person', 300, 1, 'Provash', '26', '', 'Provash Bokshi 2023-10-30 10:01:05', 14),
(462, '2023-10-23', 'সম্পদ', 'মজুরি/বেতন', 2, 'person', 200, 1, 'Provash', '26', '', 'Provash Bokshi 2023-10-30 10:01:49', 14),
(463, '2023-10-24', 'খরচ', 'বিবিধ', 1, ' Ti', 100, 1, 'Provash', '26', 'হরমন ', 'Provash Bokshi 2023-10-30 10:03:45', 13),
(464, '2023-10-24', 'খরচ', 'যাতায়াত', 0, ' Ti', 0, 1, 'Provash', '২৬', '', 'Provash Bokshi 2023-10-30 10:04:38', 9),
(465, '2023-10-24', 'খরচ', 'যাতায়াত', 0, ' Ti', 0, 1, 'Provash', '২৬', '', 'Provash Bokshi 2023-10-30 10:04:39', 9),
(466, '2023-10-26', 'খরচ', 'যাতায়াত', 0, ' Ti', 100, 1, 'Provash', '26', '', 'Provash Bokshi 2023-10-30 10:05:42', 9),
(467, '2023-10-26', 'খরচ', 'চুন', 10, 'bosta', 11000, 1, 'Provash', '26', '', 'Provash Bokshi 2023-10-30 10:06:46', 23),
(468, '2023-10-26', 'খরচ', 'যাতায়াত', 1, ' Ti', 250, 1, 'Provash', '26', '', 'Provash Bokshi 2023-10-30 10:07:43', 9),
(469, '2023-10-28', 'খরচ', 'যাতায়াত', 3, ' Ti', 750, 1, 'Provash', '26', '', 'Provash Bokshi 2023-10-30 10:08:46', 9),
(470, '2023-10-28', 'খরচ', 'বিবিধ', 10, ' Ti', 100, 1, 'Provash', '26', '', 'Provash Bokshi 2023-10-30 10:10:16', 13),
(471, '2023-10-30', 'মজুর', 'মজুরি/বেতন', 1, 'person', 6700, 1, 'Provash', '26', '', 'Provash Bokshi 2023-10-30 10:11:25', 14),
(472, '2023-10-23', 'মজুর', 'মজুরি/বেতন', 243, 'person', 97100, 1, 'Provash', '26', '', 'Provash Bokshi 2023-10-31 03:26:17', 14),
(473, '2023-10-30', 'খরচ', 'যাতায়াত', 2, ' Ti', 840, 1, 'Provash', '26', '', 'Provash Bokshi 2023-11-01 08:21:39', 9),
(474, '2023-10-31', 'সম্পদ', 'টিন', 22, ' Ti', 5685, 1, 'Provash', '26', '', 'Provash Bokshi 2023-11-01 08:24:27', 34),
(475, '2023-10-31', 'সম্পদ', 'বাতা', 0, ' Ti', 0, 1, 'Provash', '২৬', '', 'Provash Bokshi 2023-11-01 08:27:49', 48),
(476, '2023-10-31', 'খরচ', 'যাতায়াত', 0, ' Ti', 170, 1, 'Provash', '26', '', 'Provash Bokshi 2023-11-01 08:28:55', 9),
(477, '2023-10-31', 'খরচ', 'যাতায়াত', 1, ' Ti', 100, 1, 'Provash', '26', '', 'Provash Bokshi 2023-11-01 08:29:41', 9),
(478, '2023-10-31', 'খরচ', 'যাতায়াত', 1, 'person', 50, 1, 'Provash', '26', '', 'Provash Bokshi 2023-11-01 08:30:28', 9),
(479, '2023-10-31', 'খরচ', 'বিবিধ', 3, 'kg', 550, 1, 'Provash', '26', 'লোহা, কব্জা, ছিকল, অসার ', 'Provash Bokshi 2023-11-01 08:33:48', 13),
(480, '2023-10-09', 'খরচ', 'আলকাতরা', 0, 'kg', 0, 1, 'Provash', '২৬', '', 'Provash Bokshi 2023-11-01 08:36:35', 49),
(481, '2023-10-31', 'সম্পদ', 'খাঠ', 0, ' Ti', 1000, 1, 'Provash', '27', '', 'Provash Bokshi 2023-11-01 08:38:18', 50),
(482, '2023-10-24', 'খরচ', 'টিএসপি', 30, 'bosta', 52500, 1, 'Provash', '29', 'Credit ', 'Provash Bokshi 2023-11-01 11:18:19', 51),
(483, '2023-10-24', 'খরচ', 'ইউরিয়া', 5, 'bosta', 7000, 1, 'Provash', '26', '', 'Provash Bokshi 2023-11-01 11:19:59', 46),
(484, '2023-10-24', 'খরচ', 'চুন', 7, 'bosta', 7500, 1, 'Provash', '26', '', 'Provash Bokshi 2023-11-01 11:23:51', 23),
(485, '2023-10-24', 'খরচ', 'চুন', 1, 'bosta', 2100, 1, 'Provash', 'Credit ', '', 'Provash Bokshi 2023-11-01 11:24:56', 23),
(486, '2023-10-24', 'খরচ', 'সালফার', 10, 'bosta', 10500, 1, 'Provash', '26', '', 'Provash Bokshi 2023-11-01 11:26:58', 52),
(487, '2023-10-24', 'খরচ', 'গ্রীণার/সালফেট', 0, 'packet', 0, 1, 'Provash', '২৬', '', 'Provash Bokshi 2023-11-01 16:08:02', 53),
(488, '2023-10-28', 'মাছের', 'খৈল', 0, 'bosta', 0, 1, 'Provash', '২৬', '', 'Provash Bokshi 2023-11-01 16:10:28', 7),
(489, '2023-10-28', 'মাছের', 'খৈল', 0, 'bosta', 68000, 1, 'Provash', '26', '', 'Provash Bokshi 2023-11-01 16:11:43', 7),
(490, '2023-10-30', 'খরচ', 'টিএসপি', 30, 'bosta', 52500, 1, 'Provash', '26', 'Credit ', 'Provash Bokshi 2023-11-01 16:13:37', 51),
(491, '2023-10-30', 'খরচ', 'ইউরিয়া', 10, 'bosta', 14000, 1, 'Provash', '26', '', 'Provash Bokshi 2023-11-01 16:15:18', 46),
(492, '2023-10-30', 'খরচ', 'সালফার', 15, 'bosta', 15750, 1, 'Provash', '26', 'Credit ', 'Provash Bokshi 2023-11-01 16:19:00', 52),
(493, '2023-10-30', 'খরচ', 'গ্রীণার/সালফেট', 30, 'bosta', 6000, 1, 'Provash', '26', '', 'Provash Bokshi 2023-11-01 16:20:06', 53),
(494, '2023-10-30', 'খরচ', 'গ্রীণার/সালফেট', 30, 'packet', 6000, 1, 'Provash', '26', 'Credit ', 'Provash Bokshi 2023-11-01 16:21:07', 53),
(495, '2023-10-09', 'খরচ', 'বিবিধ', 2, 'kg', 300, 1, 'Provash', '27', 'পিচ, ধুপ ', 'Provash Bokshi 2023-11-02 02:45:31', 13),
(496, '2023-11-01', 'মাছের', 'লিটার', 200, 'bosta', 24000, 1, 'Provash', '27', '', 'Provash Bokshi 2023-11-02 02:47:41', 36),
(497, '2023-11-01', 'মাছের', 'লিটার', 250, 'bosta', 27500, 1, 'Provash', '27', '', 'Provash Bokshi 2023-11-02 02:48:48', 36),
(498, '2023-10-31', 'খরচ', 'বিবিধ', 1, ' Ti', 230, 1, 'Provash', '27', 'বিকাশ খরচ', 'Provash Bokshi 2023-11-02 03:05:08', 13),
(499, '2023-11-01', 'খরচ', 'বিবিধ', 1, ' Ti', 350, 1, 'Provash', '27', 'বিকাশ খরচ', 'Provash Bokshi 2023-11-02 03:06:00', 13),
(500, '2023-11-05', 'খরচ', 'সবজির', 4, 'packet', 710, 1, 'Provash', '27', '', 'Provash Bokshi 2023-11-07 07:19:00', NULL),
(501, '2023-11-06', 'মাছের', 'লিটার', 250, 'bosta', 27500, 1, 'Provash', '27', '', 'Provash Bokshi 2023-11-08 09:01:00', 36),
(502, '2023-11-06', 'খরচ', 'যাতায়াত', 1, 'man', 210, 1, 'Provash', '27', '', 'Provash Bokshi 2023-11-08 09:01:57', 9),
(503, '2023-11-06', 'খরচ', 'বিবিধ', 1, 'ones', 20, 1, 'Provash', '27', 'Id card print ', 'Provash Bokshi 2023-11-08 09:03:01', 13),
(504, '2023-11-07', 'মজুর', 'মজুরি/বেতন', 56, 'man', 22300, 1, 'Provash', '27', '', 'Provash Bokshi 2023-11-08 09:04:39', 14),
(505, '2023-11-08', 'খরচ', 'ব্রেল', 1, 'ones', 3850, 1, 'Provash', '27', '', 'Provash Bokshi 2023-11-08 09:06:27', 54),
(506, '2023-11-08', 'খরচ', 'যাতায়াত', 1, 'ones', 100, 1, 'Provash', '27', '', 'Provash Bokshi 2023-11-08 09:07:16', 9),
(507, '2023-11-08', 'খরচ', 'বিদ্যুৎ', 1, 'ones', 9562, 1, 'Provash', '27', 'ট্রান্সফরমার ', 'Provash Bokshi 2023-11-08 09:10:57', NULL),
(508, '2023-11-08', 'খরচ', 'যাতায়াত', 1, 'man', 100, 1, 'Provash', '27', '', 'Provash Bokshi 2023-11-08 09:11:40', 9),
(509, '2023-11-08', 'খরচ', 'বিবিধ', 8, 'ones', 24, 1, 'Provash', '27', '', 'Provash Bokshi 2023-11-08 09:13:59', 13),
(510, '2023-11-08', 'খরচ', 'বিদ্যুৎ', 2, 'ones', 9898, 1, 'Provash', '28', '', 'Provash Bokshi 2023-11-09 04:09:16', NULL),
(511, '2023-11-09', 'মজুর', 'মজুরি/বেতন', 4, 'man', 2600, 1, 'Provash', '28', '', 'Provash Bokshi 2023-11-09 04:29:01', 14),
(512, '2023-11-09', 'মজুর', 'মজুরি/বেতন', 1, 'man', 10000, 1, 'Provash', '28', '', 'Provash Bokshi 2023-11-09 04:29:37', 14),
(513, '2023-11-10', 'খরচ', 'বিবিধ', 1, 'ones', 65, 1, 'Provash', '28', 'Khata', 'Provash Bokshi 2023-11-10 08:57:47', 13),
(514, '2023-11-10', 'সম্পদ', 'কীটনাশক', 2, 'ones', 430, 1, '430', '28', '', 'Provash Bokshi 2023-11-10 09:00:27', 55),
(515, '2023-11-10', 'মজুর', 'মজুরি/বেতন', 1, 'man', 500, 1, 'Provash', '28', '', 'Provash Bokshi 2023-11-10 09:01:02', 14),
(516, '2023-11-11', 'খরচ', 'উকুন', 3, 'kg', 4800, 1, 'Provash', '28', '', 'Provash Bokshi 2023-11-11 08:40:27', NULL),
(517, '2023-11-11', 'খরচ', 'যাতায়াত', 1, 'man', 100, 1, 'Provash', '28', 'বারুদ, কীটনাশক ক্রয় বাবদ', 'Provash Bokshi 2023-11-12 07:58:59', 9),
(518, '2023-11-11', 'খরচ', 'কীটনাশক', 3, 'packet', 830, 1, 'Provash', '28', '', 'Provash Bokshi 2023-11-12 07:59:54', 55),
(519, '2023-11-11', 'খরচ', 'সবজির', 1, 'kg', 250, 1, 'Provash', '28', 'সরিষা ', 'Provash Bokshi 2023-11-12 08:01:13', NULL),
(520, '2023-11-12', 'মাছের', 'খৈল', 13, 'bosta', 50000, 1, 'Provash', '29', '', 'Provash Bokshi 2023-11-12 08:19:33', 7),
(521, '2023-11-12', 'মাছের', 'খৈল', 17, 'bosta', 65500, 1, 'Provash', '22', 'Credit ', 'Provash Bokshi 2023-11-12 08:20:38', 7),
(522, '2023-11-12', 'মাছের', 'চাউল/খুদ', 60, 'bosta', 108000, 1, 'Provash', '22', 'Credit ', 'Provash Bokshi 2023-11-12 08:23:03', 56),
(523, '2023-11-12', 'খরচ', 'ইট', 200, 'ones', 2300, 1, 'Provash', '29', '', 'Provash Bokshi 2023-11-13 09:46:01', 40),
(524, '2023-11-12', 'খরচ', 'যাতায়াত', 1, 'man', 100, 1, 'Provash', '29', 'খৈল ক্রয়', 'Provash Bokshi 2023-11-13 09:47:37', 9),
(525, '2023-11-12', 'খরচ', 'যাতায়াত', 1, 'man', 200, 1, 'Provash', '29', 'ইট পরিবহন ', 'Provash Bokshi 2023-11-13 09:48:35', 9),
(526, '2023-11-12', 'খরচ', 'যাতায়াত', 2, 'ones', 1200, 1, 'Provash', '29', 'খৈল , চাউল পরিবহন ', 'Provash Bokshi 2023-11-13 09:50:06', 9),
(527, '2023-11-13', 'মাছের', 'ভূষি', 40, 'bosta', 66000, 1, 'Provash', '22', 'Credit ', 'Provash Bokshi 2023-11-13 09:55:14', 57),
(528, '2023-11-13', 'খরচ', 'যাতায়াত', 1, 'man', 100, 1, 'Provash', '29', 'বিদ্যুৎ অফিস ঢেংগুটিয়াম ', 'Provash Bokshi 2023-11-13 09:56:47', 9),
(529, '2023-11-14', 'খরচ', 'কীটনাশক', 10, 'ones', 3500, 1, 'Provash', '29', 'চান্দা মারা ওষুধ 10 বোতল ', 'Provash Bokshi 2023-11-15 05:00:06', 55),
(530, '2023-11-13', 'খরচ', 'যাতায়াত', 2, 'ones', 1700, 1, 'Provash', '29', 'খৈল , ভুষি পরিবহন ', 'Provash Bokshi 2023-11-15 05:01:32', 9),
(531, '2023-11-14', 'মজুর', 'মজুরি/বেতন', 4, 'man', 1600, 1, 'Provash', '29', '', 'Provash Bokshi 2023-11-15 05:02:33', 14),
(532, '2023-11-15', 'মাছের', 'লিটার', 200, 'bosta', 27500, 1, 'Provash', '29', '', 'Provash Bokshi 2023-11-16 07:05:33', 36),
(533, '2023-11-17', 'খরচ', 'টিএসপি', 29, 'bosta', 50000, 1, 'Provash', '22', '', 'Provash Bokshi 2023-11-19 05:24:21', 51),
(534, '2023-11-17', 'খরচ', 'টিএসপি', 1, 'bosta', 2500, 1, 'Provash', '22', 'Credit ', 'Provash Bokshi 2023-11-19 05:25:27', 51),
(535, '2023-11-17', 'খরচ', 'ইউরিয়া', 20, 'bosta', 28000, 1, 'Provash', '22', 'Credit ', 'Provash Bokshi 2023-11-19 05:26:26', 46),
(536, '2023-11-17', 'খরচ', 'সালফার', 30, 'bosta', 31500, 1, 'Provash', '22', 'Credit ', 'Provash Bokshi 2023-11-19 05:27:24', 52),
(537, '2023-11-17', 'খরচ', 'গ্রীণার/সালফেট', 150, 'packet', 30000, 1, 'Provash', '22', 'Credit ', 'Provash Bokshi 2023-11-19 05:29:08', 53),
(538, '2023-11-17', 'Others', 'যাতায়াত', 4, 'ones', 1245, 1, 'Provash', '29', '', 'Sujit 2024-08-08 08:01:57', 9),
(539, '2023-11-18', 'খরচ', 'জ্বালানী', 36, 'mon', 5500, 1, 'Provash', '29', '', 'Provash Bokshi 2023-11-19 05:32:13', NULL),
(540, '2023-11-18', 'খরচ', 'বিবিধ', 7, 'ones', 20, 1, 'Provash', '29', 'বিদ্যুৎ ফটোকপি ', 'Provash Bokshi 2023-11-23 10:07:28', 13),
(541, '2023-11-18', 'খরচ', 'পরিবহন', 1, 'ones', 400, 1, 'Provash', '29', 'ট্রান্সফরমার মনিরামপুর থেকে আনা', 'Provash Bokshi 2023-11-23 10:11:58', 59),
(542, '2023-11-21', 'খরচ', 'পরিবহন', 2, 'ones', 600, 1, 'Provash', '29', 'ফিড', 'Provash Bokshi 2023-11-23 10:13:03', 59),
(543, '2023-11-22', 'খরচ', 'যাতায়াত', 1, 'man', 90, 1, 'Provash', '29', 'বিদ্যুৎ অফিস যাওয়া আসা', 'Provash Bokshi 2023-11-23 10:16:04', 9),
(544, '2023-11-23', 'খরচ', 'বিবিধ', 1, 'ones', 6000, 1, 'উজ্জ্বল ', '29', 'মেশিন ভাড়া ', 'Provash Bokshi 2023-11-23 10:17:58', 13),
(545, '2023-11-23', 'খরচ', 'বাতা', 7, 'ones', 3000, 1, 'উজ্জ্বল ', '29', 'সেপ্টি', 'Provash Bokshi 2023-11-23 10:20:12', 48),
(546, '2023-11-23', 'খরচ', 'মজুরি/বেতন', 3, 'man', 3000, 1, 'Provash', '29', 'লিটার পরিবহন ', 'Provash Bokshi 2023-11-23 10:22:47', 14),
(547, '2023-11-23', 'খরচ', 'মজুরি/বেতন', 2, 'man', 1000, 1, 'Provash', '29', 'লিটার পরিবহন ', 'Provash Bokshi 2023-11-23 10:23:54', 14),
(548, '2023-11-24', 'মজুর', 'মজুরি/বেতন', 4, 'man', 2000, 1, 'Provash', '30', 'জাল টানা', 'Provash Bokshi 2023-11-24 07:57:53', 14),
(549, '2023-11-22', 'Others', 'বিদ্যুৎ', 1, 'ones', 272, 1, 'Provash', '30', '', 'Sujit 2024-08-08 08:15:47', NULL),
(550, '2023-11-24', 'মজুর', 'মজুরি/বেতন', 56, 'man', 22400, 1, 'Provash', '30', '', 'Provash Bokshi 2023-11-24 10:16:34', 14),
(552, '2023-11-25', 'খরচ', 'মজুরি/বেতন', 1, 'man', 400, 1, 'Provash', '30', '', 'Provash Bokshi 2023-11-26 08:41:13', 14),
(553, '2023-11-25', 'মজুর', 'মজুরি/বেতন', 5, 'man', 2200, 1, 'Provash', '30', 'জাল টানা', 'Provash Bokshi 2023-11-26 08:42:55', 14),
(554, '2023-11-26', 'খরচ', 'ইলেকট্রনিক্স', 12, 'ones', 2349, 1, 'Provash', '30', 'বাস্প, সকেট,  তার,  অনান্য', 'Provash Bokshi 2023-11-26 08:47:49', 31),
(556, '2023-11-26', 'খরচ', 'পরিবহন', 1, 'man', 200, 1, 'Provash', '30', 'টমেটো পরিবহন', 'Provash Bokshi 2023-11-26 08:56:49', 59),
(557, '2023-11-26', 'খরচ', 'পরিবহন', 2, 'ones', 500, 1, 'Provash', '30', 'ফিড আনা', 'Provash Bokshi 2023-11-26 08:59:33', 59),
(558, '2023-11-26', 'মাছের', 'ভাসমান', 50, 'bosta', 70000, 1, 'Provash', '23', 'Credit ', 'Provash Bokshi 2023-11-26 09:02:24', NULL),
(559, '2023-11-27', 'খরচ', 'মেশিন/যন্ত্রপাতি', 1, 'ones', 250, 1, 'Provash', '30', 'প্লাস ', 'Provash Bokshi 2023-11-27 10:41:57', 16),
(560, '2023-11-27', 'Others', 'সার', 5, 'packet', 380, 1, 'Provsh', '30', '', 'Sujit 2024-08-08 08:26:33', 55),
(561, '2023-11-27', 'খরচ', 'ইলেকট্রনিক্স', 3, 'ones', 90, 1, 'Provash', '30', '', 'Provash Bokshi 2023-11-27 10:44:14', 31),
(562, '2023-11-27', 'খরচ', 'মনিহারী', 4, 'ones', 248, 1, 'Provash', '30', '', 'Provash Bokshi 2023-11-27 10:46:50', 60),
(563, '2023-11-27', 'খরচ', 'বিদ্যুৎ', 1, 'ones', 230, 1, 'Provash', '30', '', 'Provash Bokshi 2023-11-27 10:47:31', NULL),
(564, '2023-11-27', 'খরচ', 'যাতায়াত', 1, 'man', 100, 1, 'Provash', '30', 'বিদ্যুৎ অফিস যাওয়া আসা', 'Provash Bokshi 2023-11-27 10:49:22', 9),
(565, '2023-11-28', 'খরচ', 'বিবিধ', 2, 'kg', 375, 1, 'Provash', '31', 'সরিষা তেল ', 'Provash Bokshi 2023-11-28 09:38:09', 13),
(566, '2023-11-28', 'খরচ', 'লবন', 2, 'kg', 55, 1, 'Provash', '31', '', 'Provash Bokshi 2023-11-28 09:39:43', 61),
(567, '2023-11-28', 'খরচ', 'বিবিধ', 1, 'packet', 30, 1, 'Provash', '31', '250 গ্রাম পাউডার ', 'Provash Bokshi 2023-11-28 09:41:46', 13),
(568, '2023-11-29', 'মাছের', 'খৈল', 20, 'bosta', 78000, 1, 'Provash', '23', 'Credit ', 'Provash Bokshi 2023-11-29 06:20:46', 7),
(569, '2023-11-29', 'মাছের', 'ভূষি', 60, 'bosta', 102000, 1, 'Provash', '23', 'Credit ', 'Provash Bokshi 2023-11-29 06:22:03', 57),
(570, '2023-11-29', 'খরচ', 'পরিবহন', 1, 'ones', 750, 1, 'Provash', '31', '50 বস্তা ', 'Provash Bokshi 2023-11-29 06:23:39', 59),
(571, '2023-11-30', 'খরচ', 'যাতায়াত', 1, 'man', 100, 1, 'Provash', '31', 'ইলেকট্রনিক পন্য ক্রয় জন্য নওপাড়া যাওয়া আসা', 'Provash Bokshi 2023-11-30 13:30:56', 9),
(572, '2023-11-30', 'খরচ', 'চুন', 10, 'bosta', 11500, 1, 'Provash', '31', '', 'Provash Bokshi 2023-11-30 13:41:29', 23),
(573, '2023-11-30', 'মজুর', 'মজুরি/বেতন', 1, 'man', 11000, 1, 'Provash', '31', 'মৃনাল ', 'Provash Bokshi 2023-11-30 13:42:36', 14),
(574, '2023-11-30', 'খরচ', 'ইলেকট্রনিক্স', 18, 'ones', 2800, 1, 'Provash', '31', '', 'Provash Bokshi 2023-11-30 13:44:20', 31),
(575, '2023-11-30', 'খরচ', 'পরিবহন', 1, 'man', 200, 1, 'Provash', '31', 'ঢুঁন পরিবহন ', 'Provash Bokshi 2023-11-30 13:46:08', 59),
(576, '2023-12-01', 'খরচ', 'ইলেকট্রনিক্স', 1, 'man', 100, 1, 'Provash', '1', 'ইলেকট্রিশিয়ানকে প্রদান', 'Provash Bokshi 2023-12-02 10:53:40', 31),
(577, '2023-12-01', 'খরচ', 'টিন', 13, 'ones', 3550, 1, 'Provash', '2', '', 'Provash Bokshi 2023-12-02 12:57:42', 34),
(578, '2023-12-01', 'খরচ', 'বিবিধ', 1, 'kg', 250, 1, 'Provash', '1', 'লোহা, কব্জা, ছিকল, অসার ', 'Provash Bokshi 2023-12-02 13:00:00', 13),
(579, '2023-12-01', 'খরচ', 'পরিবহন', 1, 'ones', 100, 1, 'Provash', '1', '', 'Provash Bokshi 2023-12-02 13:00:56', 59),
(580, '2023-12-02', 'খরচ', 'চুন', 8, 'bosta', 9200, 1, 'Provash', '2', '', 'Provash Bokshi 2023-12-02 13:02:01', 23),
(581, '2023-12-02', 'সম্পদ', 'বাতা', 2, 'ones', 800, 1, 'Provash', '2', 'সেপ্টি', 'Provash Bokshi 2023-12-02 13:03:37', 48),
(583, '2023-12-02', 'সম্পদ', 'ইলেকট্রনিক্স', 1, 'ones', 130, 1, 'Provash', '2', 'ইলেকট্রনিক বোর্ড ', 'Provash Bokshi 2023-12-02 13:08:00', 31),
(584, '2023-12-02', 'খরচ', 'পরিবহন', 1, 'ones', 250, 1, 'Provash', '2', 'চুন,কাঠ আনা', 'Provash Bokshi 2023-12-02 13:09:57', 59),
(585, '2023-12-02', 'খরচ', 'ইলেকট্রনিক্স', 1, 'man', 1500, 1, 'Provash', '2', 'ইলেকট্রনিক পন্য ক্রয় জন্য নওপাড়া যাওয়া আসা', 'Provash Bokshi 2023-12-02 13:11:24', 31),
(586, '2023-12-02', 'মজুর', 'মজুরি/বেতন', 23, 'man', 9200, 1, 'Provash', '2', '', 'Provash Bokshi 2023-12-02 13:12:31', 14),
(587, '2023-12-03', 'খরচ', 'যাতায়াত', 1, 'man', 150, 1, 'Provash', '3', 'রাজাপুর - বিদ্যৎ অফিস আসা যাওয়ার,  ন,পাড়া- রিদ্যৎ', 'Provash Bokshi 2023-12-05 11:04:24', 9),
(588, '2023-12-03', 'খরচ', 'লবন', 6, 'bosta', 6720, 1, 'Provash', '3', '', 'Provash Bokshi 2023-12-05 11:06:36', 61),
(589, '2023-12-03', 'খরচ', 'রড', 1, 'ones', 2597, 1, 'Provash', '3', 'বিদ্যুৎ খুটি জন্য ss pipe', 'Provash Bokshi 2023-12-05 11:09:02', 42),
(590, '2023-12-03', 'খরচ', 'পরিবহন', 1, 'ones', 170, 1, 'Provash', '3', 'লবন+রড', 'Provash Bokshi 2023-12-05 11:10:29', 59),
(591, '2023-12-03', 'খরচ', 'পরিবহন', 1, 'ones', 800, 1, 'Provash', '3', 'খৈল+ভূষি', 'Provash Bokshi 2023-12-05 11:12:28', 59),
(592, '2023-12-03', 'খরচ', 'বিবিধ', 5, 'ones', 15, 1, 'Provash', '3', 'ফটোকপি ', 'Provash Bokshi 2023-12-05 11:13:56', 13),
(593, '2023-12-04', 'খরচ', 'যাতায়াত', 1, 'man', 100, 1, 'Provash', '3', 'রাজাপুর - ,  ন,পাড়া-  ', 'Provash Bokshi 2023-12-05 11:16:08', 9),
(594, '2023-12-04', 'খরচ', 'ইউরিয়া', 10, 'bosta', 13350, 1, 'Provash', '4', '', 'Provash Bokshi 2023-12-05 11:17:12', 46),
(595, '2023-12-04', 'খরচ', 'টিএসপি', 20, 'bosta', 32300, 1, 'Provash', '4', '', 'Provash Bokshi 2023-12-05 11:18:00', 51),
(596, '2023-12-04', 'খরচ', 'সালফার', 5, 'bosta', 4150, 1, 'Provash', '4', '', 'Provash Bokshi 2023-12-05 11:18:53', 52),
(597, '2023-12-04', 'খরচ', 'পরিবহন', 1, 'ones', 700, 1, 'Provash', '4', 'সার', 'Provash Bokshi 2023-12-05 11:20:03', 59),
(598, '2023-12-05', 'খরচ', 'কীটনাশক', 10, 'kg', 5000, 1, 'Provash', '5', 'Fish, এনজায়েম', 'Provash Bokshi 2023-12-05 15:29:18', 55),
(599, '2023-12-06', 'খরচ', 'কীটনাশক', 7, 'kg', 11340, 1, 'Provash', '6', 'সেপ্টি', 'Provash Bokshi 2023-12-07 03:32:51', 55),
(604, '2023-12-06', 'খরচ', 'উকুন', 200, 'packet', 4800, 1, 'Provash', '6', 'এনজায়েট', 'Provash Bokshi 2023-12-07 03:34:56', NULL),
(609, '2023-12-07', 'খরচ', 'মজুরি/বেতন', 2, 'man', 800, 1, 'Provash', '7', '', 'Provash Bokshi 2023-12-15 11:05:35', 14),
(610, '2023-12-07', 'খরচ', 'মেশিন/যন্ত্রপাতি', 1, 'kg', 300, 1, 'Provash', '7', 'ছিল , লোহা, কবজা', 'Provash Bokshi 2023-12-15 11:07:16', 16),
(611, '2023-12-07', 'মজুর', 'মজুরি/বেতন', 3, 'man', 30000, 1, 'Provash', '7', '', 'Provash Bokshi 2023-12-15 11:08:19', 14),
(612, '2023-12-09', 'খরচ', 'উকুন', 144, 'packet', 3500, 1, 'Provash', '9', '', 'Provash Bokshi 2023-12-15 11:09:20', NULL),
(613, '2023-12-10', 'খরচ', 'লবন', 2, 'bosta', 2220, 1, 'Provash', '10', '', 'Provash Bokshi 2023-12-15 11:10:50', 61),
(614, '2023-12-10', 'খরচ', 'তালা', 2, 'ones', 160, 1, 'Provash', '10', '', 'Provash Bokshi 2023-12-15 11:13:10', 10),
(615, '2023-12-10', 'খরচ', 'পরিবহন', 1, 'ones', 60, 1, 'Provash', '10', '', 'Provash Bokshi 2023-12-15 11:14:06', 59),
(616, '2023-12-12', 'খরচ', 'পরিবহন', 1, 'ones', 150, 1, 'Provash', '12', '', 'Provash Bokshi 2023-12-15 11:14:59', 59),
(617, '2023-12-12', 'খরচ', 'বিবিধ', 2, 'man', 100, 1, 'Provash', '12', 'নাস্তা', 'Provash Bokshi 2023-12-15 11:16:32', 13),
(618, '2023-12-12', 'খরচ', 'বিবিধ', 1, 'ones', 90, 1, 'Provash', '12', 'আড়ত খরচ ', 'Provash Bokshi 2023-12-15 11:17:32', 13),
(619, '2023-12-14', 'খরচ', 'মেশিন/যন্ত্রপাতি', 5, 'ones', 1940, 1, 'Provash', '14', 'বেলা, খুন্তি', 'Provash Bokshi 2023-12-15 11:19:30', 16),
(620, '2023-12-14', 'খরচ', 'মনিহারী', 2000, 'ones', 3100, 1, 'Provash', '14', 'ভাউচার  তৈরি', 'Provash Bokshi 2023-12-15 11:21:30', 60),
(621, '2023-12-14', 'খরচ', 'পরিবহন', 1, 'ones', 500, 1, 'Provash', '14', 'চাল পরিবহন ', 'Provash Bokshi 2023-12-15 11:22:55', 59),
(622, '2023-12-14', 'খরচ', 'সবজির', 3, 'packet', 540, 1, 'Provash', '14', '', 'Provash Bokshi 2023-12-15 11:23:53', NULL),
(623, '2023-12-14', 'খরচ', 'মেশিন/যন্ত্রপাতি', 1, 'ones', 420, 1, 'Provash', '14', '', 'Provash Bokshi 2023-12-15 11:24:35', 16),
(624, '2023-12-14', 'খরচ', 'যাতায়াত', 1, 'ones', 130, 1, 'Provash', '14', 'বিদ্যুৎ অফিস যাওয়া আসা', 'Provash Bokshi 2023-12-15 11:25:40', 9),
(625, '2023-12-14', 'খরচ', 'চাউল/খুদ', 20, 'bosta', 34400, 1, 'Provash', '14', 'Credit ', 'Provash Bokshi 2023-12-15 11:27:03', 56),
(626, '2023-12-17', 'খরচ', 'মজুরি/বেতন', 1, 'man', 600, 1, 'Provash', '17', 'ইলেকট্রনিক মজুরি ', 'Provash Bokshi 2023-12-19 03:11:27', 14),
(627, '2023-12-18', 'খরচ', 'জ্বালানী', 10, 'mon', 2200, 1, 'Provash', '18', '', 'Provash Bokshi 2023-12-19 03:12:46', NULL),
(628, '2023-12-18', 'খরচ', 'পরিবহন', 1, 'man', 150, 1, 'Provash', '18', '', 'Provash Bokshi 2023-12-19 03:13:31', 59),
(629, '2023-12-20', 'খরচ', 'পরিবহন', 1, 'ones', 150, 1, 'Provash', '20', '', 'Provash Bokshi 2023-12-22 12:19:10', 59),
(630, '2023-12-20', 'খরচ', 'বিবিধ', 2, 'man', 50, 1, 'Provash', '20', '', 'Provash Bokshi 2023-12-22 12:20:15', 13),
(632, '2023-12-20', 'খরচ', 'আড়াই', 1, 'man', 73, 1, 'Provash', '20', '', 'Provash Bokshi 2023-12-22 12:22:28', NULL),
(633, '2023-12-22', 'খরচ', 'আড়াই', 1, 'ones', 1078, 1, 'Provash', '22', '', 'Provash Bokshi 2023-12-23 11:21:16', NULL),
(634, '2023-12-23', 'Others', 'সার', 1, 'ones', 900, 1, 'Provash', '22', '', 'Sujit 2024-08-08 09:13:50', 59),
(635, '2023-12-23', 'খরচ', 'আড়াই', 4, 'ones', 5329, 1, 'Provash', '23', '', 'Provash Bokshi 2023-12-23 11:23:05', NULL),
(636, '2023-12-23', 'খরচ', 'পরিবহন', 4, 'ones', 3600, 1, 'Provash', '23', '', 'Provash Bokshi 2023-12-23 11:23:59', 59),
(637, '2023-12-23', 'খরচ', 'বিবিধ', 2, 'packet', 50, 1, 'Provash', '23', '', 'Provash Bokshi 2023-12-23 11:25:02', 13),
(638, '2023-12-24', 'খরচ', 'আড়াই', 2, 'ones', 4362, 1, 'Provash', '24', '', 'Provash Bokshi 2023-12-24 15:57:26', NULL),
(639, '2023-12-23', 'খরচ', 'মজুরি/বেতন', 14, 'man', 200, 1, 'Provash', '23', 'বকশিষ ', 'Provash Bokshi 2023-12-26 15:17:18', 14),
(640, '2023-12-25', 'খরচ', 'আড়াই', 1, 'ones', 3401, 1, 'Provash', '25', '', 'Provash Bokshi 2023-12-26 16:11:40', NULL),
(641, '2023-12-25', 'খরচ', 'ক্রোকারিজ', 10, 'ones', 6518, 1, 'Provash', '25', '4 টা বড় হাড়ে, 1টা রান্নার হাড়ে, থালা 2টা, গ্লাস', 'Provash Bokshi 2023-12-26 16:18:48', 63),
(642, '2023-12-25', 'খরচ', 'মেশিন/যন্ত্রপাতি', 22, 'ones', 200, 1, 'Provash', '25', 'চেকবল+ নাট', 'Provash Bokshi 2023-12-26 16:22:18', 16),
(644, '2023-12-25', 'খরচ', 'বিদ্যুৎ', 1, 'ones', 272, 1, 'Provash', '25', '', 'Provash Bokshi 2023-12-27 15:27:18', NULL),
(645, '2023-12-26', 'খরচ', 'পরিবহন', 8, 'ones', 7200, 1, 'Provash', '26', 'মাছ পরিবহন ', 'Provash Bokshi 2023-12-27 15:51:07', 59),
(646, '2023-12-26', 'খরচ', 'বিবিধ', 1, 'ones', 100, 1, 'Provash', '26', 'রং ও তুলি', 'Provash Bokshi 2023-12-27 15:52:52', 13),
(647, '2023-12-26', 'খরচ', 'কীটনাশক', 1, 'ones', 850, 1, 'Provash', '26', 'ইঁদুর মারা ওষুধ 1 কৌটা ', 'Provash Bokshi 2023-12-27 15:55:21', 55),
(648, '2023-12-26', 'খরচ', 'আড়াই', 2, 'ones', 4440, 1, 'Provash', '26', '', 'Provash Bokshi 2023-12-27 16:21:05', NULL),
(649, '2023-12-26', 'খরচ', 'মজুরি/বেতন', 40, 'man', 20000, 1, 'Provash', '26', '', 'Provash Bokshi 2023-12-27 16:23:59', 14),
(650, '2023-12-26', 'খরচ', 'মজুরি/বেতন', 4, 'ones', 800, 1, 'Provash', '26', 'বকশিষ 4দিনের', 'Provash Bokshi 2023-12-27 16:27:52', 14),
(651, '2023-12-27', 'মজুর', 'মজুরি/বেতন', 26, 'man', 10400, 1, 'Provash', '27', 'জেলে মজুরি', 'Provash Bokshi 2023-12-28 15:30:43', 14),
(652, '2023-12-27', 'খরচ', 'মজুরি/বেতন', 26, 'ones', 1040, 1, 'Provash', '27', 'জাল ভাড়া', 'Provash Bokshi 2023-12-28 15:32:01', 14),
(653, '2023-12-27', 'খরচ', 'বিবিধ', 28, '---', 270, 1, 'Provash', '27', 'নাস্তা', 'Provash Bokshi 2023-12-28 15:33:37', 13),
(654, '2023-12-27', 'খরচ', 'মজুরি/বেতন', 3, 'ones', 600, 1, 'Provash', '27', 'বকশিষ ', 'Provash Bokshi 2023-12-28 15:36:50', 14),
(655, '2023-12-27', 'খরচ', 'বিবিধ', 20, 'packet', 400, 1, 'Provash', '27', 'বিড়ি', 'Provash Bokshi 2023-12-28 15:39:53', 13),
(656, '2023-12-27', 'খরচ', 'মেশিন/যন্ত্রপাতি', 1, 'ones', 29000, 1, 'Provash', '27', 'মটর ক্রয়', 'Provash Bokshi 2023-12-28 15:41:38', 16),
(657, '2023-12-27', 'খরচ', 'পরিবহন', 1, 'ones', 600, 1, 'Provash', '27', 'মটর আনা', 'Provash Bokshi 2023-12-28 15:44:20', 59),
(658, '2023-12-27', 'খরচ', 'পরিবহন', 2, 'ones', 300, 1, 'Provash', '27', '', 'Provash Bokshi 2023-12-28 15:59:49', 59),
(659, '2023-12-27', 'খরচ', 'মেশিন/যন্ত্রপাতি', 2, 'ones', 2115, 1, 'Provash', '27', '2 ফুট 5 ইঞ্চি পাইপ +নাট + প্লাঞ্চ +  ', 'Provash Bokshi 2023-12-28 16:04:58', 16),
(660, '2023-12-27', 'খরচ', 'মেশিন/যন্ত্রপাতি', 1, 'ones', 200, 1, 'Provash', '27', 'পুলি', 'Provash Bokshi 2023-12-28 16:05:58', 16),
(661, '2023-12-27', 'খরচ', 'আড়াই', 1, 'ones', 1390, 1, 'Provash', '27', '', 'Provash Bokshi 2023-12-28 16:18:55', NULL),
(662, '2023-12-28', 'খরচ', 'আড়াই', 3, 'ones', 7003, 1, 'Provash', '28', '', 'Provash Bokshi 2023-12-29 10:57:34', NULL),
(663, '2023-12-29', 'খরচ', 'আড়াই', 1, 'ones', 2260, 1, 'Provash', '29', '', 'Provash Bokshi 2023-12-29 11:07:50', NULL),
(665, '2023-12-19', 'খরচ', 'যাতায়াত', 1, 'ones', 130, 1, 'Provash', '13', 'বিদ্যুৎ অফিস যাওয়া আসা', 'Provash 2024-01-04 09:01:57', 9),
(666, '2023-12-24', 'খরচ', 'মজুরি/বেতন', 13, 'man', 200, 1, 'Provash', '17', 'বকশিষ ', 'Provash 2024-01-04 09:03:17', 14),
(667, '2023-12-06', 'খরচ', 'কীটনাশক', 14, 'ones', 18480, 1, 'Provash', '6', 'ইউটপ', 'Provash 2024-01-04 09:30:29', 55),
(668, '2023-12-28', 'খরচ', 'মজুরি/বেতন', 38, 'man', 17100, 1, 'Provash', '21', 'জেলে+জাল', 'Provash 2024-01-04 09:34:58', 14),
(669, '2023-12-28', 'খরচ', 'মজুরি/বেতন', 13, '---', 200, 1, 'Provash', '21', 'বকশিষ ', 'Provash 2024-01-04 09:35:47', 14),
(670, '2023-12-28', 'মজুর', 'মজুরি/বেতন', 1, 'man', 300, 1, 'Provash', '21', 'ইলেকট্রিশিয়ান মজুরি', 'Provash 2024-01-04 09:37:30', 14),
(671, '2023-12-28', 'খরচ', 'বিবিধ', 2, 'man', 100, 1, 'Provash', '21', 'নাস্তা ', 'Provash 2024-01-04 09:38:28', 13),
(672, '2023-12-28', 'খরচ', 'মজুরি/বেতন', 4, 'man', 200, 1, 'Provash', '21', 'বকশিষ ', 'Provash 2024-01-04 09:41:57', 14),
(673, '2023-12-28', 'মজুর', 'মজুরি/বেতন', 4, 'man', 1600, 1, 'Provash', '21', '', 'Provash 2024-01-04 09:42:50', 14),
(674, '2023-12-29', 'সম্পদ', 'মেশিন/যন্ত্রপাতি', 1, 'ones', 1500, 1, 'Provash', '22', 'চেচিস', 'Provash 2024-01-04 09:49:23', 16),
(675, '2023-12-29', 'খরচ', 'বিবিধ', 2, 'kg', 365, 1, 'Provash', '22', 'শরীষার তেল ', 'Provash 2024-01-04 09:51:42', 13),
(676, '2023-12-29', 'খরচ', 'বিবিধ', 4, 'ones', 470, 1, 'Provash', '22', 'বিস্কুট, ঝুড়ি,  বাটি, পান', 'Provash 2024-01-04 09:53:33', 13),
(677, '2023-12-29', 'খরচ', 'মোবিল', 5, 'kg', 1500, 1, 'Provash', '22', '', 'Provash 2024-01-04 09:54:24', 20),
(678, '2023-12-29', 'খরচ', 'বিবিধ', 3, 'ones', 513, 1, 'Provash', '22', 'দড়ি, সাবান, ', 'Provash 2024-01-04 09:56:13', 13),
(679, '2023-12-29', 'খরচ', 'মজুরি/বেতন', 13, 'ones', 200, 1, 'Provash', '22', 'বকশিষ ', 'Provash 2024-01-04 09:57:06', 14),
(680, '2023-12-29', 'মজুর', 'মজুরি/বেতন', 1, 'man', 500, 1, 'Provash', '22', 'দরজি ', 'Provash 2024-01-04 09:58:33', 14),
(681, '2023-12-29', 'খরচ', 'পরিবহন', 7, 'ones', 5800, 1, 'Provash', '5800', '', 'Provash 2024-01-04 09:59:50', 59),
(682, '2023-12-29', 'খরচ', 'আড়াই', 1, 'ones', 851, 1, 'Provash', '22', '', 'Provash 2024-01-04 10:00:57', NULL),
(683, '2023-12-30', 'খরচ', 'মনিহারী', 1, 'ones', 360, 1, 'Provash', '23', 'ক্যালকুলেটার ', 'Provash 2024-01-04 10:06:14', 60),
(686, '2023-12-30', 'খরচ', 'কীটনাশক', 14, 'ones', 18480, 1, 'Provash', '23', '', 'Provash 2024-01-04 10:11:04', 55),
(687, '2023-12-30', 'খরচ', 'বিবিধ', 1, 'ones', 250, 1, 'Provash', '23', 'উনুন ক্রয়', 'Provash 2024-01-04 10:12:25', 13),
(688, '2023-12-30', 'খরচ', 'বিবিধ', 2, 'man', 50, 1, 'Provash', '23', 'নাস্তা', 'Provash 2024-01-04 10:13:35', 13),
(689, '2023-12-30', 'খরচ', 'যাতায়াত', 4, 'ones', 120, 1, 'Provash', '23', '4 দিনের ', 'Provash 2024-01-04 10:14:43', 9),
(690, '2023-12-30', 'খরচ', 'পরিবহন', 1, 'ones', 900, 1, 'Provash', '23', '', 'Provash 2024-01-04 10:15:32', 59),
(691, '2023-12-30', 'খরচ', 'আড়াই', 1, 'ones', 1658, 1, 'Provash', '23', '', 'Provash 2024-01-04 10:16:25', NULL),
(692, '2023-12-30', 'মজুর', 'মজুরি/বেতন', 39, 'man', 17550, 1, 'Provash', '23', 'জেলে+জাল', 'Provash 2024-01-04 10:17:54', 14),
(693, '2023-12-30', 'মজুর', 'মজুরি/বেতন', 13, 'man', 200, 1, 'Provash', '23', 'বকশিষ ', 'Provash 2024-01-04 10:18:36', 14),
(694, '2023-12-30', 'খরচ', 'উকুন', 200, 'packet', 4800, 1, 'Provash', '23', '', 'Provash 2024-01-04 10:23:25', NULL),
(695, '2023-12-30', 'খরচ', 'কীটনাশক', 8, 'kg', 12960, 1, 'Provash', '23', '', 'Provash 2024-01-04 10:24:44', 55),
(696, '2023-12-31', 'খরচ', 'লবন', 5, 'bosta', 5675, 1, 'Provash', '24', '', 'Provash 2024-01-04 10:29:50', 61),
(697, '2023-12-31', 'খরচ', 'পরিবহন', 1, 'ones', 125, 1, 'Provash', '24', 'লবন আনা', 'Provash 2024-01-04 10:30:59', 59),
(698, '2023-12-31', 'খরচ', 'মুদি', 13, 'ones', 3140, 1, 'Provash', '24', '', 'Provash 2024-01-04 10:32:57', NULL),
(699, '2023-12-31', 'খরচ', 'যাতায়াত', 1, 'ones', 30, 1, 'Provash', '24', 'বসুন্দিয়া ', 'Provash 2024-01-04 10:34:26', 9),
(700, '2023-12-31', 'খরচ', 'বিবিধ', 2, 'ones', 50, 1, 'Provash', '24', 'নাস্তা ', 'Provash 2024-01-04 10:35:28', 13),
(701, '2023-12-31', 'সম্পদ', 'পরিবহন', 1, 'ones', 800, 1, 'Provash', '24', '', 'Provash 2024-01-04 10:36:24', 59),
(702, '2024-01-01', 'খরচ', 'যাতায়াত', 1, 'man', 150, 1, 'Provash', '25', 'বিদ্যুৎ অফিস যাওয়া আসা', 'Provash 2024-01-05 09:29:47', 9),
(703, '2024-01-01', 'সম্পদ', 'মনিহারী', 5, 'ones', 15, 1, 'Provash', '25', '', 'Provash 2024-01-05 09:30:52', 60),
(704, '2024-01-01', 'খরচ', 'বিবিধ', 1, 'ones', 50, 1, 'Provash', '25', 'নাস্তা', 'Provash 2024-01-05 09:31:45', 13),
(705, '2024-01-01', 'খরচ', 'বিবিধ', 2, 'man', 200, 1, 'Provash', '25', 'বিদ্যুৎ লাইন ম্যান বকশিষ ', 'Provash 2024-01-05 09:33:26', 13),
(706, '2024-01-02', 'খরচ', 'পরিবহন', 1, 'man', 500, 1, 'Provash', '26', 'ট্রান্সফরমার মনিরামপুর থেকে আনা', 'Provash 2024-01-05 09:35:11', 59),
(707, '2024-01-02', 'খরচ', 'বিবিধ', 2, 'man', 100, 1, 'Provash', '26', 'নাস্তা ', 'Provash 2024-01-05 09:36:20', 13),
(708, '2024-01-02', 'খরচ', 'বিবিধ', 2, 'ones', 400, 1, 'Provash', '26', 'দড়ি পাইপ', 'Provash 2024-01-05 09:38:28', 13),
(709, '2024-01-02', 'খরচ', 'বিবিধ', 1, 'ones', 60, 1, 'Provash', '26', 'বকশিষ ', 'Provash 2024-01-05 09:39:15', 13),
(710, '2024-01-03', 'খরচ', 'পরিবহন', 1, 'man', 150, 1, 'Provash', '27', '', 'Provash 2024-01-05 09:45:42', 59),
(711, '2024-01-03', 'খরচ', 'যাতায়াত', 1, 'man', 150, 1, 'Provash', '27', 'বিদ্যুৎ অফিস যাওয়া আসা', 'Provash 2024-01-05 09:46:23', 9),
(712, '2024-01-03', 'খরচ', 'বিবিধ', 2, 'man', 50, 1, 'Provash', '27', 'নাস্তা', 'Provash 2024-01-05 09:47:13', 13),
(713, '2024-01-03', 'খরচ', 'আড়াই', 1, 'ones', 55, 1, 'Provash', '27', '', 'Provash 2024-01-05 09:47:50', NULL),
(714, '2024-01-04', 'খরচ', 'চাউল/খুদ', 1000, 'kg', 32000, 1, 'Provash', '29', '', 'Provash 2024-01-05 09:49:58', 56),
(715, '2024-01-04', 'মাছের', 'D.O.R.B', 950, 'kg', 25170, 1, 'Provash', '29', '', 'Provash 2024-01-05 09:53:14', 65),
(716, '2024-01-04', 'মাছের', 'ভূষি', 20, 'bosta', 31000, 1, 'Provash', '29', '', 'Provash 2024-01-05 09:54:40', 57),
(717, '2024-01-05', 'খরচ', 'পরিবহন', 1, 'ones', 150, 1, 'Provash', '30', '', 'Provash 2024-01-05 09:55:41', 59),
(718, '2024-01-05', 'খরচ', 'বিবিধ', 1, 'ones', 20, 1, 'Provash', '30', 'নাস্তা ', 'Provash 2024-01-05 09:56:23', 13),
(719, '2024-01-05', 'খরচ', 'আড়াই', 1, 'ones', 30, 1, 'Provash', '30', '', 'Provash 2024-01-05 09:57:06', NULL),
(720, '2024-01-06', 'খরচ', 'আড়াই', 1, 'ones', 90, 1, 'Provash', '31', '', 'Provash 2024-01-11 10:19:02', NULL),
(721, '2024-01-06', 'খরচ', 'পরিবহন', 1, 'ones', 150, 1, 'Provash', '31', 'শাখ বিক্রির জন্য পরিবহন ', 'Provash 2024-01-11 10:21:46', 59),
(722, '2024-01-06', 'খরচ', 'বিবিধ', 1, 'man', 50, 1, 'Provash', '31', 'নাস্তা ', 'Provash 2024-01-11 10:22:39', 13),
(723, '2024-01-06', 'খরচ', 'পরিবহন', 2, 'ones', 780, 1, 'Provash', '31', '', 'Provash 2024-01-11 10:23:41', 59),
(724, '2024-01-06', 'খরচ', 'বিবিধ', 2, 'ones', 70, 1, 'Provash', '31', 'বকশিষ ', 'Provash 2024-01-11 10:24:51', 13),
(725, '2024-01-06', 'খরচ', 'পরিবহন', 1, 'ones', 400, 1, 'Provash', '31', '', 'Provash 2024-01-11 10:25:56', 59),
(726, '2024-01-07', 'খরচ', 'মুদি', 2, 'man', 150, 1, 'Provash', '32', '', 'Provash 2024-01-11 10:26:59', NULL),
(727, '2024-01-08', 'খরচ', 'রড', 2, 'ones', 1000, 1, 'Provash', '33', '', 'Provash 2024-01-11 10:29:03', 42),
(728, '2024-01-08', 'খরচ', 'রড', 1, 'ones', 70, 1, 'Provash', '33', 'রড জুলাই করা', 'Provash 2024-01-11 10:30:42', 42),
(729, '2024-01-08', 'খরচ', 'পরিবহন', 1, 'ones', 100, 1, 'Provash', '33', '', 'Provash 2024-01-11 10:31:49', 59),
(730, '2024-01-09', 'খরচ', 'বিবিধ', 1, 'man', 250, 1, 'Provash', '34', 'বিদ্যুৎ লাইন ম্যান বকশিষ ', 'Provash 2024-01-11 10:33:06', 13),
(731, '2024-01-09', 'খরচ', 'পরিবহন', 1, 'ones', 150, 1, 'Provash', '34', 'শাখ বিক্রির জন্য পরিবহন ', 'Provash 2024-01-11 10:34:15', 59),
(732, '2024-01-09', 'খরচ', 'মুদি', 2, 'ones', 160, 1, 'Provash', '34', 'ডিম+আলু', 'Provash 2024-01-11 10:35:33', NULL),
(733, '2024-01-09', 'খরচ', 'মেশিন/যন্ত্রপাতি', 4, 'ones', 1630, 1, 'Provash', '34', '', 'Provash 2024-01-11 10:36:35', 16),
(735, '2024-01-11', 'খরচ', 'যাতায়াত', 1, 'ones', 150, 1, 'Provash', '35', 'বিদ্যুৎ অফিস যাওয়া আসা', 'Provash 2024-01-11 10:39:14', 9),
(736, '2024-01-11', 'খরচ', 'মেশিন/যন্ত্রপাতি', 3, '---', 1800, 1, 'Provash', '35', '', 'Provash 2024-01-11 10:40:12', 16),
(737, '2024-01-10', 'খরচ', 'মেশিন/যন্ত্রপাতি', 4, '---', 470, 1, 'Provash', '36', '', 'Provash 2024-01-12 09:58:56', 16),
(738, '2024-01-12', 'খরচ', 'আড়াই', 1, 'ones', 178, 1, 'Provash', '37', '', 'Provash 2024-01-12 09:59:49', NULL),
(739, '2024-01-12', 'খরচ', 'বিবিধ', 12, 'man', 200, 1, 'Provash', '37', 'নাস্তা ', 'Provash 2024-01-12 10:00:59', 13),
(740, '2024-01-12', 'খরচ', 'মুদি', 1, 'kg', 55, 1, 'Provash', '37', 'আলু', 'Provash 2024-01-12 10:02:38', NULL),
(741, '2024-01-13', 'খরচ', 'পরিবহন', 3, 'ones', 500, 1, 'Provash', '38', '', 'Provash 2024-01-13 07:53:31', 59),
(742, '2024-01-13', 'খরচ', 'তেল', 100, 'kg', 10900, 1, 'Provash', '38', '', 'Provash 2024-01-13 07:57:26', NULL),
(743, '2024-01-13', 'মাছের', 'খৈল', 10, 'kg', 35200, 1, 'Provash', '38', '', 'Provash 2024-01-13 07:58:50', 7),
(744, '2024-01-13', 'খরচ', 'বিবিধ', 1.25, 'kg', 160, 1, 'Provash', '38', 'লোহা', 'Provash 2024-01-13 08:04:07', 13),
(745, '2024-01-13', 'খরচ', 'মুদি', 2, 'ones', 112, 1, 'Provash', '38', '', 'Provash 2024-01-13 08:08:46', NULL),
(746, '2024-01-13', 'খরচ', 'বিবিধ', 4, 'man', 100, 1, 'Provash', '38', 'বকশিষ ', 'Provash 2024-01-13 08:10:46', 13),
(747, '2024-01-13', 'খরচ', 'বিবিধ', 2, 'man', 80, 1, 'Provash', '38', 'নাস্তা ', 'Provash 2024-01-13 08:12:30', 13),
(748, '2024-01-13', 'খরচ', 'যাতায়াত', 2, 'ones', 100, 1, 'Provash', '38', 'বসুন্দিয়া থেকে রাজাপুর ', 'Provash 2024-01-13 08:15:36', 9),
(749, '2024-01-13', 'খরচ', 'আড়াই', 1, 'ones', 179, 1, 'Provash', '38', '', 'Provash 2024-01-13 08:17:19', NULL),
(750, '2024-01-14', 'খরচ', 'বিবিধ', 4, 'man', 100, 1, 'Provash', '39', 'বকশিষ ', 'Provash 2024-01-18 10:52:28', 13),
(751, '2024-01-15', 'খরচ', 'মেশিন/যন্ত্রপাতি', 6, 'ones', 150, 1, 'Provash', '40', 'বেল্ট', 'Provash 2024-01-18 10:57:59', 16),
(752, '2024-01-15', 'খরচ', 'বিবিধ', 4, 'man', 60, 1, 'Provash', '40', 'বকশিষ ', 'Provash 2024-01-18 10:58:38', 13),
(753, '2024-01-15', 'খরচ', 'কীটনাশক', 1, 'ones', 150, 1, 'Provash', '40', '', 'Provash 2024-01-18 11:00:06', 55),
(754, '2024-01-16', 'খরচ', 'পরিবহন', 1, 'ones', 160, 1, 'Provash', '41', '', 'Provash 2024-01-18 11:02:57', 59),
(755, '2024-01-16', 'খরচ', 'বিবিধ', 3, 'packet', 60, 1, 'Provash', '41', 'বিড়ি', 'Provash 2024-01-18 11:03:57', 13),
(756, '2024-01-17', 'মাছের', 'খৈল', 20, 'bosta', 70000, 1, 'Provash', '42', '', 'Provash 2024-01-18 11:05:54', 7),
(757, '2024-01-17', 'খরচ', 'চাউল/খুদ', 20, 'bosta', 32600, 1, 'Provash', '42', '', 'Provash 2024-01-18 11:07:19', 56),
(758, '2024-01-17', 'খরচ', 'ভূষি', 20, 'bosta', 33000, 1, 'Provash', '42', '', 'Provash 2024-01-18 11:08:12', 57),
(759, '2024-01-17', 'মাছের', 'আটা', 10, 'bosta', 18000, 1, 'Provash', '42', '', 'Provash 2024-01-18 11:09:51', 66),
(760, '2024-01-17', 'খরচ', 'পরিবহন', 1, 'ones', 1195, 1, 'Provash', '42', 'খৈল+আটা+ভুষি+চাল', 'Provash 2024-01-18 11:12:52', 59),
(761, '2024-01-17', 'খরচ', 'আড়াই', 1, 'ones', 134, 1, 'Provash', '42', '', 'Provash 2024-01-18 11:13:45', NULL),
(762, '2024-01-17', 'খরচ', 'মুদি', 2, 'ones', 80, 1, 'Provash', '42', 'আলু+ঝাল', 'Provash 2024-01-18 11:15:13', NULL),
(763, '2024-01-17', 'খরচ', 'কীটনাশক', 3, 'ones', 690, 1, 'Provash', '42', '', 'Provash 2024-01-18 11:16:09', 55),
(764, '2024-01-17', 'খরচ', 'বিবিধ', 2, 'man', 80, 1, 'Provash', '42', 'নাস্তা ', 'Provash 2024-01-18 11:16:58', 13),
(765, '2024-01-17', 'খরচ', 'ড্রাম', 5, 'ones', 9000, 1, 'Provash', '42', '', 'Provash 2024-01-18 11:18:33', 67),
(766, '2024-01-18', 'খরচ', 'আড়াই', 1, 'ones', 966, 1, 'Provash', '43', '', 'Provash 2024-01-18 11:19:47', NULL),
(767, '2024-01-18', 'খরচ', 'বিবিধ', 2, 'ones', 60, 1, 'Provash', '43', 'নাস্তা ', 'Provash 2024-01-18 11:20:40', 13),
(768, '2024-01-18', 'খরচ', 'বিবিধ', 3, 'packet', 60, 1, 'Provash', '43', 'বিড়ি ', 'Provash 2024-01-18 11:21:35', 13),
(769, '2024-01-18', 'খরচ', 'বিবিধ', 6, 'man', 100, 1, 'Provash', '43', 'বকশিষ ', 'Provash 2024-01-18 11:22:18', 13),
(770, '2024-01-18', 'খরচ', 'পরিবহন', 1, 'ones', 900, 1, 'Provash', '43', 'মাছ পরিবহন ', 'Provash 2024-01-18 11:23:24', 59),
(771, '2024-01-18', 'খরচ', 'উকুন', 205, 'ones', 4920, 1, 'Provash', '43', '', 'Provash 2024-01-18 11:25:58', NULL),
(772, '2024-01-18', 'খরচ', 'বিবিধ', 4, 'ones', 200, 1, 'Provash', '43', 'জাল ভাড়া', 'Provash 2024-01-18 11:27:14', 13),
(773, '2024-01-19', 'খরচ', 'পরিবহন', 1, 'ones', 150, 1, 'Provash', '44', 'শাখ বিক্রির জন্য পরিবহন ', 'Provash 2024-01-19 10:07:50', 59),
(774, '2024-01-19', 'খরচ', 'পরিবহন', 1, 'ones', 900, 1, 'Provash', '44', 'মাছ পরিবহন ', 'Provash 2024-01-19 10:08:53', 59),
(775, '2024-01-19', 'খরচ', 'আড়াই', 1, 'ones', 1177, 1, 'Provash', '44', '', 'Provash 2024-01-19 10:10:32', NULL),
(776, '2024-01-19', 'খরচ', 'বিবিধ', 4, 'ones', 100, 1, 'Provash', '44', 'বকশিষ ', 'Provash 2024-01-19 10:11:21', 13),
(777, '2024-01-19', 'খরচ', 'বিবিধ', 3, 'man', 50, 1, 'Provash', '44', 'নাস্তা ', 'Provash 2024-01-19 10:12:19', 13),
(778, '2024-01-21', 'খরচ', 'আড়াই', 1, 'ones', 647, 1, 'Provash', '45', '', 'Provash 2024-01-22 09:19:31', NULL),
(779, '2024-01-21', 'খরচ', 'পরিবহন', 1, 'ones', 150, 1, 'Provash', '45', 'মাছ পরিবহন ', 'Provash 2024-01-22 09:38:26', 59),
(780, '2024-01-21', 'খরচ', 'বিবিধ', 3, 'ones', 200, 1, 'Provash', '45', 'বকশিষ ', 'Provash 2024-01-22 09:42:30', 13),
(781, '2024-01-21', 'খরচ', 'তেল', 100, 'kg', 10900, 1, 'Provash', '45', '', 'Provash 2024-01-22 09:44:08', NULL),
(782, '2024-01-21', 'খরচ', 'পরিবহন', 1, 'ones', 100, 1, 'Provash', '45', 'তেল পরিবহন ', 'Provash 2024-01-22 09:45:45', 59),
(783, '2024-01-21', 'খরচ', 'পরিবহন', 1, 'ones', 825, 1, 'Provash', '45', 'খৈল , চাউল পরিবহন ', 'Provash 2024-01-22 09:46:55', 59),
(784, '2024-01-21', 'খরচ', 'বিবিধ', 2, 'man', 80, 1, 'Provash', '45', 'নাস্তা ', 'Provash 2024-01-22 09:47:40', 13),
(785, '2024-01-21', 'খরচ', 'ইলেকট্রনিক্স', 6, 'ones', 600, 1, 'Provash', '45', '', 'Provash 2024-01-22 09:48:42', 31),
(786, '2024-01-21', 'খরচ', 'বিবিধ', 1, 'man', 200, 1, 'Provash', '45', 'ডিজেল ম্যাশিন মিস্ত্রি কে প্রদান', 'Provash 2024-01-22 09:51:09', 13),
(787, '2024-01-21', 'খরচ', 'চুন', 15, 'bosta', 16800, 1, 'Provash', '45', '', 'Provash 2024-01-22 09:52:17', 23),
(788, '2024-01-21', 'খরচ', 'লবন', 6, 'bosta', 6840, 1, 'Provash', '45', '', 'Provash 2024-01-22 09:53:35', 61),
(789, '2024-01-21', 'খরচ', 'পরিবহন', 1, 'ones', 525, 1, 'Provash', '45', '', 'Provash 2024-01-22 09:55:13', 59),
(790, '2024-01-22', 'খরচ', 'বিবিধ', 2, 'ones', 70, 1, 'Provash', '46', 'নাস্তা ', 'Provash 2024-01-22 09:56:25', 13),
(791, '2024-01-22', 'খরচ', 'আড়াই', 1, 'ones', 535, 1, 'Provash', '46', '', 'Provash 2024-01-22 09:57:10', NULL),
(792, '2024-01-22', 'খরচ', 'বিবিধ', 4, 'packet', 80, 1, 'Provash', '45', 'বিড়ি', 'Provash 2024-01-22 09:58:05', 13),
(793, '2024-01-22', 'খরচ', 'মনিহারী', 4, 'ones', 20, 1, 'Provash', '46', 'কলম', 'Provash 2024-01-22 09:59:05', 60),
(794, '2024-01-22', 'খরচ', 'যাতায়াত', 1, 'man', 40, 1, 'Provash', '46', 'ন, পাড়া টু সুন্দরী, রাজাপুর ', 'Provash 2024-01-22 10:01:16', 9),
(795, '2024-01-22', 'খরচ', 'বিবিধ', 4, 'ones', 50, 1, 'Provash', '46', 'বকশিষ ', 'Provash 2024-01-22 10:02:16', 13),
(796, '2024-01-23', 'খরচ', 'পরিবহন', 2, '---', 300, 1, 'Provash', '47', 'মাছ পরিবহন ', 'Provash 2024-02-15 17:38:19', 59),
(797, '2024-01-23', 'খরচ', 'মুদি', 3, '---', 200, 1, 'Provash', '47', '', 'Provash 2024-02-15 17:39:32', NULL),
(798, '2024-01-23', 'খরচ', 'আড়াই', 1, 'ones', 585, 1, 'Provash', '47', '', 'Provash 2024-02-15 17:40:32', NULL),
(799, '2024-01-23', 'খরচ', 'যাতায়াত', 1, 'ones', 250, 1, 'Provash', '47', 'ন,পাড়া, সুন্দলী,  রাজাপুর,  মনিরামপুর,', 'Provash 2024-02-15 17:43:26', 9),
(800, '2024-01-23', 'খরচ', 'বিবিধ', 4, 'kg', 100, 1, 'Provash', '47', 'বকশিষ ', 'Provash 2024-02-15 17:44:48', 13),
(801, '2024-01-23', 'খরচ', 'বিবিধ', 2, 'man', 100, 1, 'Provash', '47', 'নাস্তা ', 'Provash 2024-02-15 17:45:42', 13),
(802, '2024-01-24', 'খরচ', 'মোবিল', 5, '---', 1500, 1, 'Provash', '48', '', 'Provash 2024-02-15 17:46:50', 20),
(803, '2024-01-24', 'খরচ', 'ইলেকট্রনিক্স', 1, 'ones', 550, 1, 'Provash', '48', 'ব্রেকার', 'Provash 2024-02-15 17:48:53', 31),
(804, '2024-01-24', 'খরচ', 'ইলেকট্রনিক্স', 1, 'ones', 40, 1, 'Provash', '48', '', 'Provash 2024-02-15 17:51:10', 31),
(805, '2024-01-24', 'খরচ', 'ইলেকট্রনিক্স', 1, 'ones', 70, 1, 'Provash', '48', '', 'Provash 2024-02-15 17:52:13', 31),
(806, '2024-01-24', 'খরচ', 'ইলেকট্রনিক্স', 1, 'ones', 5500, 1, 'Provash', '48', 'সুইচ  কাট আওট ', 'Provash 2024-02-15 17:54:03', 31),
(807, '2024-01-24', 'খরচ', 'বিবিধ', 6, 'ones', 150, 1, 'Provash', '48', 'বকশিষ ', 'Provash 2024-02-15 17:56:08', 13),
(808, '2024-01-24', 'খরচ', 'তেল', 100, 'kg', 10900, 1, 'Provash', '48', '', 'Provash 2024-02-15 17:57:14', NULL),
(809, '2024-01-24', 'খরচ', 'যাতায়াত', 1, 'man', 60, 1, 'Provash', '48', 'ন,পাড়া, বসুন্দিয়া', 'Provash 2024-02-15 17:59:19', 9),
(810, '2024-01-24', 'খরচ', 'বিদ্যুৎ', 2, 'ones', 5244, 1, 'Provash', '48', '', 'Provash 2024-02-15 18:00:27', NULL),
(811, '2024-01-24', 'খরচ', 'বিবিধ', 6, 'packet', 120, 1, 'Provash', '48', 'বিড়ি', 'Provash 2024-02-15 18:01:37', 13),
(812, '2024-01-24', 'খরচ', 'আড়াই', 2, 'ones', 2695, 1, 'Provash', '48', '', 'Provash 2024-02-15 18:02:53', NULL),
(813, '2024-01-24', 'খরচ', 'পরিবহন', 2, 'ones', 1050, 1, 'Provash', '48', '', 'Provash 2024-02-15 18:03:49', 59),
(814, '2024-01-25', 'খরচ', 'মেশিন/যন্ত্রপাতি', 1, 'ones', 200, 1, 'Provash', '49', 'ডেলিভারি পাইপ', 'Provash 2024-02-16 04:20:40', 16),
(815, '2024-01-25', 'Others', 'সার', 10, 'ones', 200, 1, 'Provash', '49', 'থ্রেট টেপ', 'Sujit 2024-08-08 10:00:42', 16),
(816, '2024-01-25', 'খরচ', 'আড়াই', 1, 'ones', 2756, 1, 'Provash', '49', '', 'Provash 2024-02-16 04:23:30', NULL),
(817, '2024-01-25', 'খরচ', 'বিবিধ', 11, 'ones', 550, 1, 'Provash', '49', 'জাল ভাড়া', 'Provash 2024-02-16 04:28:31', 13),
(818, '2024-01-25', 'খরচ', 'বিবিধ', 9, 'man', 200, 1, 'Provash', '49', 'বকশিষ ', 'Provash 2024-02-16 04:29:33', 13),
(819, '2024-01-25', 'খরচ', 'পরিবহন', 1, 'ones', 900, 1, 'Provash', '49', 'মাছ পরিবহন ', 'Provash 2024-02-16 04:30:36', 59),
(820, '2024-01-25', 'খরচ', 'বিবিধ', 1, 'ones', 60, 1, 'Provash', '49', 'নাস্তা ', 'Provash 2024-02-16 04:31:41', 13),
(821, '2024-01-26', 'খরচ', 'পরিবহন', 2, 'ones', 1800, 1, 'Provash', '50', 'মাছ পরিবহন ', 'Provash 2024-02-16 09:39:04', 59),
(822, '2024-01-26', 'খরচ', 'মেশিন/যন্ত্রপাতি', 1, 'ones', 480, 1, 'Provash', '50', '', 'Provash 2024-02-16 09:39:59', 16),
(823, '2024-01-26', 'খরচ', 'আড়াই', 2, 'ones', 3991, 1, 'Provash', '50', '', 'Provash 2024-02-16 09:40:54', NULL),
(824, '2024-01-26', 'খরচ', 'বিবিধ', 9, 'man', 200, 1, 'Provash', '50', 'বকশিষ ', 'Provash 2024-02-16 09:41:42', 13),
(825, '2024-01-27', 'খরচ', 'তেল', 1, 'kg', 109, 1, 'Provash', '51', '', 'Provash 2024-02-16 09:43:06', NULL),
(826, '2024-01-27', 'খরচ', 'বিবিধ', 6, 'man', 200, 1, 'Provash', '51', 'নাস্তা ', 'Provash 2024-02-16 09:44:20', 13),
(827, '2024-01-27', 'খরচ', 'বিবিধ', 2, 'packet', 100, 1, 'Provash', '51', 'সিগারেট,  বিদ্যুৎ শ্রমিক ', 'Provash 2024-02-16 09:47:57', 13),
(828, '2024-01-27', 'খরচ', 'বিবিধ', 9, 'man', 200, 1, 'Provash', '51', 'বকশিষ ', 'Provash 2024-02-16 09:49:15', 13),
(829, '2024-01-27', 'খরচ', 'বিবিধ', 5, 'packet', 100, 1, 'Provash', '51', 'বিড়ি', 'Provash 2024-02-16 09:50:14', 13),
(830, '2024-01-27', 'খরচ', 'আড়াই', 1, 'ones', 3936, 1, 'Provash', '51', '', 'Provash 2024-02-16 09:51:15', NULL),
(831, '2024-01-27', 'খরচ', 'বিবিধ', 6, 'ones', 300, 1, 'Provash', '51', 'জাল ভাড়া', 'Provash 2024-02-16 10:02:49', 13),
(832, '2024-01-27', 'খরচ', 'পরিবহন', 2, 'ones', 1800, 1, 'Provash', '51', 'মাছ পরিবহন ', 'Provash 2024-02-16 10:03:51', 59),
(833, '2024-01-28', 'খরচ', 'বিবিধ', 10, 'man', 200, 1, 'Provash', '53', 'বকশিষ ', 'Provash 2024-02-16 10:05:14', 13),
(834, '2024-01-28', 'খরচ', 'বিবিধ', 3, 'packet', 60, 1, 'Provash', '53', 'বিড়ি', 'Provash 2024-02-16 10:06:01', 13),
(835, '2024-01-29', 'খরচ', 'মুদি', 3, 'ones', 200, 1, 'Provash', '52', 'কালি,  আলু, চিনি', 'Provash 2024-02-16 10:12:44', NULL),
(836, '2024-01-29', 'খরচ', 'যাতায়াত', 1, 'ones', 60, 1, 'Provash', '52', 'ন,পাড়া, বসুন্দিয়া', 'Provash 2024-02-16 10:13:45', 9),
(837, '2024-01-29', 'খরচ', 'বিবিধ', 10, 'man', 2500, 1, 'Provash', '52', 'নাস্তা , বকশিষ,  বিদুৎলাইনম্যন ', 'Provash 2024-02-16 10:16:16', 13),
(838, '2024-01-29', 'খরচ', 'বিবিধ', 9, 'man', 200, 1, 'Provash', '52', 'বকশিষ ', 'Provash 2024-02-16 10:27:54', 13),
(839, '2024-01-29', 'খরচ', 'আড়াই', 1, 'ones', 4317, 1, 'Provash', '52', '', 'Provash 2024-02-16 10:28:58', NULL),
(840, '2024-01-29', 'খরচ', 'পরিবহন', 2, 'ones', 1700, 1, 'Provash', '52', 'মাছ পরিবহন ', 'Provash 2024-02-16 10:30:03', 59),
(841, '2024-01-30', 'খরচ', 'মজুরি/বেতন', 1, 'ones', 600, 1, 'Provash', '54', 'ইলেকট্রিশিয়ান মজুরি', 'Provash 2024-02-16 10:33:49', 14),
(842, '2024-01-30', 'খরচ', 'ইলেকট্রনিক্স', 2, 'ones', 500, 1, 'Provash', '54', 'কাটআওট ', 'Provash 2024-02-16 10:34:54', 31),
(843, '2024-01-30', 'খরচ', 'যাতায়াত', 1, 'ones', 150, 1, 'Provash', '54', 'বিদ্যুৎ অফিস যাওয়া আসা', 'Provash 2024-02-16 10:35:38', 9),
(844, '2024-01-30', 'সম্পদ', 'পরিবহন', 2, 'ones', 1300, 1, 'Provash', '54', 'মাছ পরিবহন ', 'Provash 2024-02-16 10:36:23', 59),
(845, '2024-01-30', 'খরচ', 'ইলেকট্রনিক্স', 1, 'ones', 150, 1, 'Provash', '54', 'কাঠ মিটার বোর্ড', 'Provash 2024-02-16 10:37:39', 31);
INSERT INTO `cost` (`id`, `date`, `costcategory`, `costitems`, `buyamount`, `unit`, `cost`, `status`, `buyer`, `buyvoucher`, `comment`, `logs`, `costitems_id`) VALUES
(846, '2023-12-30', 'খরচ', 'আড়াই', 1, 'ones', 1948, 1, 'Provash', '54', '', 'Provash 2024-02-16 10:38:51', NULL),
(847, '2024-01-30', 'খরচ', 'বিবিধ', 10, 'man', 200, 1, 'Provash', '54', 'বকশিষ ', 'Provash 2024-02-16 10:39:44', 13),
(848, '2024-01-31', 'খরচ', 'ইলেকট্রনিক্স', 134, 'ones', 6968, 1, 'Provash', '55', '134গজ, 492 ফুট ', 'Provash 2024-02-16 10:54:50', 31),
(849, '2024-01-31', 'খরচ', 'মেশিন/যন্ত্রপাতি', 8, 'ones', 400, 1, 'Provash', '55', '16 ইঞ্চি নাট', 'Provash 2024-02-16 10:56:28', 16),
(850, '2024-01-31', 'খরচ', 'বিবিধ', 2, 'ones', 80, 1, 'Provash', '55', 'জালাই', 'Provash 2024-02-16 10:57:28', 13),
(851, '2024-01-31', 'খরচ', 'পরিবহন', 1, 'ones', 200, 1, 'Provash', '55', 'ড্রপতার পরিবহন ', 'Provash 2024-02-16 10:58:44', 59),
(852, '2024-01-31', 'খরচ', 'বিবিধ', 4, 'ones', 1450, 1, 'Provash', '55', 'রিং, স্লাব ', 'Provash 2024-02-16 11:01:32', 13),
(853, '2024-01-31', 'খরচ', 'যাতায়াত', 1, 'ones', 50, 1, 'Provash', '55', 'রাজাপুর - ,  ন,পাড়া-  ', 'Provash 2024-02-16 11:03:12', 9),
(854, '2024-02-01', 'খরচ', 'মেশিন/যন্ত্রপাতি', 1, 'ones', 350, 1, 'Provash', '56', 'হেক্সা  ব্লেড', 'Provash 2024-02-18 09:08:37', 16),
(855, '2024-02-01', 'খরচ', 'বিবিধ', 4, 'ones', 100, 1, 'Provash', '56', 'লোহা জ্বালাই', 'Provash 2024-02-18 09:09:52', 13),
(856, '2024-02-01', 'খরচ', 'বিবিধ', 8, 'ones', 400, 1, 'Provash', '56', 'জাল ভাড়া', 'Provash 2024-02-18 09:14:14', 13),
(857, '2024-02-01', 'খরচ', 'আড়াই', 1, 'ones', 2902, 1, 'Provash', '56', '', 'Provash 2024-02-18 09:41:34', NULL),
(858, '2024-02-01', 'খরচ', 'বিবিধ', 10, 'packet', 200, 1, 'Provash', '56', 'বিড়ি', 'Provash 2024-02-18 09:42:25', 13),
(859, '2024-02-01', 'খরচ', 'বিবিধ', 10, 'man', 200, 1, 'Provash', '56', '', 'Provash 2024-02-18 09:43:24', 13),
(860, '2024-02-01', 'খরচ', 'পরিবহন', 1, 'ones', 900, 1, 'Provash', '56', 'মাছ পরিবহন ', 'Provash 2024-02-18 09:44:21', 59),
(861, '2024-02-02', 'সম্পদ', 'আড়াই', 1, 'ones', 2139, 1, 'Provash', '57', '', 'Provash 2024-02-18 09:45:56', NULL),
(862, '2024-02-02', 'খরচ', 'বিবিধ', 10, 'man', 200, 1, 'Provash', '57', 'বকশিষ ', 'Provash 2024-02-18 09:46:39', 13),
(863, '2024-02-02', 'খরচ', 'বিবিধ', 0.25, 'kg', 60, 1, 'Provash', '57', 'শরীষার তেল ', 'Provash 2024-02-18 09:48:49', 13),
(864, '2024-02-02', 'খরচ', 'পরিবহন', 1, 'ones', 900, 1, 'Provash', '57', 'মাছ পরিবহন ', 'Provash 2024-02-18 09:49:34', 59),
(865, '2024-02-03', 'খরচ', 'ইলেকট্রনিক্স', 1, 'ones', 500, 1, 'Provash', '58', 'আর্থিং রড', 'Provash 2024-02-18 09:56:10', 31),
(866, '2024-02-03', 'খরচ', 'বিবিধ', 1, 'man', 1000, 1, 'Provash', '58', 'ইলেকট্রিশিয়ান মজুরি', 'Provash 2024-02-18 09:57:11', 13),
(867, '2024-02-03', 'খরচ', 'পরিবহন', 1, 'ones', 900, 1, 'Provash', '5£', '', 'Provash 2024-02-18 10:00:42', 59),
(868, '2024-02-03', 'খরচ', 'হারি', 4, 'man', 98500, 1, 'Provash', '58', '', 'Provash 2024-02-18 10:11:32', NULL),
(869, '2024-02-03', 'খরচ', 'ভূষি', 20, 'bosta', 31000, 1, 'Provash', '58', '', 'Provash 2024-02-18 10:12:34', 57),
(870, '2024-02-03', 'খরচ', 'আড়াই', 1, 'ones', 693, 1, 'Provash', '58', '', 'Provash 2024-02-18 10:13:20', NULL),
(871, '2024-02-04', 'খরচ', 'বিবিধ', 5, 'ones', 250, 1, 'Provash', '59', 'জাল ভাড়া', 'Provash 2024-02-18 10:46:13', 13),
(872, '2024-02-04', 'খরচ', 'বিবিধ', 20, 'man', 400, 1, 'Provash', '59', 'বকশিষ ', 'Provash 2024-02-18 10:49:48', 13),
(873, '2024-02-04', 'খরচ', 'মেশিন/যন্ত্রপাতি', 3, 'ones', 270, 1, 'Provash', '59', 'রিং, এক্সেল ওসার', 'Provash 2024-02-18 10:51:32', 16),
(874, '2024-02-04', 'খরচ', 'বিবিধ', 6, 'packet', 120, 1, 'Provash', '59', 'বিড়ি', 'Provash 2024-02-18 10:52:57', 13),
(875, '2024-02-04', 'খরচ', 'আড়াই', 1, 'ones', 2109, 1, 'Provash', '59', '', 'Provash 2024-02-18 10:53:54', NULL),
(876, '2024-02-05', 'খরচ', 'বিবিধ', 9, 'man', 200, 1, 'Provash', '60', 'বকশিষ ', 'Provash 2024-02-18 11:27:03', 13),
(877, '2024-02-05', 'খরচ', 'বিবিধ', 4, 'packet', 80, 1, 'Provash', '60', 'বিড়ি', 'Provash 2024-02-18 11:28:06', 13),
(878, '2024-02-05', 'খরচ', 'মুদি', 2, 'ones', 100, 1, 'Provash', '60', '', 'Provash 2024-02-18 11:29:39', NULL),
(879, '2024-02-05', 'খরচ', 'আড়াই', 1, 'ones', 1519, 1, 'Provash', '60', '', 'Provash 2024-02-18 11:30:41', NULL),
(880, '2024-02-05', 'খরচ', 'তেল', 100, 'kg', 10900, 1, 'Provash', '60', '', 'Provash 2024-02-18 11:31:53', NULL),
(881, '2024-02-05', 'খরচ', 'পরিবহন', 1, 'ones', 100, 1, 'Provash', '60', 'তেল পরিবহন ', 'Provash 2024-02-18 11:32:54', 59),
(882, '2024-02-05', 'খরচ', 'পরিবহন', 2, 'ones', 1800, 1, 'Provash', '60', '2 দিন', 'Provash 2024-02-18 11:33:55', 59),
(883, '2024-02-06', 'খরচ', 'হারি', 1, 'man', 10000, 1, 'Provash', '61', 'দুলাল বিশ্বাস ', 'Provash 2024-02-18 11:37:03', NULL),
(884, '2024-02-06', 'খরচ', 'বিবিধ', 6, 'man', 700, 1, 'Provash', '61', 'বকশিষ ', 'Provash 2024-02-18 11:43:47', 13),
(885, '2024-02-06', 'খরচ', 'উকুন', 250, 'packet', 6000, 1, 'Provash', '61', '', 'Provash 2024-02-18 11:45:09', NULL),
(886, '2024-02-06', 'খরচ', 'পরিবহন', 1, 'ones', 900, 1, 'Provash', '61', 'মাছ পরিবহন ', 'Provash 2024-02-18 11:45:50', 59),
(887, '2024-02-06', 'খরচ', 'ইলেকট্রনিক্স', 1, 'ones', 3600, 1, 'Provash', '61', 'স্টাটার', 'Provash 2024-02-18 11:47:12', 31),
(888, '2024-02-06', 'খরচ', 'আড়াই', 1, 'ones', 2256, 1, 'Provash', '61', '', 'Provash 2024-02-18 11:48:07', NULL),
(889, '2024-02-06', 'খরচ', 'বিবিধ', 9, 'man', 200, 1, 'Provash', '61', 'বকশিষ ', 'Provash 2024-02-18 11:49:13', 13),
(890, '2024-01-30', 'খরচ', 'আড়াই', 1, 'ones', 1948, 1, 'Provash', '54', '', 'Provash 2024-02-19 11:28:54', NULL),
(891, '2024-02-07', 'খরচ', 'যাতায়াত', 1, 'man', 130, 1, 'Provash', '62', 'বিদ্যুৎ অফিস যাওয়া আসা', 'Provash 2024-02-22 08:44:24', 9),
(892, '2024-02-07', 'Others', 'সার', 1, 'ones', 1344, 1, 'Provash', '62', '', 'Sujit 2024-08-09 08:35:25', NULL),
(893, '2024-02-07', 'মাছের', 'ভাসমান', 1, 'bosta', 870, 1, 'Provash', '62', 'Aci', 'Provash 2024-02-22 08:48:52', NULL),
(894, '2024-02-07', 'খরচ', 'পরিবহন', 1, 'ones', 900, 1, 'Provash', '62', 'মাছ পরিবহন ', 'Provash 2024-02-22 08:49:56', 59),
(895, '2024-02-07', 'খরচ', 'বিবিধ', 6, 'packet', 120, 1, 'Provash', '62', 'বিড়ি', 'Provash 2024-02-22 08:50:50', 13),
(896, '2024-02-07', 'খরচ', 'বিবিধ', 10, 'man', 200, 1, 'Provash', '62', 'বকশিষ ', 'Provash 2024-02-22 08:51:50', 13),
(897, '2024-02-08', 'খরচ', 'টিএসপি', 15, 'bosta', 24000, 1, 'Provash', '63', '', 'Provash 2024-02-22 08:57:20', 51),
(898, '2024-02-08', 'খরচ', 'গ্রীণার/সালফেট', 70, 'packet', 12950, 1, 'Provash', '63', '', 'Provash 2024-02-22 08:58:50', 53),
(899, '2024-02-08', 'খরচ', 'মাইক্রো', 60, 'packet', 10500, 1, 'Provash', '63', '', 'Provash 2024-02-22 09:01:20', 69),
(900, '2024-02-08', 'খরচ', 'পরিবহন', 3, 'ones', 2700, 1, 'Provash', '63', 'মাছ পরিবহন যশোর,  মনিরামপুর ', 'Provash 2024-02-22 09:13:36', 59),
(901, '2024-02-08', 'খরচ', 'পরিবহন', 1, 'ones', 300, 1, 'Provash', '63', 'সার পরিবহন ', 'Provash 2024-02-22 09:14:48', 59),
(902, '2024-02-08', 'খরচ', 'বিবিধ', 8, 'ones', 400, 1, 'Provash', '63', 'জাল ভাড়া', 'Provash 2024-02-22 09:16:01', 13),
(903, '2024-02-08', 'খরচ', 'বিবিধ', 9, 'man', 200, 1, 'Provash', '63', 'বকশিষ ', 'Provash 2024-02-22 09:19:14', 13),
(904, '2024-02-08', 'খরচ', 'বিবিধ', 3, 'packet', 60, 1, 'Provash', '63', 'বিড়ি', 'Provash 2024-02-22 09:20:22', 13),
(905, '2024-02-08', 'খরচ', 'বাঁশ', 10, 'ones', 500, 1, 'Provash', '63', '', 'Provash 2024-02-22 09:21:10', NULL),
(906, '2024-02-08', 'খরচ', 'বিবিধ', 6, 'man', 100, 1, '100', '63', 'বকশিষ , ধানী', 'Provash 2024-02-22 09:22:17', 13),
(907, '2024-02-10', 'খরচ', 'পরিবহন', 1, 'ones', 1200, 1, 'Provash', '64', 'মাছ পরিবহন যশোর,  ', 'Provash 2024-02-22 09:23:48', 59),
(908, '2024-02-10', 'খরচ', 'বিবিধ', 6, 'man', 200, 1, 'Provash', '64', 'বকশিষ ', 'Provash 2024-02-22 09:25:32', 13),
(909, '2024-02-10', 'Others', 'খৈল', 19, 'bosta', 66690, 1, 'Provash', '64', '', 'Sujit 2024-08-09 08:36:32', 7),
(910, '2024-02-10', 'খরচ', 'বিবিধ', 2, 'man', 60, 1, 'Provash', '64', 'নাস্তা ', 'Provash 2024-02-22 09:34:09', 13),
(911, '2024-02-10', 'মাছের', 'ভাসমান', 15, 'bosta', 12000, 1, 'Provash', '64', 'মিগা ফিড 10কেজির বস্তা', 'Provash 2024-02-22 09:39:45', NULL),
(912, '2024-02-10', 'খরচ', 'পরিবহন', 1, 'ones', 200, 1, 'Provash', '64', 'ফিড আনা', 'Provash 2024-02-22 09:40:36', 59),
(913, '2024-02-12', 'খরচ', 'যাতায়াত', 1, 'man', 60, 1, 'Provash', '64', 'ন,পাড়া, বসুন্দিয়া', 'Provash 2024-02-22 09:42:30', 9),
(914, '2024-02-12', 'খরচ', 'বিবিধ', 2, 'ones', 80, 1, 'Provash', '65', 'নাস্তা ', 'Provash 2024-02-22 09:43:24', 13),
(915, '2024-02-12', 'খরচ', 'পরিবহন', 1, 'ones', 200, 1, 'Provash', '65', 'সবজি  পরিবহন ', 'Provash 2024-02-22 09:44:57', 59),
(916, '2024-02-12', 'খরচ', 'আড়াই', 1, 'ones', 238, 1, 'Provash', '65', '', 'Provash 2024-02-22 10:29:22', NULL),
(918, '2024-02-12', 'খরচ', 'গ্রীণার/সালফেট', 20, 'packet', 3600, 1, 'Provash', '65', '', 'Provash 2024-02-22 10:35:34', 53),
(919, '2024-02-12', 'খরচ', 'পরিবহন', 1, 'ones', 200, 1, 'Provash', '65', 'রিং, স্লাব পরিবহন ', 'Provash 2024-02-22 10:38:07', 59),
(920, '2024-02-15', 'মাছের', 'চিটা/কুড়া', 400, 'kg', 2020, 1, 'Provash', '66', '', 'Provash 2024-02-22 10:41:57', 70),
(921, '2024-02-15', 'খরচ', 'মেশিন/যন্ত্রপাতি', 3, 'ones', 125, 1, 'Provash', '66', 'প্যারিস, গিরিস,  হ্যান্ডেল', 'Provash 2024-02-22 10:44:06', 16),
(922, '2024-02-15', 'খরচ', 'বিদ্যুৎ', 1, 'ones', 6400, 1, 'Provash', '66', '', 'Provash 2024-02-22 10:45:29', NULL),
(923, '2024-02-15', 'খরচ', 'মজুরি/বেতন', 1, 'man', 3050, 1, 'Provash', '66', 'ইলেকট্রিশিয়ান মজুরি', 'Provash 2024-02-25 05:49:07', 14),
(924, '2024-02-15', 'খরচ', 'বিদ্যুৎ', 2, 'ones', 18830, 1, 'Provash', '66', 'বিদ্যৎ বিল', 'Provash 2024-02-25 05:52:06', NULL),
(925, '2024-02-15', 'সম্পদ', 'যাতায়াত', 1, 'ones', 150, 1, 'Provash', '67', 'বিদ্যুৎ অফিস যাওয়া আসা', 'Provash 2024-02-25 05:52:48', 9),
(926, '2024-02-15', 'খরচ', 'পরিবহন', 1, 'ones', 400, 1, 'Provash', '66', 'চিটা পরিবহন ', 'Provash 2024-02-25 05:54:20', 59),
(927, '2024-02-15', 'খরচ', 'হারি', 2, 'ones', 24000, 1, 'Provash', '66', '', 'Provash 2024-02-25 05:55:12', NULL),
(928, '2024-02-16', 'খরচ', 'আড়াই', 1, 'ones', 96, 1, 'Provash', '67', '', 'Provash 2024-02-25 05:56:44', NULL),
(929, '2024-02-16', 'খরচ', 'বিবিধ', 2, 'ones', 50, 1, 'Provash', '67', 'নাস্তা ', 'Provash 2024-02-25 05:57:45', 13),
(930, '2024-02-16', 'খরচ', 'পরিবহন', 1, 'ones', 150, 1, 'Provash', '67', 'সবজি  পরিবহন ', 'Provash 2024-02-25 05:59:13', 59),
(931, '2024-02-16', 'খরচ', 'বিবিধ', 2, 'ones', 100, 1, 'Provash', '67', 'জাল ভাড়া', 'Provash 2024-02-25 06:02:46', 13),
(932, '2024-02-16', 'খরচ', 'বিবিধ', 5, 'man', 150, 1, 'Provash', '67', 'নাস্তা ', 'Provash 2024-02-25 06:03:58', 13),
(933, '2024-02-16', 'খরচ', 'হারি', 1, 'man', 10000, 1, 'Provash', '67', 'গোবিন্দ ', 'Provash 2024-02-25 06:05:06', NULL),
(934, '2024-02-17', 'খরচ', 'পরিবহন', 1, 'ones', 900, 1, 'Provash', '68', 'মাছ পরিবহন ', 'Provash 2024-02-25 06:08:59', 59),
(935, '2024-02-17', 'খরচ', 'বিবিধ', 13, 'man', 250, 1, 'Provash', '68', 'বকশিষ ', 'Provash 2024-02-25 06:10:09', 13),
(936, '2024-02-17', 'খরচ', 'আড়াই', 1, 'ones', 1454, 1, 'Provash', '68', '', 'Provash 2024-02-25 06:11:12', NULL),
(937, '2024-02-17', 'খরচ', 'বিবিধ', 14, 'ones', 700, 1, 'Provash', '68', 'জাল ভাড়া', 'Provash 2024-02-25 06:14:41', 13),
(938, '2024-02-17', 'খরচ', 'মেশিন/যন্ত্রপাতি', 1, 'ones', 350, 1, 'Provash', '68', '3 এর ফুটবল ', 'Provash 2024-02-25 06:16:10', 16),
(939, '2024-02-17', 'খরচ', 'পলিথিন', 2, 'kg', 290, 1, 'Provash', '68', '', 'Provash 2024-02-25 06:17:47', 27),
(940, '2024-02-18', 'খরচ', 'পরিবহন', 1, 'ones', 900, 1, 'Provash', '69', '', 'Provash 2024-02-26 05:47:23', 59),
(941, '2024-02-18', 'খরচ', 'আড়াই', 1, 'ones', 996, 1, 'Provash', '69', '', 'Provash 2024-02-26 05:48:07', NULL),
(942, '2024-02-18', 'খরচ', 'বিবিধ', 13, 'man', 250, 1, 'Provash', '69', 'বকশিষ ', 'Provash 2024-02-26 05:48:58', 13),
(943, '2024-02-18', 'খরচ', 'বিবিধ', 14, 'ones', 700, 1, 'Provash', '69', 'জাল ভাড়া', 'Provash 2024-02-26 05:51:32', 13),
(944, '2024-02-18', 'খরচ', 'হারি', 1, 'ones', 8000, 1, 'Provash', '69', 'হিরামন', 'Provash 2024-02-26 05:53:09', NULL),
(946, '2024-02-19', 'খরচ', 'বিবিধ', 2, 'man', 80, 1, 'Provash', '70', 'নাস্তা ', 'Provash 2024-02-26 06:29:48', 13),
(947, '2024-02-19', 'খরচ', 'আড়াই', 1, 'ones', 180, 1, 'Provash', '70', '', 'Provash 2024-02-26 06:30:53', NULL),
(948, '2024-02-19', 'খরচ', 'মনিহারী', 100, 'ones', 240, 1, 'Provash', '70', 'টেপ, জমি মাপার ফিতা ', 'Provash 2024-02-26 06:33:25', 60),
(949, '2024-02-19', 'খরচ', 'পলিথিন', 4, 'kg', 1030, 1, 'Provash', '70', '', 'Provash 2024-02-26 06:35:09', 27),
(950, '2024-02-19', 'খরচ', 'নৌকা', 1, 'ones', 7000, 1, 'Provash', '70', '', 'Provash 2024-02-26 06:36:30', 44),
(951, '2024-02-20', 'খরচ', 'মজুরি/বেতন', 3, 'man', 500, 1, 'Provash', '71', 'বকশিষ ', 'Provash 2024-02-26 06:37:32', 14),
(952, '2024-02-20', 'খরচ', 'বিবিধ', 3, 'man', 100, 1, 'Provash', '70', 'নাস্তা ', 'Provash 2024-02-26 06:38:45', 13),
(953, '2024-02-22', 'খরচ', 'মুদি', 1, 'ones', 470, 1, 'পংকোজ', '72', '', 'Provash 2024-02-26 06:42:01', NULL),
(954, '2024-02-22', 'খরচ', 'আড়াই', 1, 'ones', 137, 1, 'পংকোজ', '72', '', 'Provash 2024-02-26 06:43:14', NULL),
(955, '2024-02-22', 'খরচ', 'পরিবহন', 1, 'ones', 200, 1, 'Provash', '72', 'সবজি  পরিবহন ', 'Provash 2024-02-26 06:44:29', 59),
(956, '2024-02-22', 'খরচ', 'ভাসমান', 5, 'bosta', 5500, 1, 'Provash', '72', 'মিগা ফিড 10কেজির বস্তা', 'Provash 2024-02-26 06:46:25', NULL),
(957, '2024-02-22', 'মাছের', 'ভাসমান', 10, 'bosta', 12000, 1, 'Provash', '72', 'মিগা ফিড 10কেজির বস্তা', 'Provash 2024-02-26 06:47:29', NULL),
(958, '2024-02-22', 'খরচ', 'পরিবহন', 1, 'ones', 200, 1, 'Provash', '72', 'ফিড আনা', 'Provash 2024-02-26 06:48:19', 59),
(959, '2024-02-23', 'খরচ', 'হারি', 1, 'ones', 18000, 1, 'Provash', '73', 'আসমত', 'Provash 2024-02-26 06:50:53', NULL),
(960, '2024-02-23', 'খরচ', 'বেকারি', 316, 'kg', 11060, 1, 'Provash', '73', '', 'Provash 2024-02-26 06:57:38', NULL),
(961, '2024-02-23', 'খরচ', 'পরিবহন', 2, 'ones', 400, 1, 'Provash', '73', 'বেকারি ডাস্টবিন পরিবহন ', 'Provash 2024-02-26 07:00:41', 59),
(962, '2024-02-23', 'খরচ', 'পরিবহন', 1, 'ones', 200, 1, 'Provash', '73', 'সবজি  পরিবহন ', 'Provash 2024-02-26 07:02:08', 59),
(963, '2024-02-23', 'খরচ', 'মেশিন/যন্ত্রপাতি', 1, 'ones', 600, 1, 'Provash', '73', 'মেশিন মেরামত ', 'Provash 2024-02-26 07:03:52', 16),
(964, '2024-02-24', 'সম্পদ', 'মেশিন/যন্ত্রপাতি', 1, 'ones', 8300, 1, 'সিদ্ধার্থ ', '74', 'মিয়া ডিজিটাল স্কেল', 'Provash 2024-02-26 07:24:55', 16),
(965, '2024-02-24', 'সম্পদ', 'পিলার', 6, 'ones', 2880, 1, 'সিদ্ধার্থ ', '74', '', 'Provash 2024-02-26 07:27:42', 22),
(966, '2024-02-24', 'খরচ', 'টিন', 13, 'ones', 4680, 1, 'সিদ্ধার্থ ', '74', '', 'Provash 2024-02-26 07:28:58', 34),
(967, '2024-02-24', 'সম্পদ', 'টিন', 9, 'ones', 2997, 1, 'সিদ্ধার্থ ', '74', '', 'Provash 2024-02-26 07:30:22', 34),
(969, '2024-02-24', 'সম্পদ', 'বাতা', 3, 'ones', 1350, 1, 'সিদ্ধার্থ ', '74', '', 'Provash 2024-02-26 07:33:16', 48),
(970, '2024-02-24', 'খরচ', 'বিবিধ', 2.5, 'kg', 245, 1, 'সিদ্ধার্থ ', '74', 'নাট', 'Provash 2024-02-26 08:26:54', 13),
(971, '2024-02-24', 'খরচ', 'বিবিধ', 16, 'ones', 32, 1, 'সিদ্ধার্থ ', '74', ' নাট', 'Provash 2024-02-26 08:27:58', 13),
(972, '2024-02-24', 'খরচ', 'বিবিধ', 2, 'ones', 20, 1, 'সিদ্ধার্থ ', '74', 'ওসার', 'Provash 2024-02-26 08:29:48', 13),
(973, '2024-02-24', 'খরচ', 'বিবিধ', 1.5, 'kg', 982, 1, 'সিদ্ধার্থ ', '74', 'তারকাটা, ছিল, ওসার', 'Provash 2024-02-26 08:32:40', 13),
(974, '2024-02-24', 'সম্পদ', 'মেশিন/যন্ত্রপাতি', 4, 'ones', 1170, 1, 'সিদ্ধার্থ ', '74', '', 'Provash 2024-02-26 08:33:49', 16),
(976, '2024-02-24', 'সম্পদ', 'মেশিন/যন্ত্রপাতি', 6, 'ones', 2550, 1, 'সিদ্ধার্থ ', '74', '', 'Provash 2024-02-26 08:48:23', 16),
(977, '2024-02-24', 'সম্পদ', 'ক্রোকারিজ', 1, 'ones', 2050, 1, 'সিদ্ধার্থ ', '74', 'রাইc কুকার', 'Sujit 2024-08-09 09:02:29', 63),
(978, '2024-02-12', 'খরচ', 'ইউরিয়া', 19, 'bosta', 25365, 1, 'Provash', '65', '', 'Provash 2024-02-26 08:54:24', 46),
(979, '2024-02-24', 'সম্পদ', 'মেশিন/যন্ত্রপাতি', 4, 'ones', 1700, 1, 'সিদ্ধার্থ ', '74', 'দা, কোথ', 'Provash 2024-02-26 08:56:20', 16),
(980, '2024-03-01', 'খরচ', 'হারি', 1, 'man', 10000, 1, 'Provash', '80', '', 'Provash 2024-03-02 07:20:30', NULL),
(981, '2024-03-01', 'খরচ', 'মেশিন/যন্ত্রপাতি', 1, 'ones', 4300, 1, 'Provash', '80', 'সিদ্ধার্থ,  পংকোজ মটর বাধানো', 'Provash 2024-03-02 07:22:21', 16),
(982, '2024-03-01', 'খরচ', 'মুদি', 1, 'ones', 570, 1, 'সিদ্ধার্থ ', '80', 'মুরগী ক্রয়', 'Provash 2024-03-02 07:23:34', NULL),
(983, '2024-03-01', 'খরচ', 'পরিবহন', 1, 'ones', 100, 1, 'সিদ্ধার্থ ', '80', 'বাতা পরিবহন ', 'Provash 2024-03-02 07:25:02', 59),
(984, '2024-03-01', 'সম্পদ', 'টিন', 2, 'ones', 760, 1, 'সিদ্ধার্থ ', '80', '', 'Provash 2024-03-02 07:26:01', 34),
(985, '2024-03-01', 'খরচ', 'বাতা', 3, 'ones', 1950, 1, 'সিদ্ধার্থ ', '80', '', 'Provash 2024-03-02 07:27:00', 48),
(986, '2024-03-01', 'খরচ', 'বিবিধ', 6, 'man', 50, 1, 'Provash', '80', 'নাস্তা ', 'Provash 2024-03-02 07:28:20', 13),
(987, '2024-02-29', 'সম্পদ', 'বাইসাইকেল', 1, 'ones', 2800, 1, 'সিদ্ধার্থ ', '78', '', 'Provash 2024-03-02 07:40:17', 72),
(988, '2024-02-29', 'খরচ', 'পরিবহন', 1, 'ones', 200, 1, 'সিদ্ধার্থ ', '79', '', 'Provash 2024-03-02 07:41:17', 59),
(989, '2024-02-28', 'মাছের', 'খৈল', 10, 'bosta', 35500, 1, 'Provash', '78', 'ক্রেডিট ', 'Provash 2024-03-02 07:42:48', 7),
(990, '2024-02-28', 'খরচ', 'চুন', 12, 'bosta', 14040, 1, 'Provash', '78', 'ক্রেডিট ', 'Provash 2024-03-02 07:44:30', 23),
(991, '2024-02-28', 'খরচ', 'পরিবহন', 1, 'ones', 650, 1, 'Provash', '78', 'চুন, খৈল', 'Provash 2024-03-02 07:45:47', 59),
(992, '2024-02-28', 'খরচ', 'ইলেকট্রনিক্স', 1, 'ones', 350, 1, 'Provash', '78', 'আর্থিং রড', 'Provash 2024-03-02 07:47:38', 31),
(993, '2024-02-28', 'খরচ', 'যাতায়াত', 1, 'ones', 150, 1, 'Provash', '78', 'বিদ্যুৎ অফিস যাওয়া আসা', 'Provash 2024-03-02 07:48:35', 9),
(994, '2024-02-28', 'খরচ', 'বিবিধ', 4, 'man', 50, 1, 'Provash', '78', 'নাস্তা ', 'Provash 2024-03-02 07:49:34', 13),
(995, '2024-02-26', 'খরচ', 'বিবিধ', 4, 'man', 50, 1, 'Provash', '77', 'চা, নাস্তা ', 'Provash 2024-03-02 07:54:37', 13),
(996, '2024-02-26', 'খরচ', 'বিবিধ', 4, 'ones', 80, 1, 'Provash', '77', 'বিড়ি', 'Provash 2024-03-02 07:58:52', 13),
(997, '2024-02-26', 'খরচ', 'যাতায়াত', 1, 'ones', 50, 1, 'Provash', '77', 'ন, পাড়া টু সুন্দরী, রাজাপুর ', 'Provash 2024-03-02 08:00:41', 9),
(998, '2024-02-26', 'খরচ', 'উকুন', 250, 'packet', 6000, 1, 'Provash', '77', '', 'Provash 2024-03-02 08:05:46', NULL),
(999, '2024-02-26', 'খরচ', 'হারি', 1, 'ones', 6000, 1, 'Provash', '77', 'আলমগীর ', 'Provash 2024-03-02 08:07:46', NULL),
(1000, '2024-02-26', 'খরচ', 'পরিবহন', 1, 'ones', 70, 1, 'Provash', '77', 'মটর ', 'Provash 2024-03-02 08:12:29', 59),
(1001, '2024-02-26', 'খরচ', 'মনিহারী', 50, 'ones', 150, 1, 'Provash', '77', 'ফটোকপি ', 'Provash 2024-03-02 08:20:44', 60),
(1002, '2024-02-26', 'খরচ', 'বিবিধ', 8, '---', 100, 1, 'Provash', '77', 'ছবি pp', 'Provash 2024-03-02 08:21:52', 13),
(1003, '2024-02-25', 'খরচ', 'মুদি', 1, 'man', 130, 1, 'পংকোজ', '76', '', 'Provash 2024-03-02 08:30:07', NULL),
(1004, '2024-02-25', 'খরচ', 'বিবিধ', 2, 'man', 100, 1, 'পংকোজ', '76', 'নাস্তা ', 'Provash 2024-03-02 08:30:54', 13),
(1005, '2024-02-25', 'খরচ', 'মেশিন/যন্ত্রপাতি', 1, 'ones', 100, 1, 'পংকোজ', '76', '', 'Provash 2024-03-02 08:32:08', 16),
(1006, '2024-02-25', 'সম্পদ', 'হারি', 1, 'man', 3400, 1, 'Provash', '76', '', 'Provash 2024-03-02 08:33:40', NULL),
(1007, '2024-03-05', 'খরচ', 'আড়াই', 2, 'ones', 4866, 1, 'Provash', '82', '', 'Provash 2024-03-06 02:04:32', NULL),
(1008, '2024-03-05', 'খরচ', 'মেশিন/যন্ত্রপাতি', 1, 'ones', 38400, 1, 'Provash', '82', 'মেশিন + পাপ্ম + সেচিস', 'Provash 2024-03-06 02:06:24', 16),
(1009, '2024-03-05', 'খরচ', 'মেশিন/যন্ত্রপাতি', 1, 'ones', 1050, 1, 'Provash', '82', 'ডেলিভারি পাইপ', 'Provash 2024-03-06 02:07:20', 16),
(1010, '2024-03-05', 'সম্পদ', 'ইলেকট্রনিক্স', 1640, '---', 23875, 1, 'Provash', '82', 'ড্রপতার ক্রয়', 'Provash 2024-03-06 02:09:28', 31),
(1011, '2024-03-05', 'খরচ', 'পরিবহন', 1, 'ones', 700, 1, 'Provash', '82', 'ড্রপতার পরিবহন ', 'Provash 2024-03-06 02:13:48', 59),
(1012, '2024-03-05', 'খরচ', 'পরিবহন', 1, 'ones', 700, 1, 'Provash', '82', 'মটর ', 'Provash 2024-03-06 02:15:57', 59),
(1013, '2024-03-05', 'খরচ', 'পরিবহন', 2, 'ones', 1800, 1, 'Provash', '82', 'মাছ পরিবহন ', 'Provash 2024-03-06 02:16:59', 59),
(1014, '2024-03-05', 'খরচ', 'বিবিধ', 3, 'man', 110, 1, 'Provash', '82', 'নাস্তা ', 'Provash 2024-03-06 02:18:54', 13),
(1015, '2024-02-24', 'খরচ', 'মনিহারী', 6, 'ones', 170, 1, 'সিদ্ধার্থ ', '74', 'খাতা', 'Provash 2024-03-10 08:27:02', 60),
(1016, '2024-02-24', 'খরচ', 'মজুরি/বেতন', 1, 'ones', 200, 1, 'সিদ্ধার্থ ', '74', '', 'Provash 2024-03-10 08:27:53', 14),
(1017, '2024-02-24', 'খরচ', 'মুদি', 1, 'ones', 185, 1, 'সিদ্ধার্থ ', '74', '', 'Provash 2024-03-10 08:28:52', NULL),
(1018, '2024-02-24', 'খরচ', 'বিবিধ', 13, 'man', 310, 1, 'সিদ্ধার্থ ', '74', 'নাস্তা ', 'Provash 2024-03-10 08:29:54', 13),
(1019, '2024-02-24', 'খরচ', 'ইলেকট্রনিক্স', 1, 'ones', 3000, 1, 'সিদ্ধার্থ ', '74', 'টচ লাইট ', 'Provash 2024-03-10 08:31:20', 31),
(1020, '2024-02-24', 'খরচ', 'ইলেকট্রনিক্স', 2, 'ones', 750, 1, 'সিদ্ধার্থ ', '74', 'টচ লাইট ', 'Provash 2024-03-10 08:32:23', 31),
(1021, '2024-02-24', 'খরচ', 'বিবিধ', 4, 'ones', 1000, 1, 'সিদ্ধার্থ ', '74', 'গামবুট ', 'Provash 2024-03-10 08:33:46', 13),
(1022, '2024-02-24', 'সম্পদ', 'মেশিন/যন্ত্রপাতি', 1, 'ones', 1000, 1, 'সিদ্ধার্থ ', '74', 'তেল দেওয়ার মেশিন ', 'Provash 2024-03-10 08:35:51', 16),
(1023, '2024-02-24', 'খরচ', 'বিবিধ', 1, 'ones', 2400, 1, 'সিদ্ধার্থ ', '75', 'ওয়াই ফাই', 'Provash 2024-03-10 08:57:51', 13),
(1024, '2024-02-24', 'খরচ', 'বিবিধ', 1, 'ones', 110, 1, 'সিদ্ধার্থ ', '75', 'মাটি ফেলা', 'Provash 2024-03-10 08:59:18', 13),
(1025, '2024-02-24', 'খরচ', 'ইলেকট্রনিক্স', 10, 'ones', 32000, 1, 'সিদ্ধার্থ ', '75', '10 কয়েল ', 'Provash 2024-03-10 09:00:33', 31),
(1026, '2024-02-24', 'খরচ', 'ইলেকট্রনিক্স', 20, 'ones', 8000, 1, 'সিদ্ধার্থ ', '75', 'Led light', 'Provash 2024-03-10 09:02:24', 31),
(1027, '2024-02-24', 'খরচ', 'বিবিধ', 1, 'ones', 75, 1, 'সিদ্ধার্থ ', '75', 'ছাপার ফিতা', 'Provash 2024-03-10 09:03:18', 13),
(1028, '2024-02-24', 'খরচ', 'বিবিধ', 1, 'ones', 300, 1, 'সিদ্ধার্থ ', '300', 'মাইক ভাড়া ', 'Provash 2024-03-10 09:04:43', 13),
(1029, '2024-02-24', 'খরচ', 'বিবিধ', 7, 'packet', 140, 1, 'সিদ্ধার্থ ', '75', 'বিড়ি', 'Provash 2024-03-10 09:05:32', 13),
(1030, '2024-02-24', 'খরচ', 'টিন', 2, 'ones', 200, 1, 'সিদ্ধার্থ ', '74', 'মটকা ', 'Provash 2024-03-10 09:12:00', 34),
(1031, '2024-02-25', 'খরচ', 'পরিবহন', 1, 'ones', 200, 1, 'পংকোজ', '76', 'সবজি  পরিবহন ', 'Provash 2024-03-10 09:15:13', 59),
(1032, '2024-02-25', 'খরচ', 'হারি', 1, 'ones', 24300, 1, 'Provash', '76', '807', 'Provash 2024-03-10 09:18:20', NULL),
(1033, '2024-02-25', 'খরচ', 'বাঁশ', 16, 'ones', 4160, 1, 'Provash', '76', '', 'Provash 2024-03-10 09:25:53', NULL),
(1034, '2024-03-09', 'খরচ', 'আড়াই', 1, 'ones', 3092, 1, 'Provash', '87', '', 'Provash 2024-03-10 11:06:35', NULL),
(1035, '2024-03-09', 'খরচ', 'ভুট্টা', 7, 'bosta', 12600, 1, 'Provash', '87', '', 'Provash 2024-03-10 11:09:37', 73),
(1036, '2024-03-09', 'খরচ', 'পরিবহন', 1, 'ones', 250, 1, 'Provash', '87', 'ভুট্টা পরিবহন ', 'Provash 2024-03-10 11:10:47', 59),
(1037, '2024-03-09', 'খরচ', 'পরিবহন', 2, 'ones', 1800, 1, 'Provash', '87', 'মাছ পরিবহন ', 'Provash 2024-03-10 11:11:33', 59),
(1038, '2024-03-09', 'খরচ', 'যাতায়াত', 1, 'ones', 100, 1, 'Provash', '87', 'ন, পাড়া টু সুন্দরী, রাজাপুর ', 'Provash 2024-03-10 11:12:53', 9),
(1039, '2024-03-09', 'খরচ', 'বিবিধ', 2, 'ones', 50, 1, 'Provash', '87', 'নাস্তা ', 'Provash 2024-03-10 11:13:30', 13),
(1040, '2024-03-09', 'খরচ', 'আড়াই', 1, 'ones', 1960, 1, 'Provash', '87', '7/03/2024 তারিখের আড়ৎ খরচ ', 'Provash 2024-03-10 11:14:59', NULL),
(1041, '2024-03-08', 'খরচ', 'হারি', 1, 'ones', 40000, 1, 'Provash', '86', '788, 799', 'Provash 2024-03-10 11:17:21', NULL),
(1042, '2024-03-08', 'খরচ', 'বিবিধ', 2, 'packet', 40, 1, 'Provash', '86', 'বিড়ি', 'Provash 2024-03-10 11:18:27', 13),
(1043, '2024-03-07', 'খরচ', 'বিবিধ', 42, 'ones', 2100, 1, 'Provash', '84', 'জাল ভাড়া', 'Provash 2024-03-10 11:22:30', 13),
(1044, '2024-03-07', 'খরচ', 'বিবিধ', 3, 'ones', 600, 1, 'Provash', '84', 'বকশিষ তিন দিনের ', 'Provash 2024-03-10 11:23:49', 13),
(1045, '2024-03-07', 'খরচ', 'পরিবহন', 1, 'ones', 900, 1, 'Provash', '84', 'মাছ পরিবহন ', 'Provash 2024-03-10 11:24:49', 59),
(1046, '2024-03-07', 'খরচ', 'কীটনাশক', 1, 'ones', 200, 1, 'হরিচান', '84', 'সুমিথিয়ান', 'Provash 2024-03-10 11:26:39', 55),
(1047, '2024-03-07', 'খরচ', 'পরিবহন', 1, 'ones', 500, 1, 'Provash', '84', 'মাছ পরিবহন ', 'Provash 2024-03-10 11:30:36', 59),
(1048, '2024-03-07', 'খরচ', 'বিবিধ', 2, 'ones', 100, 1, 'হরিচান', '84', 'নাস্তা ', 'Provash 2024-03-10 11:34:56', 13),
(1049, '2024-03-07', 'খরচ', 'পরিবহন', 1, 'ones', 200, 1, 'Provash', '84', 'ফিড আনা', 'Provash 2024-03-10 11:35:54', 59),
(1050, '2024-03-07', 'খরচ', 'বিবিধ', 1, 'ones', 150, 1, 'হরিচান', '84', 'বকশিষ ', 'Provash 2024-03-10 11:37:16', 13),
(1051, '2024-03-07', 'খরচ', 'সার', 2, '---', 9000, 1, 'Provash', '84', '31', 'Provash 2024-03-10 11:38:49', 2),
(1052, '2024-03-10', 'খরচ', 'ইলেকট্রনিক্স', 1, 'ones', 250, 1, 'Provash', '88', 'পুশ সুইচ ', 'Provash 2024-03-11 11:29:00', 31),
(1053, '2024-03-10', 'খরচ', 'হারি', 8, 'ones', 3400, 1, 'Provash', '88', '', 'Provash 2024-03-11 11:30:28', NULL),
(1054, '2024-03-10', 'খরচ', 'বিবিধ', 4, 'man', 85, 1, 'Provash', '88', 'নাস্তা ', 'Provash 2024-03-11 11:31:53', 13),
(1055, '2024-03-10', 'খরচ', 'পরিবহন', 1, 'ones', 900, 1, 'Provash', '88', 'মাছ পরিবহন ', 'Provash 2024-03-11 11:32:52', 59),
(1056, '2024-03-10', 'খরচ', 'হারি', 62, '---', 17700, 1, 'Provash', '88', '815', 'Provash 2024-03-11 11:36:08', NULL),
(1057, '2024-03-10', 'খরচ', 'মেশিন/যন্ত্রপাতি', 4, 'ones', 1050, 1, 'তুষার ', '88', 'করাত, ঝুড়ি, কুড়াল', 'Provash 2024-03-11 11:38:35', 16),
(1058, '2024-03-10', 'খরচ', 'বিবিধ', 6, 'man', 435, 1, 'Provash', '88', 'জন সহ অন্যান্য লোকজন এর চা, নাস্তা 6 দিনের ', 'Provash 2024-03-11 11:41:14', 13),
(1059, '2024-03-10', 'খরচ', 'আড়াই', 1, 'ones', 2622, 1, 'Provash', '88', '', 'Provash 2024-03-11 11:42:21', NULL),
(1060, '2024-03-10', 'খরচ', 'বিবিধ', 34, 'ones', 1700, 1, 'Provash', '88', 'জাল ভাড়া', 'Provash 2024-03-11 11:46:26', 13),
(1061, '2024-03-10', 'খরচ', 'বিবিধ', 3, 'ones', 600, 1, 'Provash', '88', 'বকশিষ ', 'Provash 2024-03-11 11:47:09', 13),
(1062, '2024-03-10', 'খরচ', 'ইট', 1000, 'ones', 11000, 1, 'Provash', '88', '', 'Provash 2024-03-11 11:48:06', 40),
(1064, '2024-03-13', 'খরচ', 'পরিবহন', 1, 'ones', 1400, 1, 'Provash', '91', 'মাছ পরিবহন ', 'Provash 2024-03-13 11:39:51', 59),
(1065, '2024-03-13', 'খরচ', 'বিবিধ', 2, 'man', 145, 1, 'Provash', '91', 'নাস্তা ', 'Provash 2024-03-13 11:40:41', 13),
(1066, '2024-03-13', 'খরচ', 'বিবিধ', 6, 'man', 200, 1, 'Provash', '91', 'বকশিষ ', 'Provash 2024-03-13 11:41:24', 13),
(1067, '2024-03-13', 'Others', 'সার', 1, 'ones', 3000, 1, 'Provash', '91', 'হরেকষ্ণ', 'Sujit 2024-08-09 10:07:46', NULL),
(1068, '2024-03-12', 'খরচ', 'আড়াই', 1, 'ones', 2247, 1, 'Provash', '90', '', 'Provash 2024-03-13 11:45:58', NULL),
(1069, '2024-03-12', 'খরচ', 'উকুন', 250, 'ones', 6000, 1, 'Provash', '90', '', 'Provash 2024-03-13 11:47:27', NULL),
(1070, '2024-03-12', 'খরচ', 'পটাশ', 12, 'packet', 5400, 1, 'Provash', '90', '', 'Provash 2024-03-13 11:49:30', 74),
(1071, '2024-03-12', 'খরচ', 'পরিবহন', 2, 'ones', 1800, 1, 'Provash', '90', 'মাছ পরিবহন ', 'Provash 2024-03-13 11:50:15', 59),
(1072, '2024-03-11', 'খরচ', 'পরিবহন', 2, 'ones', 1800, 1, 'Provash', '89', 'মাছ পরিবহন ', 'Provash 2024-03-13 11:51:15', 59),
(1073, '2024-03-11', 'খরচ', 'হাড়ি', 4, 'ones', 3310, 1, 'Provash', '89', '', 'Provash 2024-03-13 11:52:18', 25),
(1074, '2024-03-11', 'খরচ', 'পরিবহন', 1, 'ones', 200, 1, 'Provash', '89', 'ভুট্টা পরিবহন ', 'Provash 2024-03-13 11:53:28', 59),
(1075, '2024-03-11', 'খরচ', 'আড়াই', 1, 'ones', 2702, 1, 'Provash', '89', '', 'Provash 2024-03-13 11:54:11', NULL),
(1076, '2024-03-14', 'মাছের', 'ভাসমান', 2, 'kg', 260, 1, 'Provash', '92', 'চারা মাছ', 'Provash 2024-03-17 07:18:34', NULL),
(1077, '2024-03-15', 'খরচ', 'হারি', 1, 'ones', 20000, 1, 'Provash', '93', 'স্বপনা রানী পাল', 'Provash 2024-03-17 07:21:23', NULL),
(1078, '2024-03-15', 'খরচ', 'বিবিধ', 10, 'man', 110, 1, 'Provash', '93', 'নাস্তা ', 'Provash 2024-03-17 07:22:16', 13),
(1079, '2024-03-16', 'খরচ', 'হারি', 1, 'ones', 10000, 1, 'Provash', '94', 'প্রকাশ রায় দাগ-759', 'Provash 2024-03-17 07:31:19', NULL),
(1080, '2024-03-16', 'খরচ', 'হারি', 1, 'ones', 10000, 1, 'Provash', '94', 'পিন্টু বকসী,  786', 'Provash 2024-03-17 07:33:08', NULL),
(1081, '2024-03-16', 'খরচ', 'হারি', 1, 'man', 8000, 1, 'Provash', '94', 'গোলক মন্ডল, 810', 'Provash 2024-03-17 07:34:52', NULL),
(1082, '2024-03-16', 'খরচ', 'বিবিধ', 4, 'ones', 20, 1, 'Provash', '94', 'নাস্তা ', 'Provash 2024-03-17 07:35:30', 13),
(1083, '2024-03-19', 'খরচ', 'আড়ত', 1, 'ones', 2220, 1, 'Provash', '96', '', 'Provash 2024-03-21 06:19:20', 62),
(1084, '2024-03-19', 'খরচ', 'বিদ্যুৎ', 2, 'ones', 7210, 1, 'Provash', '96', '', 'Provash 2024-03-21 06:20:04', NULL),
(1085, '2024-03-19', 'খরচ', 'যাতায়াত', 1, 'ones', 145, 1, 'Provash', '96', 'ন, পাড়া টু , রাজাপুর ', 'Provash 2024-03-21 06:21:25', 9),
(1086, '2024-03-19', 'খরচ', 'পরিবহন', 2, 'ones', 1800, 1, 'Provash', '96', 'মাছ পরিবহন ', 'Provash 2024-03-21 06:23:22', 59),
(1087, '2024-03-19', 'খরচ', 'বিবিধ', 8, 'man', 50, 1, 'Provash', '96', 'নাস্তা ', 'Provash 2024-03-21 06:25:23', 13),
(1088, '2024-03-18', 'খরচ', 'টিএসপি', 9, 'bosta', 6975, 1, 'Provash', '95', '', 'Provash 2024-03-21 07:54:29', 51),
(1089, '2024-03-18', 'খরচ', 'DAP', 10, 'bosta', 5750, 1, 'Provash', '95', '', 'Provash 2024-03-21 07:55:17', 45),
(1090, '2024-03-18', 'খরচ', 'পরিবহন', 2, 'ones', 1800, 1, 'Provash', '95', 'মাছ পরিবহন ', 'Provash 2024-03-21 07:56:23', 59),
(1091, '2024-03-18', 'খরচ', 'ইলেকট্রনিক্স', 12, 'ones', 2935, 1, 'Provash', '95', '', 'Provash 2024-03-21 07:58:01', 31),
(1092, '2024-03-18', 'খরচ', 'লবন', 9, 'bosta', 9000, 1, 'Provash', '95', '', 'Provash 2024-03-21 07:59:24', 61),
(1093, '2024-03-18', 'খরচ', 'পরিবহন', 1, 'ones', 200, 1, 'Provash', '95', 'লবণ  পরিবহন ', 'Provash 2024-03-21 08:00:43', 59),
(1094, '2024-03-18', 'খরচ', 'বিবিধ', 1300, 'kg', 4500, 1, 'Provash', '95', 'চিটা+ভুট্টা ভাংনো', 'Provash 2024-03-21 08:03:34', 13),
(1095, '2024-03-18', 'খরচ', 'আড়ত', 2, 'ones', 3508, 1, 'Provash', '95', '', 'Provash 2024-03-21 08:04:24', 62),
(1096, '2024-03-18', 'খরচ', 'কীটনাশক', 2, 'ones', 700, 1, 'Provash', '95', '', 'Provash 2024-03-21 08:05:27', 55),
(1097, '2024-03-18', 'খরচ', 'হারি', 1, 'man', 3000, 1, 'Provash', '95', '', 'Provash 2024-03-21 08:06:50', NULL),
(1098, '2024-03-18', 'খরচ', 'হারি', 1, 'man', 6000, 1, 'Provash', '95', 'সুভাষ চন্দ্র রায়, পশ্চিম পাড়া', 'Provash 2024-03-21 08:08:47', NULL),
(1099, '2024-03-18', 'খরচ', 'হারি', 1, 'man', 10000, 1, 'Provash', '95', 'তনয় বিশ্বাস ', 'Provash 2024-03-21 08:09:49', NULL),
(1100, '2024-03-20', 'খরচ', 'কীটনাশক', 70, 'ones', 12600, 1, 'Provash', '97', 'ফিস গাড', 'Provash 2024-03-22 08:48:27', 55),
(1101, '2024-03-20', 'খরচ', 'বিবিধ', 8, 'man', 65, 1, 'Provash', '97', 'নাস্তা ', 'Provash 2024-03-22 08:49:36', 13),
(1102, '2024-03-20', 'খরচ', 'পরিবহন', 2, 'ones', 1350, 1, 'Provash', '97', 'খৈল+ফিড+কুড়া', 'Provash 2024-03-22 08:52:02', 59),
(1103, '2024-03-20', 'খরচ', 'চিটা/কুড়া', 3, 'ones', 1500, 1, 'Provash', '97', '', 'Provash 2024-03-22 08:53:12', 70),
(1104, '2024-03-20', 'খরচ', 'মেশিন/যন্ত্রপাতি', 1, 'ones', 450, 1, 'Provash', '97', 'নজেল প্লাঞ্জা ', 'Provash 2024-03-22 08:55:10', 16),
(1105, '2024-03-20', 'খরচ', 'পরিবহন', 1, 'ones', 50, 1, 'Provash', '97', 'অটো কুড়া পরিবহন ', 'Provash 2024-03-22 08:56:23', 59),
(1106, '2024-03-21', 'খরচ', 'বিবিধ', 7, 'ones', 60, 1, 'Provash', '98', 'নাস্তা ', 'Provash 2024-03-25 11:50:50', 13),
(1107, '2024-03-21', 'খরচ', 'পাওয়ার', 2, 'kg', 1000, 1, 'Provash', '98', '', 'Provash 2024-03-25 11:53:24', NULL),
(1108, '2024-03-21', 'মাছের', 'ভাসমান', 4, 'kg', 800, 1, 'Provash', '98', 'নার্সারি মাছের খাবার ', 'Provash 2024-03-25 11:55:09', NULL),
(1109, '2024-03-21', 'খরচ', 'তেল', 7, 'kg', 760, 1, 'Provash', '98', '', 'Provash 2024-03-25 11:56:03', NULL),
(1110, '2024-03-21', 'খরচ', 'পরিবহন', 1, 'ones', 40, 1, 'Provash', '98', 'ডিজেল পরিবহন ', 'Provash 2024-03-25 11:57:13', 59),
(1111, '2024-03-25', 'মজুর', 'সার', 1, 'ones', 300, 1, 'Provash', '99', 'ইলেকট্রিশিয়ান মজুরি', 'Provash 2024-03-25 11:58:06', 2),
(1112, '2024-03-25', 'খরচ', 'হারি', 1, 'ones', 10000, 1, 'Provash', '99', '759', 'Provash 2024-03-25 11:59:47', NULL),
(1113, '2024-03-25', 'খরচ', 'বিবিধ', 75, 'man', 1000, 1, 'Provash', '99', 'বকশিষ 5 দিনের', 'Provash 2024-03-25 12:04:32', 13),
(1114, '2024-03-25', 'সম্পদ', 'বিবিধ', 58, 'ones', 2900, 1, 'Provash', '99', '', 'Provash 2024-03-25 12:05:25', 13),
(1115, '2024-03-26', 'খরচ', 'নেট,', 6, 'ones', 8400, 1, 'Provash', '100', '5/100 হাত নেট', 'Provash 2024-03-28 07:11:31', NULL),
(1116, '2024-03-26', 'খরচ', 'মুদি', 3, 'ones', 180, 1, 'Provash', '100', '', 'Provash 2024-03-28 07:12:25', NULL),
(1117, '2024-03-26', 'খরচ', 'বিবিধ', 5, 'ones', 60, 1, 'Provash', '100', 'রিং, টেপ ', 'Provash 2024-03-28 07:13:27', 13),
(1118, '2024-03-26', 'খরচ', 'কীটনাশক', 12, 'ones', 15840, 1, 'Provash', '100', 'ইউটপ', 'Provash 2024-03-28 07:14:39', 55),
(1119, '2024-03-26', 'খরচ', 'কীটনাশক', 6, 'ones', 9720, 1, 'Provash', '100', 'সেপ্টি', 'Provash 2024-03-28 07:15:52', 55),
(1120, '2024-03-26', 'খরচ', 'পরিবহন', 1, 'ones', 200, 1, 'Provash', '100', 'নেট পরিবহন ', 'Provash 2024-03-28 07:16:59', 59),
(1121, '2024-03-26', 'মাছের', 'ভাসমান', 15, 'bosta', 28385, 1, 'সিদ্ধার্থ ', '100', '', 'Provash 2024-03-28 07:18:40', NULL),
(1122, '2024-03-26', 'সম্পদ', 'ভ্যান', 1, 'ones', 5550, 1, 'সিদ্ধার্থ ', '100', '', 'Provash 2024-03-28 07:20:40', NULL),
(1123, '2024-03-26', 'মাছের', 'খৈল', 15, 'bosta', 53250, 1, 'সিদ্ধার্থ ', '100', 'ক্রেডিট ', 'Provash 2024-03-28 07:22:43', 7),
(1124, '2024-03-26', 'মাছের', 'চিটা/কুড়া', 30, 'bosta', 17400, 2, 'সিদ্ধার্থ ', '100', 'ক্রেডিট ', 'Provash 2024-03-28 07:24:33', 70),
(1125, '2024-03-26', 'খরচ', 'বিবিধ', 10, '---', 105, 1, 'Provash', '100', 'নাস্তা', 'Provash 2024-03-28 07:26:24', 13),
(1126, '2024-03-26', 'খরচ', 'হারি', 1, '---', 3000, 1, 'Provash', '100', 'শক্তি বকসী-786', 'Provash 2024-03-28 07:29:27', NULL),
(1127, '2024-03-26', 'খরচ', 'হারি', 1, 'ones', 3000, 1, 'Provash', '100', 'রপঢাদ-810', 'Provash 2024-03-28 07:31:08', NULL),
(1128, '2024-03-26', 'খরচ', 'হারি', 1, '---', 20000, 1, 'Provash', '100', 'তাপস- 803, 814, 821,822,823', 'Provash 2024-03-28 07:33:20', NULL),
(1129, '2024-03-26', 'খরচ', 'হারি', 1, 'ones', 75000, 1, 'Provash', '100', 'দুলাল বিশ্বাস-750,749', 'Provash 2024-03-28 07:34:53', NULL),
(1130, '2024-03-26', 'খরচ', 'হারি', 1, 'ones', 10000, 1, 'Provash', '100', 'পল্টু- রায়,-759', 'Provash 2024-03-28 07:37:09', NULL),
(1131, '2024-03-26', 'খরচ', 'হারি', 1, 'ones', 10000, 1, 'Provash', '100', 'সৌরভ/ রাধা-759', 'Provash 2024-03-28 07:38:29', NULL),
(1132, '2024-03-26', 'খরচ', 'হারি', 2, 'man', 10000, 1, 'Provash', '100', 'প্রবীর মন্ডল-824, 32', 'Provash 2024-03-28 07:40:50', NULL),
(1133, '2024-03-27', 'মাছের', 'বেকারি', 410.9, 'kg', 14381, 1, 'Provash', '101', '', 'Provash 2024-03-28 11:23:47', NULL),
(1134, '2024-03-27', 'খরচ', 'পরিবহন', 1, 'ones', 400, 1, 'Provash', '101', 'ডাস্ট পরিবহন ', 'Provash 2024-03-28 11:27:06', 59),
(1135, '2024-03-27', 'সম্পদ', 'মেশিন/যন্ত্রপাতি', 1, 'ones', 2700, 1, 'Provash', '101', 'ফ্যান,ছকেট,প্লাগ', 'Provash 2024-03-28 11:29:35', 16),
(1136, '2024-03-27', 'খরচ', 'বিবিধ', 2, 'ones', 130, 1, 'Provash', '101', 'ছবি তৈরি', 'Provash 2024-03-28 11:30:32', 13),
(1137, '2024-03-29', 'খরচ', 'হারি', 1, 'ones', 36000, 1, 'Provash', '103', 'খোকন বিশ্বাস, 836, 805,804,794,833,805,806,793,792', 'Provash 2024-03-31 08:27:14', NULL),
(1138, '2024-03-29', 'খরচ', 'বিবিধ', 15, 'ones', 100, 1, 'Provash', '103', 'নাস্তা', 'Provash 2024-03-31 08:29:36', 13),
(1139, '2024-03-31', 'খরচ', 'নেট,', 5, 'ones', 4000, 1, 'Provash', '102', '', 'Provash 2024-03-31 08:30:53', NULL),
(1140, '2024-03-31', 'খরচ', 'পরিবহন', 1, 'ones', 150, 1, 'Provash', '102', 'পরিবহন- নেট', 'Provash 2024-03-31 08:32:14', 59),
(1141, '2024-03-31', 'খরচ', 'হারি', 42, 'ones', 2000, 1, 'Provash', '102', 'নওশের 813', 'Provash 2024-03-31 08:33:46', NULL),
(1142, '2024-03-31', 'সম্পদ', 'মেশিন/যন্ত্রপাতি', 1, 'ones', 1600, 1, 'Provash', '102', 'ডিজেল ম্যাশিন ', 'Provash 2024-03-31 08:36:06', 16),
(1143, '2024-03-31', 'খরচ', 'মজুরি/বেতন', 1, 'ones', 400, 1, 'Provash', '102', 'ডিজেল ম্যাশিন মিস্ত্রি কে প্রদান', 'Provash 2024-03-31 08:36:58', 14),
(1144, '2024-03-31', 'খরচ', 'বিবিধ', 6, 'ones', 60, 1, 'Provash', '102', 'নাস্তা', 'Provash 2024-03-31 08:38:00', 13),
(1145, '2024-04-06', 'খরচ যোগ্য', 'আড়ত', 1, '---', 1418, 1, 'Provash', '108', '', 'Provash 2024-04-07 08:49:25', 62),
(1146, '2024-04-06', 'খরচ যোগ্য', 'পরিবহন', 1, 'ones', 900, 1, 'Provash', '108', 'মাছ পরিবহন ', 'Provash 2024-04-07 08:53:47', 59),
(1147, '2024-04-10', 'খরচ যোগ্য', 'হারি', 74, 'ones', 10000, 1, 'Provash', '111', 'তনয় বিশ্বাস,  746', 'Provash 2024-04-13 04:49:07', NULL),
(1148, '2024-04-10', 'খরচ যোগ্য', 'হারি', 1, 'ones', 1000, 1, 'Provash', '111', 'শংকর  মল্লিক ', 'Provash 2024-04-13 04:50:45', NULL),
(1149, '2024-04-10', 'খরচ যোগ্য', 'হারি', 1, 'kg', 10000, 1, 'Provash', '111', 'বিনয় কৃষ্ণ রায়, 765,773', 'Provash 2024-04-14 09:39:55', NULL),
(1150, '2024-04-10', 'খরচ যোগ্য', 'হারি', 1, 'ones', 10000, 1, 'সিদ্ধার্থ ', '111', 'হরিচান ', 'Provash 2024-04-14 09:41:47', NULL),
(1151, '2024-04-10', 'খরচ যোগ্য', 'ভাসমান', 60, 'bosta', 93675, 1, 'সিদ্ধার্থ ', '111', 'Mega', 'Provash 2024-04-14 09:43:03', NULL),
(1152, '2024-04-09', 'খরচ যোগ্য', 'আড়ত', 1, '---', 1880, 1, 'Provash', '110', '', 'Provash 2024-04-14 09:44:44', 62),
(1153, '2024-04-09', 'খরচ যোগ্য', 'বিবিধ', 14, 'ones', 700, 1, 'Provash', '110', 'জাল ভাড়া', 'Provash 2024-04-14 09:49:34', 13),
(1154, '2023-11-21', 'মাছের খাবার', 'সার', 40, 'bosta', 49000, 2, 'Provash', '43', '', 'Sujit 2024-08-08 08:13:24', NULL),
(1155, '2024-04-18', 'খরচ যোগ্য', 'সেচ', 5, 'kg', 1000, 1, 'Provash', '117', '', 'Provash 2024-04-21 12:31:11', NULL),
(1156, '2024-04-18', 'খরচ যোগ্য', 'আড়ত', 1, 'ones', 772, 1, 'Provash', '117', '', 'Provash 2024-04-21 12:31:56', 62),
(1157, '2024-04-18', 'খরচ যোগ্য', 'পরিবহন', 1, 'ones', 900, 1, 'Provash', '117', 'মাছ পরিবহন ', 'Provash 2024-04-21 12:33:01', 59),
(1158, '2024-04-18', 'খরচ যোগ্য', 'বিবিধ', 8, 'ones', 400, 1, 'Provash', '117', 'জাল ভাড়া', 'Provash 2024-04-21 12:33:51', 13),
(1159, '2024-04-18', 'খরচ যোগ্য', 'বিবিধ', 9, '---', 150, 1, 'Provash', '117', 'বকশিষ ', 'Provash 2024-04-21 12:35:10', 13),
(1160, '2024-04-18', 'খরচ যোগ্য', 'বিবিধ', 2, 'packet', 40, 1, 'Provash', '117', 'বিড়ি', 'Provash 2024-04-21 12:36:31', 13),
(1161, '2024-04-18', 'খরচ যোগ্য', 'হারি', 74, 'ones', 5000, 1, 'Provash', '117', 'তনয় বিশ্বাস,  752', 'Provash 2024-04-21 12:39:17', NULL),
(1162, '2024-04-20', 'মাছের খাবার', 'ভাসমান', 15, 'bosta', 28000, 1, 'Provash', '118', '', 'Provash 2024-04-22 07:39:51', NULL),
(1163, '2024-04-20', 'মাছের খাবার', 'ভাসমান', 2, 'bosta', 2000, 1, 'Provash', '118', '', 'Provash 2024-04-22 07:40:50', NULL),
(1164, '2024-04-20', 'মাছের খাবার', 'ভাসমান', 2, 'bosta', 1300, 2, 'Provash', '118', '', 'Provash 2024-04-22 07:44:37', NULL),
(1165, '2024-04-20', 'খরচ যোগ্য', 'পরিবহন', 1, 'ones', 300, 1, 'Provash', '118', 'ফিড আনা', 'Provash 2024-04-22 07:46:51', 59),
(1166, '2024-04-20', 'খরচ যোগ্য', 'মুদি', 1, 'ones', 700, 1, 'পংকোজ', '118', '', 'Provash 2024-04-22 07:48:22', NULL),
(1167, '2024-04-20', 'খরচ যোগ্য', 'আড়ত', 1, 'ones', 265, 1, 'Provash', '118', '', 'Provash 2024-04-22 07:49:20', 62),
(1168, '2024-04-20', 'খরচ যোগ্য', 'যাতায়াত', 1, 'man', 60, 1, 'Provash', '118', 'সুন্দলী টু রাজাপুর ', 'Provash 2024-04-22 07:50:56', 9),
(1169, '2024-04-20', 'খরচ যোগ্য', 'বিবিধ', 5, 'ones', 55, 1, 'Provash', '118', 'নাস্তা', 'Provash 2024-04-22 07:51:44', 13),
(1170, '2024-04-17', 'খরচ যোগ্য', 'আড়ত', 1, 'ones', 1125, 1, 'Provash', '116', '', 'Provash 2024-04-22 09:38:00', 62),
(1171, '2024-04-17', 'খরচ যোগ্য', 'পরিবহন', 1, 'ones', 900, 1, 'Provash', '116', 'মাছ পরিবহন ', 'Provash 2024-04-22 09:39:06', 59),
(1172, '2024-04-17', 'খরচ যোগ্য', 'হারি', 1, 'ones', 2000, 1, 'Provash', '116', 'তনয় বকসী', 'Provash 2024-04-22 09:41:15', NULL),
(1173, '2024-04-17', 'খরচ যোগ্য', 'হারি', 1, 'ones', 5000, 1, 'সিদ্ধার্থ ', '116', 'দুলাল সরকার ', 'Provash 2024-04-22 09:43:28', NULL),
(1174, '2024-04-17', 'খরচ যোগ্য', 'বিদ্যুৎ', 1, 'ones', 3144, 1, 'Provash', '116', '', 'Provash 2024-04-22 09:44:47', NULL),
(1175, '2024-04-17', 'খরচ যোগ্য', 'যাতায়াত', 1, 'ones', 120, 1, 'Provash', '116', 'ন, পাড়া টু সুন্দরী, রাজাপুর ', 'Provash 2024-04-22 09:45:49', 9),
(1176, '2024-04-17', 'খরচ যোগ্য', 'বিবিধ', 8, 'ones', 400, 1, 'Provash', '116', 'জাল ভাড়া', 'Provash 2024-04-22 09:49:10', 13),
(1177, '2024-04-17', 'খরচ যোগ্য', 'বিবিধ', 9, 'man', 150, 1, 'Provash', '116', 'বকশিষ ', 'Provash 2024-04-22 09:50:09', 13),
(1178, '2024-04-17', 'খরচ যোগ্য', 'বিবিধ', 2, 'packet', 40, 1, 'Provash', '116', 'বিড়ি', 'Provash 2024-04-22 09:51:19', 13),
(1179, '2024-04-17', 'খরচ যোগ্য', 'হারি', 1, 'man', 4000, 1, 'Provash', '116', 'অজিত বকসী', 'Provash 2024-04-22 09:54:41', NULL),
(1180, '2024-04-16', 'খরচ যোগ্য', 'আড়ত', 1, 'ones', 1219, 1, 'Provash', '115', '', 'Provash 2024-04-22 10:00:06', 62),
(1181, '2024-04-16', 'খরচ যোগ্য', 'পরিবহন', 1, 'ones', 900, 1, 'Provash', '115', '', 'Provash 2024-04-22 10:00:47', 59),
(1182, '2024-04-16', 'খরচ যোগ্য', 'বিবিধ', 8, 'ones', 400, 1, 'Provash', '115', 'জাল ভাড়া', 'Provash 2024-04-22 10:01:34', 13),
(1183, '2024-04-16', 'খরচ যোগ্য', 'বিবিধ', 9, 'man', 150, 1, 'Provash', '115', 'বকশিষ ', 'Provash 2024-04-22 10:02:20', 13),
(1184, '2024-04-16', 'খরচ যোগ্য', 'বিবিধ', 2, 'packet', 40, 1, 'Provash', '115', 'বিড়ি', 'Provash 2024-04-22 10:03:15', 13),
(1185, '2024-04-15', 'খরচ যোগ্য', 'আড়ত', 1, 'ones', 938, 1, 'Provash', '114', '', 'Provash 2024-04-22 10:05:20', 62),
(1186, '2024-04-15', 'খরচ যোগ্য', 'পরিবহন', 1, 'ones', 900, 1, 'Provash', '114', 'মাছ পরিবহন ', 'Provash 2024-04-22 10:06:21', 59),
(1187, '2024-04-15', 'খরচ যোগ্য', 'বিবিধ', 9, 'man', 150, 1, 'Provash', '114', 'বকশিষ ', 'Provash 2024-04-22 10:07:31', 13),
(1188, '2024-04-15', 'খরচ যোগ্য', 'বিবিধ', 8, 'ones', 400, 1, 'Provash', '114', 'জাল ভাড়া ', 'Provash 2024-04-22 10:09:06', 13),
(1189, '2024-04-15', 'খরচ যোগ্য', 'বিবিধ', 3, 'packet', 60, 1, 'Provash', '114', 'বিড়ি', 'Provash 2024-04-22 10:09:54', 13),
(1190, '2024-04-13', 'খরচ যোগ্য', 'হারি', 1, 'man', 4000, 1, 'Provash', '113', 'শুশান্ত রায়', 'Provash 2024-04-22 10:13:12', NULL),
(1191, '2024-04-12', 'খরচ যোগ্য', 'হারি', 21, 'ones', 6700, 1, 'Provash', '112', 'নারগিস- 746', 'Provash 2024-04-22 10:15:12', NULL),
(1192, '2024-04-12', 'খরচ যোগ্য', 'হারি', 1, 'ones', 2000, 1, 'Provash', '112', 'উত্তম রায়', 'Provash 2024-04-22 10:17:05', NULL),
(1193, '2024-04-02', 'খরচ যোগ্য', 'আড়ত', 1, 'ones', 1371, 1, 'Provash', '104', '', 'Provash 2024-04-22 10:20:22', 62),
(1194, '2024-04-02', 'খরচ যোগ্য', 'হারি', 1, 'ones', 3000, 1, 'Provash', '104', 'তারাপদ রায়-769', 'Provash 2024-04-22 10:23:23', NULL),
(1195, '2024-04-02', 'খরচ যোগ্য', 'পরিবহন', 1, 'ones', 900, 1, 'Provash', '104', 'মাছ পরিবহন ', 'Provash 2024-04-22 10:24:14', 59),
(1196, '2024-04-02', 'খরচ যোগ্য', 'বিবিধ', 11, 'man', 150, 1, 'Provash', '104', 'বকশিষ ', 'Provash 2024-04-22 10:25:53', 13),
(1197, '2024-04-02', 'খরচ যোগ্য', 'বিবিধ', 14, 'ones', 700, 1, 'Provash', '104', 'জাল ভাড়া', 'Provash 2024-04-22 10:27:17', 13),
(1198, '2024-04-03', 'খরচ যোগ্য', 'আড়ত', 1, 'ones', 1665, 1, '', '105', '', 'Provash 2024-04-22 11:00:29', 62),
(1199, '2024-04-03', 'খরচ যোগ্য', 'পরিবহন', 1, 'ones', 900, 1, 'Provash', '105', 'মাছ পরিবহন ', 'Provash 2024-04-22 11:01:11', 59),
(1200, '2024-04-03', 'খরচ যোগ্য', 'হারি', 1, 'ones', 5000, 1, 'Provash', '105', 'তুষার রায় ', 'Provash 2024-04-22 11:02:16', NULL),
(1201, '2024-04-03', 'খরচ যোগ্য', 'হারি', 1, 'ones', 6000, 1, 'Provash', '105', 'পরিতোষ বকসী-769', 'Provash 2024-04-22 11:05:14', NULL),
(1202, '2024-04-03', 'খরচ যোগ্য', 'বিবিধ', 14, 'ones', 700, 1, 'Provash', '105', 'জাল ভাড়া', 'Provash 2024-04-22 11:06:50', 13),
(1203, '2024-04-04', 'খরচ যোগ্য', 'আড়ত', 1, 'ones', 1717, 1, 'Provash', '106', '', 'Provash 2024-04-22 11:59:29', 62),
(1204, '2024-04-04', 'খরচ যোগ্য', 'বিবিধ', 14, 'ones', 700, 1, 'Provash', '106', 'জাল ভাড়া', 'Provash 2024-04-22 12:03:40', 13),
(1205, '2024-04-04', 'খরচ যোগ্য', 'বিবিধ', 3, 'ones', 150, 1, 'Provash', '106', 'জাল ভাড়া', 'Provash 2024-04-22 12:04:40', 13),
(1206, '2024-04-04', 'খরচ যোগ্য', 'পরিবহন', 1, 'ones', 900, 1, 'Provash', '106', 'মাছ পরিবহন ', 'Provash 2024-04-22 12:05:36', 59),
(1207, '2024-04-04', 'খরচ যোগ্য', 'পরিবহন', 1, 'ones', 450, 1, 'Provash', '106', 'ফিড আনা', 'Provash 2024-04-22 12:06:25', 59),
(1208, '2024-04-04', 'সম্পদ', 'মেশিন/যন্ত্রপাতি', 2, 'ones', 660, 1, 'Provash', '106', 'দা, কোদাল', 'Provash 2024-04-22 12:07:47', 16),
(1209, '2024-04-04', 'খরচ যোগ্য', 'বাঁশ', 10, 'ones', 300, 1, 'Provash', '106', '', 'Provash 2024-04-22 12:09:28', NULL),
(1210, '2024-04-04', 'মাছের খাবার', 'ভাসমান', 30, 'bosta', 52500, 2, 'Provash', '106', '', 'Provash 2024-04-22 12:10:36', NULL),
(1211, '2024-04-04', 'খরচ যোগ্য', 'বিবিধ', 17, '---', 200, 1, 'Provash', '106', 'বকশিষ ', 'Provash 2024-04-22 12:11:48', 13),
(1212, '2024-04-04', 'খরচ যোগ্য', 'হারি', 1, 'ones', 3000, 1, 'Provash', '106', 'অমল সরকার, 809,808', 'Provash 2024-04-22 12:15:04', NULL),
(1213, '2024-04-04', 'খরচ যোগ্য', 'উকুন', 1, 'kg', 950, 1, 'Provash', '106', '', 'Provash 2024-04-22 12:16:23', NULL),
(1214, '2024-04-04', 'খরচ যোগ্য', 'উকুন', 40, 'packet', 2640, 1, 'Provash', '106', '', 'Provash 2024-04-22 12:17:36', NULL),
(1215, '2024-04-04', 'খরচ যোগ্য', 'যাতায়াত', 1, 'ones', 70, 1, 'Provash', '106', 'রাজাপুর টু চেংগুটিয়া', 'Provash 2024-04-22 12:19:20', 9),
(1216, '2024-04-05', 'সম্পদ', 'মেশিন/যন্ত্রপাতি', 1, 'ones', 120, 1, 'Provash', '107', 'কোচ ', 'Provash 2024-04-22 12:20:43', 16),
(1217, '2024-04-05', 'খরচ যোগ্য', 'আড়ত', 1, 'ones', 1821, 1, 'Provash', '107', '', 'Provash 2024-04-22 12:21:40', 62),
(1218, '2024-04-05', 'খরচ যোগ্য', 'পরিবহন', 1, 'ones', 900, 1, 'Provash', '107', 'মাছ পরিবহন ', 'Provash 2024-04-22 12:22:32', 59),
(1219, '2024-04-05', 'খরচ যোগ্য', 'বিবিধ', 14, 'ones', 700, 1, 'Provash', '107', 'জাল ভাড়া', 'Provash 2024-04-22 12:23:34', 13),
(1220, '2024-04-05', 'খরচ যোগ্য', 'বিবিধ', 14, '---', 150, 1, 'Provash', '107', 'বকশিষ ', 'Provash 2024-04-22 12:24:27', 13),
(1221, '2024-04-05', 'খরচ যোগ্য', 'বিবিধ', 13, 'man', 40, 1, 'Provash', '107', 'বিড়ি', 'Provash 2024-04-22 12:25:18', 13),
(1222, '2024-04-05', 'খরচ যোগ্য', 'হারি', 1, 'ones', 9000, 1, 'Provash', '107', 'তনয় বিশ্বাস ', 'Provash 2024-04-22 12:26:44', NULL),
(1223, '2024-04-06', 'খরচ যোগ্য', 'বিবিধ', 14, 'ones', 700, 1, 'Provash', '108', 'জাল ভাড়া', 'Provash 2024-04-22 12:28:10', 13),
(1224, '2024-04-06', 'খরচ যোগ্য', 'বিবিধ', 11, '---', 150, 1, 'Provash', '108', 'বকশিষ ', 'Provash 2024-04-22 12:29:04', 13),
(1225, '2024-04-06', 'সম্পদ', 'মেশিন/যন্ত্রপাতি', 1, 'ones', 1710, 1, 'Provash', '108', '', 'Provash 2024-04-22 12:29:49', 16),
(1226, '2024-04-06', 'খরচ যোগ্য', 'পরিবহন', 1, 'ones', 100, 1, 'Provash', '108', 'নাইনটি পরিবহন ', 'Provash 2024-04-22 12:30:58', 59),
(1227, '2024-04-07', 'খরচ যোগ্য', 'মনিহারী', 1000, 'ones', 2000, 1, 'Provash', '109', 'ক্যাশমেমো ', 'Provash 2024-04-22 12:33:07', 60),
(1228, '2024-04-06', 'খরচ যোগ্য', 'আড়ত', 1, 'ones', 414, 1, 'Provash', '109', '', 'Provash 2024-04-22 12:34:23', 62),
(1229, '2024-04-07', 'খরচ যোগ্য', 'মেশিন/যন্ত্রপাতি', 5, 'ones', 100, 1, 'পংকোজ', '109', '', 'Provash 2024-04-22 12:35:46', 16),
(1230, '2024-04-07', 'খরচ যোগ্য', 'বিবিধ', 10, 'man', 200, 1, 'Provash', '109', 'বকশিষ ', 'Provash 2024-04-22 12:38:29', 13),
(1231, '2024-04-07', 'খরচ যোগ্য', 'পরিবহন', 1, 'man', 400, 1, 'Provash', '109', 'মাছ পরিবহন ', 'Provash 2024-04-22 12:39:27', 59),
(1232, '2024-04-09', 'খরচ যোগ্য', 'বিবিধ', 10, '---', 150, 1, 'Provash', '110', 'বকশিষ ', 'Provash 2024-04-22 12:42:22', 13),
(1233, '2024-04-09', 'খরচ যোগ্য', 'লবন', 1, 'bosta', 950, 1, 'Provash', '110', '', 'Provash 2024-04-22 12:43:55', 61),
(1235, '2024-04-09', 'খরচ যোগ্য', 'বিবিধ', 3, 'man', 50, 1, 'Provash', '110', 'নাস্তা', 'Provash 2024-04-22 12:45:01', 13),
(1236, '2024-04-09', 'খরচ যোগ্য', 'হারি', 1, 'ones', 4000, 1, 'Provash', '110', 'সুইট মল্লিক, 1,2,3', 'Provash 2024-04-22 12:46:31', NULL),
(1237, '2024-04-09', 'খরচ যোগ্য', 'হারি', 1, 'ones', 2000, 1, 'Provash', '110', 'বিদ্যুৎ বকসী, 800', 'Provash 2024-04-22 12:48:38', NULL),
(1238, '2024-04-09', 'খরচ যোগ্য', 'হারি', 1, 'ones', 900, 1, 'Provash', '110', '', 'Provash 2024-04-22 12:49:22', NULL),
(1239, '2024-04-09', 'খরচ যোগ্য', 'পরিবহন', 1, 'ones', 900, 1, 'Provash', '110', 'মাছ পরিবহন ', 'Provash 2024-04-22 12:50:20', 59),
(1240, '2024-04-19', 'খরচ যোগ্য', 'বিবিধ', 3, 'ones', 150, 1, 'Provash', '120', 'জাল ভাড়া', 'Provash 2024-04-23 07:16:59', 13),
(1241, '2024-04-19', 'খরচ যোগ্য', 'বিবিধ', 6, 'man', 100, 1, 'Provash', '120', 'বকশিষ ', 'Provash 2024-04-23 07:17:50', 13),
(1242, '2024-04-20', 'খরচ যোগ্য', 'বিবিধ', 7, 'man', 100, 1, 'Provash', '120', 'বকশিষ ', 'Provash 2024-04-23 07:19:03', 13),
(1243, '2024-04-20', 'খরচ যোগ্য', 'বিবিধ', 4, 'ones', 200, 1, 'Provash', '118', 'জাল ভাড়া', 'Provash 2024-04-23 07:20:03', 13),
(1244, '2024-04-20', 'খরচ যোগ্য', 'বিবিধ', 2, 'ones', 40, 1, 'Provash', '118', 'বিড়ি', 'Provash 2024-04-23 07:21:11', 13),
(1245, '2024-04-20', 'খরচ যোগ্য', 'পরিবহন', 1, 'ones', 500, 1, 'Provash', '118', '', 'Provash 2024-04-23 07:22:05', 59),
(1246, '2024-04-21', 'খরচ যোগ্য', 'আড়ত', 1, 'ones', 250, 1, 'Provash', '119', '', 'Provash 2024-04-23 07:26:46', 62),
(1247, '2024-04-21', 'খরচ যোগ্য', 'মোবিল', 2, 'kg', 560, 1, 'Provash', '119', '', 'Provash 2024-04-23 07:28:01', 20),
(1248, '2024-04-21', 'খরচ যোগ্য', 'বিবিধ', 1, 'ones', 40, 1, 'Provash', '119', 'চেকবল', 'Provash 2024-04-23 07:29:11', 13),
(1249, '2024-04-21', 'খরচ যোগ্য', 'বিবিধ', 0, 'ones', 10, 1, 'Provash', '119', 'বাটি', 'Provash 2024-04-23 07:30:13', 13),
(1250, '2024-04-21', 'খরচ যোগ্য', 'বিবিধ', 4, 'ones', 200, 1, 'Provash', '119', 'জাল ভাড়া', 'Provash 2024-04-23 07:32:23', 13),
(1251, '2024-04-21', 'খরচ যোগ্য', 'বিবিধ', 7, 'man', 100, 1, 'Provash', '119', 'বকশিষ ', 'Provash 2024-04-23 07:33:56', 13),
(1252, '2024-04-21', 'খরচ যোগ্য', 'পরিবহন', 1, 'ones', 500, 1, 'Provash', '119', 'মাছ পরিবহন ', 'Provash 2024-04-23 07:35:03', 59),
(1253, '2024-04-30', 'খরচ যোগ্য', 'ইলেকট্রনিক্স', 2, '---', 310, 1, 'Provash', '127', '', 'Provash 2024-04-30 13:41:27', 31),
(1254, '2024-04-30', 'খরচ যোগ্য', 'বিবিধ', 7, '---', 120, 1, 'Provash', '127', 'বকশিষ ', 'Provash 2024-04-30 13:51:41', 13),
(1255, '2024-04-30', 'খরচ যোগ্য', 'বিবিধ', 2, 'ones', 100, 1, 'Provash', '127', '', 'Provash 2024-04-30 13:52:28', 13),
(1256, '2024-04-30', 'খরচ যোগ্য', 'আড়ত', 1, '---', 1060, 1, 'Provash', '127', '', 'Provash 2024-04-30 13:53:24', 62);
INSERT INTO `cost` (`id`, `date`, `costcategory`, `costitems`, `buyamount`, `unit`, `cost`, `status`, `buyer`, `buyvoucher`, `comment`, `logs`, `costitems_id`) VALUES
(1257, '2024-04-22', 'খরচ যোগ্য', 'মেশিন/যন্ত্রপাতি', 1, 'ones', 200, 1, 'Provash', '121', '', 'Provash 2024-04-30 13:56:02', 16),
(1258, '2024-04-22', 'খরচ যোগ্য', 'যাতায়াত', 1, 'ones', 100, 1, 'Provash', '121', '', 'Provash 2024-04-30 13:57:28', 9),
(1259, '2024-04-24', 'খরচ যোগ্য', 'পরিবহন', 2, 'man', 600, 1, 'Provash', '124', 'ফিড পরিবহন ', 'Provash 2024-04-30 13:59:08', 59),
(1260, '2024-04-24', 'খরচ যোগ্য', 'ভাসমান', 50, 'bosta', 85000, 2, 'Provash', '124', '', 'Provash 2024-04-30 14:00:17', NULL),
(1261, '2024-04-26', 'খরচ যোগ্য', 'পরিবহন', 1, 'ones', 400, 1, 'Provash', '126', 'ফিড আনা', 'Provash 2024-05-01 12:20:28', 59),
(1262, '2024-04-26', 'খরচ যোগ্য', 'পরিবহন', 1, 'ones', 100, 1, 'Provash', '126', 'মাছ পরিবহন ', 'Provash 2024-05-01 12:21:36', 59),
(1263, '2024-04-26', 'খরচ যোগ্য', 'বিবিধ', 3, 'ones', 200, 1, 'Provash', '126', 'হাফা তৈরি', 'Provash 2024-05-01 12:23:01', 13),
(1264, '2024-04-26', 'খরচ যোগ্য', 'কীটনাশক', 2, 'ones', 250, 1, 'Provash', '126', '', 'Provash 2024-05-01 12:24:11', 55),
(1265, '2024-04-26', 'খরচ যোগ্য', 'বিবিধ', 40, 'ones', 11000, 1, 'সিদ্ধার্থ ', '126', 'জমি চাষ', 'Provash 2024-05-01 12:25:24', 13),
(1266, '2024-04-27', 'খরচ যোগ্য', 'আড়ত', 1, '---', 593, 1, 'Provash', '122', '', 'Provash 2024-05-01 12:28:30', 62),
(1267, '2024-04-27', 'খরচ যোগ্য', 'পরিবহন', 1, 'ones', 500, 1, 'Provash', '122', 'মাছ পরিবহন ', 'Provash 2024-05-01 12:29:58', 59),
(1268, '2024-04-27', 'খরচ যোগ্য', 'সার', 2, 'ones', 100, 1, 'Provash', '122', 'বকশিষ ', 'Provash 2024-05-01 12:31:04', 2),
(1269, '2024-04-27', 'খরচ যোগ্য', 'বিবিধ', 2, 'ones', 100, 1, 'Provash', '122', 'জাল ভাড়া', 'Provash 2024-05-01 12:32:07', 13),
(1270, '2024-04-27', 'খরচ যোগ্য', 'বিবিধ', 2, 'packet', 40, 1, 'Provash', '122', 'বিড়ি', 'Provash 2024-05-01 12:33:24', 13),
(1271, '2024-04-28', 'খরচ যোগ্য', 'আড়ত', 123, '---', 386, 1, 'Provash', '123', '', 'Sujit 2024-08-09 13:53:59', 62),
(1272, '2024-04-28', 'খরচ যোগ্য', 'পরিবহন', 1, 'man', 500, 1, 'Provash', '123', 'মাছ পরিবহন ', 'Provash 2024-05-01 12:36:12', 59),
(1273, '2024-04-28', 'খরচ যোগ্য', 'বিবিধ', 2, 'ones', 100, 1, 'Provash', '123', 'জাল ভাড়া', 'Provash 2024-05-01 12:37:15', 13),
(1274, '2024-04-28', 'খরচ যোগ্য', 'বিবিধ', 5, 'man', 100, 1, 'Provash', '123', 'বকশিষ ', 'Provash 2024-05-01 12:38:12', 13),
(1275, '2024-04-28', 'খরচ যোগ্য', 'যাতায়াত', 1, '---', 60, 1, 'Provash', '123', 'সুন্দলী টু রাজাপুর ', 'Provash 2024-05-01 12:39:20', 9),
(1276, '2024-04-29', 'খরচ যোগ্য', 'পরিবহন', 1, '---', 500, 1, 'Provash', '125', 'মাছ পরিবহন ', 'Provash 2024-05-01 12:41:23', 59),
(1277, '2024-04-29', 'খরচ যোগ্য', 'আড়ত', 1, '---', 733, 1, 'Provash', '125', '', 'Provash 2024-05-01 12:42:32', 62),
(1278, '2024-04-29', 'খরচ যোগ্য', 'বিবিধ', 2, 'ones', 100, 1, 'Provash', '125', '', 'Provash 2024-05-01 12:44:45', 13),
(1279, '2024-04-29', 'খরচ যোগ্য', 'বিবিধ', 5, '---', 100, 1, 'Provash', '125', 'বকশিষ ', 'Provash 2024-05-01 12:46:03', 13),
(1280, '2024-05-24', 'খরচ যোগ্য', 'বিবিধ', 9, 'man', 250, 1, 'প্রভাষ', '149', 'বকশিষ ', 'Provash 2024-05-25 13:18:46', 13),
(1281, '2024-05-24', 'খরচ যোগ্য', 'সার', 1, 'ones', 1300, 1, 'প্রভাষ', '149', '', 'Provash 2024-05-25 13:19:44', 2),
(1282, '2024-05-24', 'খরচ যোগ্য', 'বিবিধ', 2, 'man', 65, 1, 'প্রভাষ', '149', 'নাস্তা', 'Provash 2024-05-25 13:20:43', 13),
(1283, '2024-05-24', 'খরচ যোগ্য', 'বিবিধ', 2, '---', 100, 1, 'প্রভাষ', '149', 'জাল ভাড়া', 'Provash 2024-05-25 13:21:51', 13),
(1284, '2024-05-24', 'খরচ যোগ্য', 'বিবিধ', 5, 'man', 50, 1, 'প্রভাষ', '149', 'বকশিষ ', 'Provash 2024-05-25 13:23:00', 13),
(1285, '2024-05-23', 'খরচ যোগ্য', 'ডিজেল', 17, 'kg', 1826, 1, 'প্রভাষ', '148', '', 'Provash 2024-05-25 13:26:16', 4),
(1286, '2024-05-23', 'খরচ যোগ্য', 'সার', 2, 'kg', 1360, 1, 'প্রভাষ', '148', '', 'Sujit 2024-08-16 07:59:14', 20),
(1287, '2024-05-23', 'খরচ যোগ্য', 'পরিবহন', 2, 'ones', 2600, 1, 'প্রভাষ', '148', 'মাছ পরিবহন ', 'Provash 2024-05-25 13:28:44', 59),
(1288, '2024-05-23', 'খরচ যোগ্য', 'যাতায়াত', 1, 'man', 150, 1, 'প্রভাষ', '148', 'ব্যাংকে টাকা তুলতে যাওয়া ও আসা', 'Provash 2024-05-25 13:30:55', 9),
(1289, '2024-05-23', 'খরচ যোগ্য', 'বিবিধ', 1, 'packet', 50, 1, 'প্রভাষ', '148', 'বিড়ি, সিগারেটে', 'Provash 2024-05-25 13:32:24', 13),
(1290, '2024-05-23', 'খরচ যোগ্য', 'বিবিধ', 3, 'man', 85, 1, 'প্রভাষ', '148', 'নাস্তা', 'Provash 2024-05-25 13:33:07', 13),
(1291, '2024-05-23', 'খরচ যোগ্য', 'বিবিধ', 10, 'man', 500, 1, 'প্রভাষ', '148', 'বকশিষ ', 'Provash 2024-05-25 13:34:17', 13),
(1292, '2024-05-23', 'সম্পদ', 'ঘের', 11, 'ones', 22000, 1, 'প্রভাষ', '148', '', 'Provash 2024-05-25 13:35:31', NULL),
(1293, '2024-05-17', 'খরচ যোগ্য', 'চুন', 30, 'bosta', 34500, 1, 'সিদ্ধার্থ ', '143', '', 'Provash 2024-05-25 13:37:00', 23),
(1294, '2024-05-17', 'খরচ যোগ্য', 'চুন', 30, 'bosta', 34500, 1, 'সিদ্ধার্থ ', '143', '', 'Provash 2024-05-25 13:38:07', 23),
(1295, '2024-05-13', 'খরচ যোগ্য', 'বিদ্যুৎ', 3, 'ones', 13006, 1, 'প্রভাষ', '138', '', 'Provash 2024-05-25 13:39:18', NULL),
(1296, '2024-05-13', 'খরচ যোগ্য', 'যাতায়াত', 1, 'man', 150, 1, 'প্রভাষ', '138', 'রাজাপুর - ,  ন,পাড়া-  ', 'Provash 2024-05-25 13:40:38', 9),
(1297, '2024-05-06', 'খরচ যোগ্য', 'খৈল', 6, 'bosta', 21600, 2, 'সিদ্ধার্থ ', '139', 'শামিম', 'Provash 2024-05-25 13:47:32', 7),
(1298, '2024-05-06', 'মাছের খাবার', 'ভাসমান', 80, 'bosta', 136000, 2, 'সিদ্ধার্থ ', '139', 'কবির ট্রেডার্স', 'Provash 2024-05-25 13:49:39', NULL),
(1299, '2024-05-02', 'সম্পদ', 'মেশিন/যন্ত্রপাতি', 4, 'ones', 4470, 1, 'প্রভাষ', '129', '', 'Provash 2024-05-25 13:52:30', 16),
(1300, '2024-05-02', 'খরচ যোগ্য', 'পরিবহন', 1, 'ones', 600, 1, 'প্রভাষ', '129', 'যন্ত্রপাতি পরিবহন,  যশোর ', 'Provash 2024-05-25 13:55:43', 59),
(1301, '2024-05-02', 'খরচ যোগ্য', 'বিবিধ', 2, 'man', 100, 1, 'প্রভাষ', '129', 'নাস্তা', 'Provash 2024-05-25 13:57:06', 13),
(1302, '2024-06-15', 'মাছের খাবার', 'বিবিধ', 300, '---', 19200, 1, 'প্রদীপ ', ' ২২৩৫', 'গুড় ', 'Prodip 2024-06-15 11:42:31', 13),
(1303, '2024-06-17', 'সম্পদ', 'হারি', 0, '---', 2000, 1, 'প্রদীপ ', '157', 'প্রকাশ ', 'Prodip 2024-06-17 15:37:11', NULL),
(1305, '2024-06-16', 'সম্পদ', 'সার', 150, '---', 4950, 2, 'Prodip', '155', 'উকুন নাশক ', 'Prodip 2024-06-17 16:58:07', 2),
(1321, '2024-06-15', 'খরচ যোগ্য', 'বিবিধ', 1, '---', 400, 1, 'Siddarto', '156', 'Gur van', 'Prodip 2024-06-17 16:56:23', 13),
(1322, '2024-06-13', 'মাছের খাবার', 'ভাসমান', 80, 'ones', 172000, 2, 'Siddharth ', '154', 'Shamim', 'Prodip 2024-06-17 17:04:25', NULL),
(1323, '2024-06-13', 'মাছের খাবার', 'আটা', 15, 'ones', 28500, 2, 'Siddharth ', '154', 'Shamim', 'Prodip 2024-06-17 17:06:32', 66),
(1324, '2024-06-01', 'খরচ যোগ্য', 'টিএসপি', 30, 'ones', 49500, 2, 'Siddharth ', '153', 'Safiuula', 'Prodip 2024-06-17 17:08:50', 51),
(1325, '2024-06-07', 'খরচ যোগ্য', 'সালফার', 15, 'ones', 21000, 2, 'Siddharth ', '152', 'Hasan', 'Prodip 2024-06-17 17:12:30', 52),
(1326, '2024-06-07', 'খরচ যোগ্য', 'সালফার', 10, 'ones', 10500, 2, 'Siddharth ', '152', 'Hasan', 'Prodip 2024-06-17 17:14:13', 52),
(1327, '2024-06-07', 'খরচ যোগ্য', 'পটাশ', 5, 'ones', 5750, 2, 'Siddharth ', '152', 'Hasan', 'Prodip 2024-06-17 17:15:44', 74),
(1328, '2024-06-02', 'মাছের খাবার', 'ভাসমান', 50, 'ones', 85000, 2, 'Siddharth ', '151', 'Kabir', 'Prodip 2024-06-17 17:18:47', NULL),
(1329, '2024-06-02', 'মাছের খাবার', 'ভাসমান', 20, 'ones', 34000, 2, 'Siddharth ', '151', 'Kabir', 'Prodip 2024-06-17 17:20:05', NULL),
(1330, '2024-06-02', 'মাছের খাবার', 'ভাসমান', 60, 'ones', 129000, 2, 'Siddharth ', '151', 'Shamim', 'Prodip 2024-06-17 17:21:34', NULL),
(1331, '2024-06-02', 'মাছের খাবার', 'খৈল', 50, 'ones', 200000, 2, 'Siddharth ', '151', 'Shamim', 'Prodip 2024-06-17 17:22:36', 7),
(1333, '2024-06-02', 'মাছের খাবার', 'ভূষি', 30, 'ones', 52500, 2, 'Siddharth ', '151', 'Shamim', 'Prodip 2024-06-17 17:25:19', 57),
(1334, '2024-06-02', 'মাছের খাবার', 'চিটা/কুড়া', 50, 'ones', 27500, 2, 'Siddharth ', '151', 'Shamim ', 'Prodip 2024-06-17 17:26:33', 70),
(1335, '2024-06-02', 'মাছের খাবার', 'ভুট্টা', 20, 'ones', 33000, 2, 'Siddharth ', '151', 'Shamim', 'Prodip 2024-06-17 17:27:56', 73),
(1336, '2023-11-25', 'খরচ যোগ্য', 'বিবিধ', 2, 'man', 150, 1, 'provash', '', '', 'Sujit 2024-08-08 08:22:52', NULL),
(1337, '2024-02-19', 'সবজি', 'পরিবহন', 1, '---', 200, 1, 'provash', '70', '', 'Sujit 2024-08-09 08:53:45', NULL),
(1338, '2024-03-03', 'মাছের খাবার', 'আড়ত', 0, '---', 25, 1, 'provash', '81', '', 'Sujit 2024-08-09 09:23:19', NULL),
(1339, '2024-03-03', 'মাছের খাবার', 'ভাসমান', 5, 'bosta', 9250, 1, 'provash', '81', '', 'Sujit 2024-08-09 09:24:24', NULL),
(1340, '2024-03-06', 'মাছের খাবার', 'আড়ত', 0, '---', 3114, 1, 'provash', '85', '', 'Sujit 2024-08-09 09:43:56', NULL),
(1341, '2024-03-06', 'খরচ যোগ্য', 'ইলেকট্রনিক্স', 0, '---', 430, 1, 'provash', '85', '', 'Sujit 2024-08-09 09:46:28', NULL),
(1342, '2024-03-06', 'মাছের খাবার', 'ভাসমান', 10, 'bosta', 21580, 1, 'provash', '85', '', 'Sujit 2024-08-09 09:47:29', NULL),
(1343, '2024-03-06', 'Others', 'মুদি', 0, '---', 230, 1, 'provash', '85', '', 'Sujit 2024-08-09 09:48:19', NULL),
(1344, '2024-03-06', 'Others', 'পরিবহন', 0, '---', 600, 1, 'provash', '85', '', 'Sujit 2024-08-09 09:49:14', NULL),
(1345, '2024-03-06', 'খরচ যোগ্য', 'বিবিধ', 0, '---', 165, 1, 'provash', '', 'nasta', 'Sujit 2024-08-09 09:50:40', NULL),
(1346, '2024-03-06', 'খরচ যোগ্য', 'বিবিধ', 20, 'packet', 362, 1, 'provash', '85', 'Biri', 'Sujit 2024-08-09 09:51:45', NULL),
(1347, '2024-02-06', 'খরচ যোগ্য', 'বিবিধ', 20, 'packet', 362, 1, 'provash', '85', 'Biri', 'Sujit 2024-08-09 09:51:45', NULL),
(1348, '2024-03-06', 'খরচ যোগ্য', 'পরিবহন', 2, 'ones', 1800, 1, 'provash', '85', '', 'Sujit 2024-08-09 09:53:00', NULL),
(1349, '2024-03-06', 'মাছের খাবার', 'ভুট্টা', 11, 'bosta', 20460, 1, 'Provash', '85', '', 'Sujit 2024-08-09 09:54:46', NULL),
(1350, '2024-04-30', 'খরচ যোগ্য', 'হারি', 0, '---', 50000, 1, 'provash', '29', 'Sttayajit', 'Sujit 2024-08-09 13:42:54', NULL),
(1351, '2024-04-07', 'খরচ যোগ্য', 'আড়ত', 0, '---', 414, 1, 'provash', '109', '', 'Sujit 2024-08-09 14:26:49', NULL),
(1352, '2024-05-30', 'খরচ যোগ্য', 'বিবিধ', 0, '---', 380, 1, 'Shidharta', '150', 'Nasta', 'Sujit 2024-08-16 07:25:18', NULL),
(1353, '2024-05-30', 'খরচ যোগ্য', 'হারি', 0, '---', 10000, 1, 'Shidharta', '150', '', 'Sujit 2024-08-16 07:27:17', NULL),
(1354, '2024-05-30', 'খরচ যোগ্য', 'মুদি', 0, '---', 5000, 1, 'Shidharta', '150', '', 'Sujit 2024-08-16 07:29:25', NULL),
(1355, '2024-05-30', 'খরচ যোগ্য', 'বিবিধ', 0, '---', 12800, 1, 'Shidharta', '150', '', 'Sujit 2024-08-16 07:30:36', NULL),
(1356, '2024-05-30', 'Others', 'বিবিধ', 0, '---', 500, 1, 'Shidharta', '150', 'Tin', 'Sujit 2024-08-16 07:32:18', NULL),
(1357, '2024-05-30', 'সম্পদ', 'ঘের', 0, '---', 124000, 1, 'Shidharta', '150', 'South', 'Sujit 2024-08-16 07:33:37', NULL),
(1358, '2024-05-30', 'সম্পদ', 'ঘের', 0, '---', 116000, 1, 'Shidharta', '150', '', 'Sujit 2024-08-16 07:35:14', NULL),
(1359, '2024-05-30', 'খরচ যোগ্য', 'হারি', 0, '---', 5000, 1, 'Shidharta', '150', 'Sonkar -Rajapur', 'Sujit 2024-08-16 07:43:01', NULL),
(1360, '2024-05-30', 'খরচ যোগ্য', 'পরিবহন', 0, '---', 2000, 1, 'Shidharta', '150', 'Anup van', 'Sujit 2024-08-16 07:47:04', NULL),
(1361, '2024-05-30', 'খরচ যোগ্য', 'হারি', 0, '---', 2000, 1, 'Shidharta', '150', 'Gohor', 'Sujit 2024-08-16 07:48:41', NULL),
(1362, '2024-05-22', 'Others', 'বিবিধ', 0, '---', 200, 1, 'Shidharta', '146', '', 'Sujit 2024-08-16 08:14:52', NULL),
(1363, '2024-05-22', 'Others', 'বিবিধ', 0, '---', 100, 1, 'Shidharta', '146', 'Bokshish', 'Sujit 2024-08-16 08:16:05', NULL),
(1364, '2024-05-19', 'খরচ যোগ্য', 'মনিহারী', 0, '---', 36, 1, 'Shidharta', '145', '', 'Sujit 2024-08-16 08:17:28', NULL),
(1365, '2024-05-19', 'Others', 'বিবিধ', 0, '---', 300, 1, 'shidharta', '145', 'Jal vara', 'Sujit 2024-08-16 08:19:47', NULL),
(1366, '2024-05-19', 'Others', 'বিবিধ', 0, '---', 100, 1, 'Shidharta', '145', 'Bokshish', 'Sujit 2024-08-16 08:21:05', NULL),
(1367, '2024-05-18', 'Others', 'বিবিধ', 0, '---', 100, 1, 'Shidharta', '144', '', 'Sujit 2024-08-16 08:38:02', NULL),
(1368, '2024-05-18', 'Others', 'বিবিধ', 0, '---', 200, 1, 'Shidharta', '144', '', 'Sujit 2024-08-16 08:38:55', NULL),
(1369, '2024-05-17', 'Others', 'বিবিধ', 0, '---', 100, 1, 'Shidharta', '143', 'Bokshish', 'Sujit 2024-08-16 08:42:02', NULL),
(1370, '2024-05-17', 'Others', 'বিবিধ', 0, '---', 100, 1, 'Shidharta', '143', 'Jal vara', 'Sujit 2024-08-16 08:42:43', NULL),
(1371, '2024-05-16', 'খরচ যোগ্য', 'বিবিধ', 0, '---', 100, 1, 'Shidharta', '142', '', 'Sujit 2024-08-16 08:51:20', NULL),
(1372, '2024-05-16', 'Others', 'বিবিধ', 0, '---', 100, 1, 'Shidharta', '141', 'Bokshish', 'Sujit 2024-08-16 08:52:13', NULL),
(1373, '2024-05-14', 'মাছের খাবার', 'পরিবহন', 0, '---', 800, 1, 'provash', '41', '', 'Sujit 2024-08-16 08:54:41', NULL),
(1374, '2024-05-12', 'খরচ যোগ্য', 'পরিবহন', 0, '---', 500, 1, 'provash', '45', '', 'Sujit 2024-08-16 08:56:19', NULL),
(1375, '2024-05-12', 'Others', 'বিবিধ', 0, '---', 200, 1, 'provash', '45', 'Bokshish', 'Sujit 2024-08-16 08:57:31', NULL),
(1376, '2024-05-11', 'Others', 'আড়ত', 0, '---', 978, 1, 'provash', '136', '', 'Sujit 2024-08-16 08:59:44', NULL),
(1377, '2024-05-11', 'Others', 'পরিবহন', 0, '---', 200, 1, 'Provash', '136', '', 'Sujit 2024-08-16 09:01:20', NULL),
(1378, '2024-05-10', 'খরচ যোগ্য', 'হারি', 0, '---', 10000, 1, 'provash', '37', 'Khokon Biswas', 'Sujit 2024-08-16 09:02:57', NULL),
(1379, '2024-05-08', 'খরচ যোগ্য', 'ইলেকট্রনিক্স', 0, '---', 900, 1, 'Provash', '630', 'Cable', 'Sujit 2024-08-16 09:06:03', NULL),
(1380, '2024-05-07', 'খরচ যোগ্য', 'হারি', 0, '---', 10000, 1, 'provash', '35', 'Abhijit-Golok', 'Sujit 2024-08-16 09:08:30', NULL),
(1381, '2024-05-07', 'খরচ যোগ্য', 'হারি', 0, '---', 10000, 1, 'provash', '36', 'Montu', 'Sujit 2024-08-16 09:09:26', NULL),
(1382, '2024-05-05', 'খরচ যোগ্য', 'আড়ত', 0, '---', 127, 1, 'provash', '132', '', 'Sujit 2024-08-16 09:10:47', NULL),
(1383, '2024-05-05', 'Others', 'পরিবহন', 0, '---', 200, 1, 'provash', '132', '', 'Sujit 2024-08-16 09:12:09', NULL),
(1384, '2024-05-05', 'Others', 'মেশিন/যন্ত্রপাতি', 0, '---', 550, 1, 'Provash', '132', 'Filanch', 'Sujit 2024-08-16 09:16:41', NULL),
(1385, '2024-05-05', 'খরচ যোগ্য', 'হারি', 0, '---', 2000, 1, 'Provsh', '34', 'Nikunjo', 'Sujit 2024-08-16 09:17:49', NULL),
(1386, '2024-05-03', 'Others', 'হারি', 0, '---', 2000, 1, 'provash', '33', 'Nowsher', 'Sujit 2024-08-16 09:19:21', NULL),
(1387, '2024-05-01', 'Others', 'আড়ত', 0, '---', 483, 1, 'provash', '128', '', 'Sujit 2024-08-16 09:20:34', NULL),
(1388, '2024-05-01', 'Others', 'বিবিধ', 0, '---', 100, 1, 'provash', '38', '', 'Sujit 2024-08-16 09:23:26', NULL),
(1389, '2024-05-01', 'Others', 'বিবিধ', 0, '---', 100, 1, 'provash', '38', 'Jal vara', 'Sujit 2024-08-16 09:24:12', NULL),
(1390, '2024-05-01', 'Others', 'বিবিধ', 0, '---', 490, 1, 'provash', '32', 'Nasta', 'Sujit 2024-08-16 09:24:49', NULL),
(1391, '2024-05-01', 'খরচ যোগ্য', 'পরিবহন', 0, '---', 500, 1, 'provash', '128', '', 'Sujit 2024-08-16 09:25:50', NULL),
(1392, '2024-08-01', 'Others', 'আড়ত', 0, '---', 1074, 1, '', '221', '', 'shymal 2024-08-19 18:13:06', NULL);

-- --------------------------------------------------------

--
-- Table structure for table `costitems`
--

CREATE TABLE `costitems` (
  `id` int(11) NOT NULL,
  `sector` int(5) NOT NULL,
  `costitems` varchar(20) NOT NULL,
  `logs` varchar(20) NOT NULL
) ENGINE=InnoDB DEFAULT CHARSET=utf8mb4 COLLATE=utf8mb4_general_ci;

--
-- Dumping data for table `costitems`
--

INSERT INTO `costitems` (`id`, `sector`, `costitems`, `logs`) VALUES
(2, 1, 'সার ', ''),
(3, 1, 'পেট্রল', ''),
(4, 1, 'ডিজেল', ''),
(7, 1, 'খৈল', ''),
(9, 0, 'যাতায়াত', 'Uzzal 2023-08-26 18:'),
(10, 0, 'তালা', 'Uzzal 2023-08-27 06:'),
(11, 0, 'টেস্টার', 'Uzzal 2023-08-27 06:'),
(12, 0, 'ফিলান্স', 'Uzzal 2023-08-27 06:'),
(13, 0, 'বিবিধ', 'Sujit 2023-08-27 16:'),
(14, 4, 'মজুরি/বেতন', 'Provash Bokshi 2023-'),
(15, 0, 'ঘের কাটা', 'Provash Bokshi 2023-'),
(16, 0, 'মেশিন/যন্ত্রপাতি ', 'Provash Bokshi 2023-'),
(17, 0, 'কার', 'Provash Bokshi 2023-'),
(18, 0, 'কালভার্ট ', 'Provash Bokshi 2023-'),
(19, 2, 'পেঁপে ', 'Provash Bokshi 2023-'),
(20, 0, 'মোবিল ', 'Provash Bokshi 2023-'),
(21, 0, 'বাঁশ ক্রয় ', 'Provash Bokshi 2023-'),
(22, 0, 'পিলার ', 'Provash Bokshi 2023-'),
(23, 1, 'চুন ', 'Provash Bokshi 2023-'),
(24, 1, 'সবজির বীজ', 'Provash Bokshi 2023-'),
(25, 0, 'হাড়ি ', 'Provash Bokshi 2023-'),
(26, 0, 'বিদ্যুৎ বিল ', 'Provash Bokshi 2023-'),
(27, 0, 'পলিথিন ', 'Provash Bokshi 2023-'),
(28, 0, 'বালি ', 'Provash Bokshi 2023-'),
(29, 1, 'উকুন নাশক ', 'Provash Bokshi 2023-'),
(30, 0, 'মোবিল বিল', 'Provash Bokshi 2023-'),
(31, 0, 'ইলেকট্রনিক্স ', 'Provash Bokshi 2023-'),
(32, 0, 'সেচ পাইপ ', 'Provash Bokshi 2023-'),
(33, 0, 'হাসুয়া ', 'Provash Bokshi 2023-'),
(34, 0, 'টিন ', 'Provash Bokshi 2023-'),
(35, 0, 'বোরিং ', 'Provash Bokshi 2023-'),
(36, 1, 'লিটার', 'Provash Bokshi 2023-'),
(37, 0, 'নেট, সুতা, জাল', 'Provash Bokshi 2023-'),
(38, 0, 'ছিয়ে ', 'Provash Bokshi 2023-'),
(39, 0, 'ফিটকিরি ', 'Provash Bokshi 2023-'),
(40, 0, 'ইট ', 'Provash Bokshi 2023-'),
(41, 0, 'অক্সিজেন ট্যাবলেট ', 'Provash Bokshi 2023-'),
(42, 0, 'রড', 'Provash Bokshi 2023-'),
(43, 1, 'ডুবন্ত খাবার ', 'Provash Bokshi 2023-'),
(44, 0, 'নৌকা ', 'Provash Bokshi 2023-'),
(45, 1, 'DAP', 'Provash Bokshi 2023-'),
(46, 1, 'ইউরিয়া ', 'Provash Bokshi 2023-'),
(47, 1, 'ভাসমান খাবার ', 'Provash Bokshi 2023-'),
(48, 0, 'বাতা ', 'Provash Bokshi 2023-'),
(49, 0, 'আলকাতরা ', 'Provash Bokshi 2023-'),
(50, 0, 'খাঠ ', 'Provash Bokshi 2023-'),
(51, 1, 'টিএসপি ', 'Provash Bokshi 2023-'),
(52, 1, 'সালফার ', 'Provash Bokshi 2023-'),
(53, 1, 'গ্রীণার/সালফেট', 'Provash Bokshi 2023-'),
(54, 0, 'ব্রেল ', 'Provash Bokshi 2023-'),
(55, 0, 'কীটনাশক ', 'Provash Bokshi 2023-'),
(56, 0, 'চাউল/খুদ', 'Provash Bokshi 2023-'),
(57, 0, 'ভূষি', 'Provash Bokshi 2023-'),
(58, 0, 'জ্বালানী কাঠ ', 'Provash Bokshi 2023-'),
(59, 0, 'পরিবহন ', 'Provash Bokshi 2023-'),
(60, 0, 'মনিহারী ', 'Provash Bokshi 2023-'),
(61, 0, 'লবন ', 'Provash Bokshi 2023-'),
(62, 0, 'আড়ত', 'Provash Bokshi 2023-'),
(63, 0, 'ক্রোকারিজ', 'Provash Bokshi 2023-'),
(64, 0, 'মুদি খরচ ', 'Provash 2024-01-04 1'),
(65, 0, 'D.O.R.B', 'Provash 2024-01-05 0'),
(66, 0, 'আটা', 'Provash 2024-01-18 1'),
(67, 0, 'ড্রাম', 'Provash 2024-01-18 1'),
(68, 0, 'হারি বাবদ', 'Provash 2024-02-18 1'),
(69, 0, 'মাইক্রো', 'Provash 2024-02-22 0'),
(70, 0, 'চিটা/কুড়া', 'Provash 2024-02-22 1'),
(71, 0, 'বেকারি ডাষ্ট', 'Provash 2024-02-26 0'),
(72, 0, 'বাইসাইকেল ', 'Provash 2024-03-02 0'),
(73, 0, 'ভুট্টা ', 'Provash 2024-03-10 1'),
(74, 0, 'পটাশ', 'Provash 2024-03-13 1'),
(75, 0, 'পাওয়ার টেন', 'Provash 2024-03-25 1'),
(76, 0, 'ভ্যান ক্রয় ', 'Provash 2024-03-28 0');

-- --------------------------------------------------------

--
-- Table structure for table `costpurpose`
--

CREATE TABLE `costpurpose` (
  `id` int(11) NOT NULL,
  `costpurpose` varchar(20) NOT NULL
) ENGINE=InnoDB DEFAULT CHARSET=utf8mb4 COLLATE=utf8mb4_general_ci;

--
-- Dumping data for table `costpurpose`
--

INSERT INTO `costpurpose` (`id`, `costpurpose`) VALUES
(6, 'Others'),
(3, 'খরচ যোগ্য'),
(4, 'মজুর '),
(2, 'মাছের খাবার'),
(5, 'সবজি'),
(1, 'সম্পদ');

-- --------------------------------------------------------

--
-- Table structure for table `dailyworks`
--

CREATE TABLE `dailyworks` (
  `id` int(11) NOT NULL,
  `Date` date NOT NULL,
  `worktype` varchar(20) NOT NULL,
  `item` varchar(20) NOT NULL,
  `amount` decimal(5,0) NOT NULL,
  `unit` varchar(10) NOT NULL,
  `personel` varchar(20) NOT NULL,
  `comment` varchar(50) NOT NULL,
  `logs` varchar(50) NOT NULL
) ENGINE=InnoDB DEFAULT CHARSET=utf8mb4 COLLATE=utf8mb4_general_ci;

--
-- Dumping data for table `dailyworks`
--

INSERT INTO `dailyworks` (`id`, `Date`, `worktype`, `item`, `amount`, `unit`, `personel`, `comment`, `logs`) VALUES
(1, '2024-04-30', '1', '47', 60, 'পূর্ব ঘের', 'অপূর্ব,  পংকোজ ', 'তেলাপিয়ার খাবার দেওয়া\r\n', 'Provash 2024-04-30 13:48:04'),
(2, '2024-05-17', '1', '47', 10200, 'পূর্ব ', 'অপূর্ব ', 'তেলাপিয়া গ্রোয়ার', 'Provash 2024-05-17 13:38:06');

-- --------------------------------------------------------

--
-- Table structure for table `earning`
--

CREATE TABLE `earning` (
  `id` int(5) NOT NULL,
  `date` date NOT NULL,
  `sector` int(3) NOT NULL,
  `item` int(4) NOT NULL,
  `source` int(2) NOT NULL,
  `quantity_per_unit` float NOT NULL,
  `quantity` int(5) NOT NULL,
  `unit` int(2) NOT NULL,
  `price` int(10) NOT NULL,
  `status` int(2) DEFAULT NULL COMMENT '1 is paid, 2 is pending ',
  `memo` varchar(15) NOT NULL,
  `comment` varchar(30) NOT NULL,
  `logs` varchar(30) NOT NULL
) ENGINE=InnoDB DEFAULT CHARSET=utf8mb4 COLLATE=utf8mb4_general_ci;

--
-- Dumping data for table `earning`
--

INSERT INTO `earning` (`id`, `date`, `sector`, `item`, `source`, `quantity_per_unit`, `quantity`, `unit`, `price`, `status`, `memo`, `comment`, `logs`) VALUES
(1, '2023-09-12', 0, 1, 1, 0, 85, 4, 850, 1, '21', '', 'Provash Bokshi 2023-11-15 05:2'),
(4, '2023-11-26', 2, 25, 1, 98, 98, 1, 2460, 1, '30', '', 'Provash Bokshi 2023-11-26 08:5'),
(5, '2023-11-29', 1, 4, 5, 4, 4, 1, 600, 1, '31', '', 'Provash Bokshi 2023-11-29 06:3'),
(7, '2023-11-11', 2, 18, 1, 10, 10, 1, 280, 1, '28', 'F', 'Sujit 2024-08-08 08:41:06'),
(8, '2023-11-07', 2, 16, 2, 25, 25, 1, 450, 1, '27', 'BA', 'Sujit 2024-08-08 08:40:40'),
(9, '2023-11-04', 2, 16, 2, 22, 500, 1, 500, 1, '27', 'BACK', 'Sujit 2024-08-08 08:40:07'),
(10, '2023-11-04', 2, 22, 1, 232, 232, 1, 2320, 1, '27', '[[', 'Sujit 2024-08-08 08:39:08'),
(11, '2023-11-01', 2, 18, 1, 6, 6, 1, 170, 1, '27', '', 'Provash Bokshi 2023-11-29 06:4'),
(12, '2023-09-19', 2, 16, 2, 44, 44, 1, 8800, 1, '23', '', 'Provash Bokshi 2023-11-29 06:5'),
(13, '2023-10-02', 1, 4, 5, 6, 6, 1, 1100, 1, '24', '', 'Provash Bokshi 2023-11-29 06:5'),
(14, '2023-10-02', 2, 17, 1, 15, 15, 6, 200, 1, '24', '', 'Provash Bokshi 2023-11-29 06:5'),
(15, '2023-10-15', 2, 16, 2, 20, 20, 1, 400, 1, '25', '', 'Provash Bokshi 2023-11-29 06:5'),
(16, '2023-10-15', 2, 16, 2, 28, 28, 1, 550, 1, '25', '', 'Provash Bokshi 2023-11-29 06:5'),
(17, '2023-10-24', 2, 16, 2, 22, 22, 1, 400, 1, '26', '', 'Provash Bokshi 2023-11-29 07:0'),
(18, '2023-10-28', 2, 18, 2, 10, 10, 1, 300, 1, '26', '', 'Provash Bokshi 2023-11-29 07:0'),
(19, '2023-12-06', 2, 25, 2, 25, 25, 1, 500, 1, '6', '.', 'Sujit 2024-08-08 09:07:33'),
(20, '2023-12-06', 1, 5, 1, 8, 8, 1, 450, 1, '6', 'মরে যাওয়া মাছ', 'Sujit 2024-08-08 09:07:45'),
(21, '2023-12-10', 2, 22, 1, 390, 390, 1, 3900, 1, '10', '', 'Provash Bokshi 2023-12-15 11:0'),
(22, '2023-12-12', 2, 25, 1, 58, 58, 1, 905, 1, '10', '.', 'Sujit 2024-08-08 08:56:28'),
(23, '2023-12-12', 2, 16, 2, 17, 17, 1, 595, 1, '10', '.', 'Sujit 2024-08-08 08:57:22'),
(24, '2023-12-20', 2, 16, 2, 17, 17, 1, 680, 1, '20', '', 'Provash Bokshi 2023-12-22 12:1'),
(25, '2023-12-20', 2, 16, 2, 35, 35, 6, 238, 1, '20', '', 'Provash Bokshi 2023-12-22 12:1'),
(27, '2023-12-22', 1, 9, 1, 17, 17, 1, 1487, 1, '22', '', 'Provash Bokshi 2023-12-22 12:2'),
(28, '2023-12-22', 1, 5, 1, 42, 42, 1, 9180, 1, '22', '', 'Provash Bokshi 2023-12-22 12:2'),
(29, '2023-12-22', 1, 5, 1, 31, 5731, 1, 5790, 1, '22', '', 'Provash Bokshi 2023-12-22 12:2'),
(30, '2023-12-22', 1, 11, 1, 68, 68, 1, 10103, 1, '22', '', 'Provash Bokshi 2023-12-22 12:2'),
(31, '2023-12-22', 1, 5, 1, 6, 6, 1, 1426, 1, '22', '', 'Provash Bokshi 2023-12-22 12:3'),
(32, '2023-12-22', 1, 9, 1, 13, 13, 1, 1104, 1, '22', '', 'Provash Bokshi 2023-12-23 10:5'),
(33, '2023-12-22', 1, 2, 1, 13, 13, 1, 2128, 1, '22', '', 'Provash Bokshi 2023-12-23 10:5'),
(34, '2023-12-22', 1, 6, 1, 10, 10, 1, 1250, 1, '22', '', 'Provash Bokshi 2023-12-23 10:5'),
(35, '2023-12-22', 1, 9, 1, 10, 10, 1, 780, 1, '22', '', 'Provash Bokshi 2023-12-23 10:5'),
(36, '2023-12-23', 1, 9, 2, 202, 202, 1, 16665, 1, '23', '', 'Provash Bokshi 2023-12-23 10:5'),
(37, '2023-12-23', 1, 3, 2, 24, 24, 1, 5185, 1, '23', '', 'Provash Bokshi 2023-12-23 10:5'),
(38, '2023-12-23', 1, 3, 2, 14, 14, 1, 2450, 1, '23', '', 'Provash Bokshi 2023-12-23 10:5'),
(39, '2023-12-23', 1, 5, 2, 27, 27, 1, 4606, 1, '23', '', 'Provash Bokshi 2023-12-23 11:0'),
(40, '2023-12-23', 1, 2, 2, 14, 14, 1, 2769, 1, '23', '', 'Provash Bokshi 2023-12-23 11:0'),
(41, '2023-12-23', 1, 5, 2, 38, 38, 1, 5700, 1, '23', '', 'Provash Bokshi 2023-12-23 11:0'),
(42, '2023-12-23', 1, 2, 2, 26, 26, 1, 4615, 1, '23', '', 'Provash Bokshi 2023-12-23 11:0'),
(43, '2023-12-23', 1, 11, 2, 19, 19, 1, 2925, 1, '23', '', 'Provash Bokshi 2023-12-23 11:0'),
(44, '2023-12-23', 1, 9, 2, 11, 11, 1, 1247, 1, '23', '', 'Provash Bokshi 2023-12-23 11:0'),
(45, '2023-12-23', 1, 4, 2, 5, 5, 1, 742, 1, '23', '', 'Provash Bokshi 2023-12-23 11:0'),
(46, '2023-12-23', 1, 9, 2, 5, 5, 1, 385, 1, '23', '', 'Provash Bokshi 2023-12-23 11:0'),
(47, '2023-12-23', 1, 9, 2, 361, 361, 1, 29331, 1, '23', '', 'Provash Bokshi 2023-12-23 11:0'),
(48, '2023-12-23', 1, 2, 2, 35, 35, 1, 7188, 1, '23', '', 'Provash Bokshi 2023-12-23 11:1'),
(49, '2023-12-23', 1, 2, 2, 41, 41, 1, 8240, 1, '23', '', 'Provash Bokshi 2023-12-23 11:1'),
(50, '2023-12-23', 1, 2, 2, 57, 57, 1, 10062, 1, '23', '', 'Provash Bokshi 2023-12-23 11:1'),
(51, '2023-12-23', 1, 2, 2, 110, 110, 1, 18005, 1, '23', '', 'Provash Bokshi 2023-12-23 11:1'),
(52, '2023-12-23', 1, 5, 2, 39, 39, 1, 7960, 1, '23', '', 'Provash Bokshi 2023-12-23 11:1'),
(53, '2023-12-23', 1, 5, 2, 91, 91, 1, 15048, 1, '23', '', 'Provash Bokshi 2023-12-23 11:1'),
(54, '2023-12-23', 1, 3, 2, 48, 48, 1, 11040, 1, '23', '', 'Provash Bokshi 2023-12-23 11:1'),
(55, '2023-12-23', 1, 3, 2, 38, 38, 1, 7740, 1, '23', '', 'Provash Bokshi 2023-12-23 11:1'),
(56, '2023-12-23', 1, 3, 2, 19, 19, 1, 3482, 1, '23', '', 'Provash Bokshi 2023-12-23 11:1'),
(57, '2023-12-23', 1, 5, 2, 56, 56, 1, 7910, 1, '23', '', 'Provash Bokshi 2023-12-23 11:1'),
(58, '2023-12-23', 1, 9, 2, 14, 14, 1, 1564, 1, '23', '', 'Provash Bokshi 2023-12-23 11:1'),
(60, '2023-12-24', 1, 5, 2, 0, 264, 1, 42320, 1, '24', '', 'Provash Bokshi 2023-12-24 15:3'),
(61, '2023-12-24', 1, 5, 2, 0, 40, 1, 7956, 1, '24', '', 'Provash Bokshi 2023-12-24 15:3'),
(62, '2023-12-24', 1, 9, 2, 1, 317, 1, 23775, 1, '24', '.', 'Sujit 2024-08-08 09:19:38'),
(63, '2023-12-24', 1, 5, 2, 0, 124, 1, 16807, 1, '24', '', 'Provash Bokshi 2023-12-24 15:3'),
(64, '2023-12-24', 1, 5, 2, 0, 18, 1, 2590, 1, '24', '', 'Provash Bokshi 2023-12-24 15:3'),
(65, '2023-12-24', 1, 5, 2, 0, 27, 1, 3105, 1, '24', '', 'Provash Bokshi 2023-12-24 15:3'),
(66, '2023-12-24', 1, 3, 2, 0, 27, 1, 6120, 1, '24', '', 'Provash Bokshi 2023-12-24 15:4'),
(67, '2023-12-24', 1, 3, 2, 0, 38, 1, 7527, 1, '24', '', 'Provash Bokshi 2023-12-24 15:4'),
(68, '2023-12-24', 1, 11, 2, 0, 25, 1, 4080, 1, '24', '', 'Provash Bokshi 2023-12-24 15:4'),
(69, '2023-12-24', 1, 2, 2, 1, 25, 1, 5353, 1, '24', '', 'Provash Bokshi 2023-12-24 15:4'),
(70, '2023-12-24', 1, 2, 2, 1, 131, 1, 21730, 1, '24', '', 'Provash Bokshi 2023-12-24 15:5'),
(71, '2023-12-24', 1, 2, 2, 1, 14, 1, 1855, 1, '24', '', 'Provash Bokshi 2023-12-24 15:5'),
(72, '2023-12-24', 1, 5, 2, 2, 8, 1, 594, 1, '24', '', 'Provash Bokshi 2023-12-24 15:5'),
(73, '2023-12-24', 0, 1, 2, 60, 60, 6, 1700, 1, '24', 'বস্তা বিক্রি ', 'Provash Bokshi 2023-12-26 15:2'),
(75, '2023-12-25', 1, 5, 2, 1, 75, 1, 6253, 1, '24', '3300', 'Provash Bokshi 2023-12-26 15:2'),
(76, '2023-12-25', 1, 5, 2, 1, 62, 1, 5000, 1, '24', '3200 টাকা মন', 'Provash Bokshi 2023-12-26 15:3'),
(77, '2023-12-25', 1, 2, 2, 1, 9, 1, 1828, 1, '24', '7700টাকা মন', 'Provash Bokshi 2023-12-26 15:3'),
(78, '2023-12-25', 1, 2, 2, 1, 47, 1, 7402, 1, '24', '6300 টাকা মন', 'Provash Bokshi 2023-12-26 15:3'),
(79, '2023-12-25', 1, 5, 2, 0, 17, 1, 2881, 1, '24', '6700/= মন', 'Provash Bokshi 2023-12-26 15:3'),
(80, '2023-12-25', 1, 5, 2, 1, 23, 1, 3132, 1, '24', '5400/= মন', 'Provash Bokshi 2023-12-26 15:4'),
(81, '2023-12-25', 1, 9, 2, 0, 18, 1, 2115, 1, '24', '4700/= মন', 'Provash Bokshi 2023-12-26 15:4'),
(82, '2023-12-25', 1, 11, 2, 0, 14, 1, 2100, 1, '24', '6000/= টাকা মন', 'Provash Bokshi 2023-12-26 15:4'),
(83, '2023-12-25', 1, 3, 2, 0, 9, 1, 1940, 1, '24', '8000/= মন', 'Provash Bokshi 2023-12-26 15:4'),
(84, '2023-12-25', 1, 3, 2, 1, 5, 1, 825, 1, '24', '6000/= মন', 'Provash Bokshi 2023-12-26 15:4'),
(85, '2023-12-25', 1, 4, 2, 2, 5, 1, 675, 1, '24', '5300/= মন', 'Sujit 2024-08-08 09:22:49'),
(86, '2023-12-25', 1, 9, 2, 1, 11, 1, 868, 1, '24', '3100/= মন', 'Provash Bokshi 2023-12-26 15:5'),
(87, '2023-12-25', 1, 9, 2, 1, 410, 1, 30787, 1, '24', '3000/= মন', 'Provash Bokshi 2023-12-26 15:5'),
(88, '2023-12-25', 1, 5, 2, 0, 36, 1, 6296, 1, '24', '6900/= মন', 'Provash Bokshi 2023-12-26 15:5'),
(89, '2023-12-25', 1, 5, 2, 1, 132, 1, 18550, 1, '24', '5600/= মন', 'Provash Bokshi 2023-12-26 15:5'),
(90, '2023-12-25', 1, 3, 2, 0, 17, 1, 3587, 1, '24', '8200/= মন', 'Provash Bokshi 2023-12-26 16:0'),
(91, '2023-12-25', 1, 3, 2, 0, 29, 1, 4495, 1, '24', '6200/= মন', 'Provash Bokshi 2023-12-26 16:0'),
(92, '2023-12-25', 1, 2, 2, 1, 24, 1, 4322, 1, '24', '7000/= মন', 'Provash Bokshi 2023-12-26 16:0'),
(93, '2023-12-25', 1, 2, 2, 2, 19, 1, 2945, 1, '24', '6200/= মন', 'Provash Bokshi 2023-12-26 16:0'),
(94, '2023-12-25', 1, 9, 2, 1.25, 36, 1, 4230, 1, '24', '4700/= মন', 'Provash Bokshi 2023-12-26 16:0'),
(95, '2023-12-26', 1, 5, 2, 0, 58, 1, 10585, 1, '26', '7300/= মন', 'Provash Bokshi 2023-12-27 15:3'),
(96, '2023-12-26', 1, 5, 2, 0, 138, 1, 21421, 1, '26', '6200/= মন', 'Provash Bokshi 2023-12-27 15:3'),
(97, '2023-12-26', 1, 5, 2, 1, 221, 1, 29862, 1, '26', '5400/= মন', 'Provash Bokshi 2023-12-27 15:3'),
(98, '2023-12-26', 1, 3, 2, 0, 11, 1, 2622, 1, '26', '9200/= মন', 'Provash Bokshi 2023-12-27 15:3'),
(99, '2023-12-26', 1, 9, 2, 1, 43, 1, 3277, 1, '26', '3000/= মন', 'Provash Bokshi 2023-12-27 15:3'),
(100, '2023-12-26', 1, 2, 2, 1, 8, 1, 1593, 1, '26', '7500', 'Provash Bokshi 2023-12-27 15:3'),
(101, '2023-12-26', 1, 11, 2, 0, 26, 1, 3975, 1, '26', '6000/= মন', 'Provash Bokshi 2023-12-27 15:4'),
(102, '2023-12-26', 1, 2, 2, 1, 65, 1, 10400, 1, '26', '6400/= মন', 'Provash Bokshi 2023-12-27 15:4'),
(103, '2023-12-26', 1, 5, 2, 1, 51, 1, 6375, 1, '26', '5000/= মন', 'Provash Bokshi 2023-12-27 15:4'),
(104, '2023-12-26', 1, 9, 2, 1, 9, 1, 813, 1, '26', '3500/= মন', 'Provash Bokshi 2023-12-27 15:4'),
(105, '2023-12-26', 1, 9, 2, 1, 148, 1, 10402, 1, '26', '2800/= মন', 'Provash Bokshi 2023-12-27 15:5'),
(106, '2023-12-26', 1, 2, 2, 1, 41, 1, 7210, 1, '26', '7000/= মন', 'Provash Bokshi 2023-12-27 15:5'),
(107, '2023-12-26', 1, 4, 2, 2, 14, 1, 1971, 1, '26', '5400/= মন', 'Provash Bokshi 2023-12-27 16:0'),
(108, '2023-12-26', 1, 4, 2, 1, 25, 1, 2868, 1, '26', '4500/= মন', 'Provash Bokshi 2023-12-27 16:0'),
(109, '2023-12-26', 1, 9, 2, 0, 6200, 1, 7393, 1, '26', '6200/= মন', 'Provash Bokshi 2023-12-27 16:0'),
(110, '2023-12-26', 1, 11, 2, 0, 14, 1, 1980, 1, '26', '5500/= মন', 'Provash Bokshi 2023-12-27 16:0'),
(111, '2023-12-26', 1, 3, 2, 0, 22, 1, 4995, 1, '26', '9000/= মন', 'Provash Bokshi 2023-12-27 16:0'),
(112, '2023-12-26', 1, 3, 2, 1, 56, 1, 8400, 1, '26', '6000/= মন', 'Provash Bokshi 2023-12-27 16:0'),
(113, '2023-12-26', 1, 3, 2, 1, 28, 1, 3960, 1, '26', '5500/= মন', 'Provash Bokshi 2023-12-27 16:1'),
(114, '2023-12-26', 1, 3, 2, 1, 32, 1, 4510, 1, '26', '5500/= মন', 'Provash Bokshi 2023-12-27 16:1'),
(115, '2023-12-26', 1, 3, 2, 2, 4, 1, 410, 1, '26', '3500/= মন', 'Sujit 2024-08-08 09:29:55'),
(116, '2023-12-27', 1, 5, 2, 1, 52, 1, 7705, 1, '27', '6200/= মন ', 'Provash Bokshi 2023-12-28 16:0'),
(117, '2023-12-27', 1, 2, 2, 1, 170, 1, 27134, 1, '27', '6700/= মন', 'Provash Bokshi 2023-12-28 16:1'),
(118, '2023-12-27', 1, 9, 2, 1, 28, 1, 2171, 1, '27', '3200/= মন', 'Provash Bokshi 2023-12-28 16:1'),
(119, '2023-12-27', 1, 5, 2, 0, 17, 1, 2671, 1, '27', '6600/= মন', 'Provash Bokshi 2023-12-28 16:1'),
(120, '2023-12-27', 1, 9, 2, 2, 4, 1, 269, 1, '27', '2700/= মন', 'Provash Bokshi 2023-12-28 16:1'),
(122, '2023-12-28', 1, 9, 2, 1, 793, 1, 56699, 1, '28', '30000/= মন', 'Provash Bokshi 2023-12-29 10:3'),
(123, '2023-12-28', 1, 9, 2, 1, 169, 1, 11717, 1, '28', '2900/= মন', 'Provash Bokshi 2023-12-29 10:3'),
(124, '2023-12-28', 1, 9, 2, 1, 275, 1, 18359, 1, '28', '2800/= মন', 'Provash Bokshi 2023-12-29 10:3'),
(125, '2023-12-28', 1, 2, 2, 1, 66, 1, 11033, 1, '28', '7000/= মন', 'Provash Bokshi 2023-12-29 10:3'),
(126, '2023-12-28', 1, 2, 2, 1, 11, 1, 2098, 1, '28', '7800/= মন', 'Provash Bokshi 2023-12-29 10:4'),
(127, '2023-12-28', 1, 5, 2, 0, 62, 1, 8119, 1, '28', '5500/= মন', 'Provash Bokshi 2023-12-29 10:4'),
(128, '2023-12-28', 1, 5, 2, 1, 357, 1, 51014, 1, '28', '6000/= মন', 'Provash Bokshi 2023-12-29 10:4'),
(129, '2023-12-28', 1, 9, 2, 0, 8, 1, 666, 1, '28', '3500/= মন', 'Provash Bokshi 2023-12-29 10:4'),
(130, '2023-12-28', 1, 9, 2, 1, 20, 1, 1761, 1, '28', '3700/= মন', 'Provash Bokshi 2023-12-29 10:4'),
(131, '2023-12-28', 1, 11, 2, 0, 10, 1, 2165, 1, '28', '8500/= মন', 'Provash Bokshi 2023-12-29 10:4'),
(132, '2023-12-28', 1, 3, 2, 1, 19, 1, 3638, 1, '28', '8000/= মন', 'Provash Bokshi 2023-12-29 10:5'),
(133, '2023-12-28', 1, 9, 2, 1, 26, 1, 3381, 1, '28', '5300/= মন', 'Provash Bokshi 2023-12-29 10:5'),
(134, '2023-12-28', 1, 3, 2, 0, 11, 1, 2053, 1, '28', '7500/= মন', 'Provash Bokshi 2023-12-29 10:5'),
(135, '2023-12-28', 1, 2, 2, 0, 130, 1, 20180, 1, '28', '6500/= মন', 'Provash Bokshi 2023-12-29 10:5'),
(136, '2023-12-29', 1, 5, 1, 0, 8, 1, 1619, 1, '28', '8000/= মন', 'Provash Bokshi 2023-12-29 10:5'),
(137, '2023-12-29', 1, 9, 1, 1, 84, 1, 6615, 1, '29', '3300/= মন', 'Provash Bokshi 2023-12-29 11:0'),
(138, '2023-12-29', 1, 9, 1, 1, 74, 1, 5299, 1, '29', '3000/= মন', 'Provash Bokshi 2023-12-29 11:0'),
(139, '2023-12-29', 1, 5, 1, 1, 36, 1, 5171, 1, '29', '6000/= মন', 'Provash Bokshi 2023-12-29 11:0'),
(140, '2023-12-29', 1, 5, 1, 0, 148, 1, 25845, 1, '29', '7300/= মন', 'Provash Bokshi 2023-12-29 11:0'),
(141, '2023-12-29', 1, 2, 1, 2, 192, 1, 29745, 1, '29', '6500/= মন', 'Provash Bokshi 2023-12-29 11:0'),
(142, '2023-12-29', 1, 6, 1, 5, 11, 1, 1466, 1, '29', '5500/= মন', 'Provash Bokshi 2023-12-29 11:0'),
(143, '2023-12-29', 1, 9, 1, 1, 69, 1, 5409, 1, '29', '3100/= মন', 'Provash Bokshi 2023-12-29 11:1'),
(144, '2023-12-29', 1, 9, 1, 1, 183, 1, 13267, 1, '29', '2900/= মন', 'Provash Bokshi 2023-12-29 11:1'),
(145, '2023-12-29', 1, 11, 1, 1, 19, 1, 3007, 1, '29', '6200/= মন', 'Provash Bokshi 2023-12-29 11:1'),
(146, '2023-12-29', 1, 2, 1, 1, 38, 1, 5510, 1, '29', '5800/= মন', 'Provash Bokshi 2023-12-29 11:1'),
(147, '2023-12-29', 1, 9, 1, 1, 10, 1, 858, 1, '29', '3300/= মন', 'Provash Bokshi 2023-12-29 11:1'),
(148, '2023-12-30', 1, 9, 1, 1, 21, 1, 1635, 1, '16', '3000/= মন ', 'Provash 2024-01-01 03:53:28'),
(149, '2023-12-30', 1, 9, 1, 2, 315, 1, 22837, 1, '16', '2900/=  মন', 'Provash 2024-01-01 03:54:47'),
(150, '2023-12-30', 1, 5, 1, 0, 30, 1, 5642, 1, '16', '7400/= মন', 'Provash 2024-01-01 03:56:08'),
(151, '2023-12-30', 1, 5, 1, 0, 20, 1, 3328, 1, '16', '6400/= মন ', 'Provash 2024-01-01 03:57:51'),
(152, '2023-12-30', 1, 3, 1, 1, 21, 1, 2625, 1, '16', '5000/= মন', 'Provash 2024-01-01 03:59:04'),
(153, '2023-12-30', 1, 2, 1, 1, 66, 1, 9975, 1, '16', '6000// মন', 'Provash 2024-01-01 04:00:28'),
(154, '2023-12-30', 1, 2, 1, 1, 17, 1, 2890, 1, '16', '6800/= মন', 'Provash 2024-01-01 04:03:08'),
(155, '2023-12-30', 1, 9, 1, 1, 37, 1, 2812, 1, '16', '3000/= মন', 'Provash 2024-01-01 04:06:19'),
(156, '2023-12-30', 1, 11, 1, 1, 9, 1, 1306, 1, '16', '5500/= মন', 'Provash 2024-01-01 04:07:12'),
(157, '2023-12-30', 1, 2, 1, 2, 5, 1, 698, 1, '16', '4900/= মন', 'Provash 2024-01-01 04:08:15'),
(158, '2023-12-31', 1, 5, 1, 0, 96, 1, 17232, 1, '17', '7500/= মন', 'Provash 2024-01-01 11:49:52'),
(159, '2023-12-31', 1, 9, 1, 2, 13, 1, 942, 1, '17', '3000/= মন', 'Provash 2024-01-01 11:50:48'),
(160, '2023-12-31', 1, 2, 1, 1, 14, 1, 2244, 1, '17', '6500/= মন', 'Provash 2024-01-01 11:51:54'),
(161, '2023-12-31', 1, 11, 1, 1, 70, 1, 9554, 1, '17', '5700/= মন', 'Provash 2024-01-01 11:53:08'),
(162, '2023-12-31', 1, 1, 1, 3, 3, 1, 1197, 1, '17', '17000/= মন', 'Provash 2024-01-01 11:54:24'),
(163, '2023-12-31', 1, 11, 1, 1, 2, 1, 298, 1, '17', '5700/= মন', 'Provash 2024-01-01 11:56:52'),
(164, '2023-12-31', 1, 6, 1, 5, 1, 1, 110, 1, '17', '4000/= মন', 'Provash 2024-01-01 11:58:09'),
(166, '2024-01-05', 2, 16, 2, 2, 20, 1, 512, 1, '19', '25/= কেজি', 'Provash 2024-01-05 10:09:29'),
(167, '2024-01-05', 2, 1, 2, 2, 19, 1, 418, 1, '19', '22/= কেজি ', 'Provash 2024-01-05 10:11:04'),
(168, '2024-01-03', 2, 16, 2, 2, 35, 1, 835, 1, '18', '24/= কেজি', 'Provash 2024-01-06 08:23:01'),
(169, '2024-01-06', 2, 16, 2, 59, 59, 1, 1487, 1, '20', '25/= কেজি', 'Provash 2024-01-06 08:25:20'),
(170, '2024-01-09', 2, 22, 1, 1, 410, 1, 6150, 1, '21', '25/= কেজি', 'Provash 2024-01-11 10:42:41'),
(171, '2024-01-09', 2, 16, 2, 1, 20, 1, 400, 1, '21', '20/= কেজি', 'Provash 2024-01-11 10:43:51'),
(173, '2024-01-09', 2, 23, 2, 1, 30, 1, 1050, 1, '21', '35/= কেজি ফুশকপি ', 'Provash 2024-01-11 10:52:01'),
(174, '2024-01-12', 2, 23, 2, 1, 26, 1, 1040, 1, '22', '40/= কেজি', 'Provash 2024-01-12 06:41:57'),
(175, '2024-01-12', 2, 23, 2, 1, 9, 1, 288, 1, '23', '32/= কেজি, ফুলকপি ', 'Provash 2024-01-12 06:43:22'),
(176, '2024-01-12', 2, 23, 2, 1, 19, 1, 377, 1, '22', '26/= টাকা কেজি, ওলকপি', 'Provash 2024-01-12 06:45:06'),
(177, '2024-01-12', 2, 25, 1, 15, 14, 1, 475, 1, '22', '25/= টাকা কেজি', 'Provash 2024-01-12 06:46:43'),
(178, '2024-01-12', 2, 25, 1, 20, 10, 1, 140, 1, '22', '14/= কেজি', 'Provash 2024-01-12 06:47:50'),
(179, '2024-01-12', 2, 16, 2, 1, 19, 1, 487, 1, '22', '25/= টাকা কেজি', 'Provash 2024-01-12 06:49:41'),
(180, '2024-01-12', 2, 16, 2, 1, 10, 1, 230, 1, '22', '22/= টাকা কেজি, ', 'Provash 2024-01-12 06:50:57'),
(181, '2024-01-13', 1, 9, 1, 2, 22, 1, 785, 1, '23', '3000/= টাকা মন', 'Provash 2024-01-13 08:27:55'),
(182, '2024-01-13', 2, 23, 1, 1, 9, 1, 225, 1, '23', '25/= কেজি', 'Provash 2024-01-13 08:29:17'),
(183, '2024-01-13', 2, 23, 1, 1, 26, 1, 1040, 1, '23', '40/= কেজি', 'Provash 2024-01-13 08:30:23'),
(184, '2024-01-13', 2, 23, 1, 2, 35, 1, 1349, 1, '23', '38/= কেজি, ফুলকপি', 'Provash 2024-01-13 08:31:41'),
(185, '2024-01-13', 2, 23, 1, 1, 7, 1, 210, 1, '23', '30/= কেজি, ফুলকপি', 'Provash 2024-01-13 08:33:09'),
(186, '2024-01-13', 2, 23, 1, 1, 14, 1, 490, 1, '23', '35/= কেজি, ফুলকপি', 'Provash 2024-01-13 08:34:26'),
(187, '2024-01-16', 2, 25, 1, 12, 12, 1, 300, 1, '25', '25/= কেজি', 'Provash 2024-01-18 10:08:52'),
(188, '2024-01-17', 2, 25, 1, 4, 4, 1, 100, 1, '24', '25/=কেজি', 'Provash 2024-01-18 10:10:51'),
(189, '2024-01-17', 2, 16, 2, 25.5, 25, 1, 637, 1, '24', '25/= কেজি', 'Provash 2024-01-18 10:12:09'),
(190, '2024-01-17', 2, 23, 2, 1, 13, 1, 520, 1, '24', '40/= কেজি', 'Provash 2024-01-18 10:13:38'),
(191, '2024-01-17', 2, 23, 2, 1, 35, 1, 1067, 1, '24', '35/= কেজি, ফুলকপি', 'Provash 2024-01-18 10:15:02'),
(192, '2024-01-18', 1, 5, 1, 2, 2, 1, 937, 1, '26', '15000/=   টাকা মন', 'Provash 2024-01-18 10:32:52'),
(193, '2024-01-18', 1, 9, 1, 1.4, 116, 1, 10972, 1, '26', '3800/= মন', 'Provash 2024-01-18 10:37:32'),
(194, '2024-01-18', 1, 11, 1, 1, 32, 1, 5008, 1, '26', '6300/= মন', 'Provash 2024-01-18 10:38:57'),
(195, '2024-01-18', 1, 4, 1, 2, 10, 1, 1425, 1, '26', '6000/= মন', 'Provash 2024-01-18 10:40:05'),
(196, '2024-01-18', 1, 5, 1, 0.5, 26, 1, 6681, 1, '26', '10200/= মন', 'Provash 2024-01-18 10:41:24'),
(197, '2024-01-18', 1, 7, 1, 4, 6, 1, 736, 1, '26', '4600/= মন', 'Provash 2024-01-18 10:42:42'),
(198, '2024-01-18', 1, 2, 1, 2, 18, 1, 3503, 1, '26', '7700/= মন', 'Provash 2024-01-18 10:44:15'),
(199, '2024-01-18', 1, 11, 1, 1.4, 10, 1, 1414, 1, '26', '5600/= মন', 'Provash 2024-01-18 10:45:24'),
(200, '2024-01-19', 1, 9, 1, 1.5, 76, 1, 7650, 1, '27', '4000/= মন', 'Provash 2024-01-19 09:47:31'),
(201, '2024-01-19', 1, 11, 1, 1, 42, 1, 7350, 1, '27', '7000/= মন', 'Provash 2024-01-19 09:48:59'),
(202, '2024-01-19', 1, 11, 1, 2, 50, 1, 8000, 1, '27', '6400/= মন', 'Provash 2024-01-19 09:58:35'),
(203, '2024-01-19', 1, 4, 1, 2, 45, 1, 7312, 1, '27', '6500/= মন', 'Provash 2024-01-19 09:59:41'),
(204, '2024-01-19', 1, 2, 1, 2, 16, 1, 2200, 1, '27', '5500/= মন', 'Provash 2024-01-19 10:00:56'),
(205, '2024-01-19', 1, 5, 1, 0.4, 13, 1, 3325, 1, '27', '10000/=', 'Provash 2024-01-19 10:03:10'),
(206, '2024-01-19', 1, 7, 1, 5, 11, 1, 1375, 1, '27', '5000/= মন', 'Provash 2024-01-19 10:04:32'),
(207, '2024-01-19', 1, 2, 1, 3, 1, 1, 455, 1, '27', '14000/= মন', 'Provash 2024-01-19 10:05:42'),
(208, '2024-01-21', 1, 7, 1, 5, 35, 1, 4514, 1, '28', '5400/= মন', 'Provash 2024-01-22 08:48:58'),
(209, '2024-01-21', 1, 9, 1, 2, 4, 1, 399, 1, '28', '3800/= মন', 'Provash 2024-01-22 08:50:09'),
(210, '2024-01-21', 1, 11, 1, 1, 6, 1, 1020, 1, '28', '6800/= মন ', 'Provash 2024-01-22 08:51:31'),
(211, '2024-01-21', 1, 11, 1, 1.2, 1, 1, 190, 1, '28', '6800/= মন', 'Provash 2024-01-22 08:53:09'),
(212, '2024-01-21', 1, 4, 1, 2, 12, 1, 1747, 1, '28', '6000/= মন', 'Provash 2024-01-22 08:54:54'),
(213, '2024-01-21', 1, 2, 1, 2, 6, 1, 708, 1, '28', '4800/= মন', 'Provash 2024-01-22 08:56:06'),
(214, '2024-01-21', 1, 5, 1, 0.5, 6, 1, 1068, 1, '28', '9000/= মন', 'Provash 2024-01-22 08:57:45'),
(215, '2024-01-21', 1, 2, 1, 3, 2, 1, 190, 1, '28', 'গোড়ান', 'Provash 2024-01-22 08:59:17'),
(216, '2024-01-22', 1, 9, 1, 1.4, 28, 1, 2871, 1, '29', '4400/= মন', 'Provash 2024-01-22 09:06:27'),
(217, '2024-01-22', 1, 2, 1, 1.25, 4, 1, 760, 1, '29', '8000/= মন', 'Provash 2024-01-22 09:07:54'),
(218, '2024-01-22', 1, 2, 1, 1.6, 6, 1, 944, 1, '29', '6400/= মন', 'Provash 2024-01-22 09:10:01'),
(219, '2024-01-22', 1, 7, 1, 5, 27, 1, 3591, 1, '29', '5600/= মন ', 'Provash 2024-01-22 09:13:21'),
(220, '2024-01-22', 1, 4, 1, 2, 5, 1, 757, 1, '29', '6000/= মন', 'Provash 2024-01-22 09:14:33'),
(221, '2024-01-22', 1, 11, 1, 1.25, 12, 1, 1479, 1, '29', '6000/= মন ', 'Provash 2024-01-22 09:15:53'),
(222, '2024-01-22', 1, 7, 1, 9, 3, 1, 320, 1, '29', '42005/= মন ', 'Provash 2024-01-22 09:17:11'),
(223, '2024-01-23', 1, 9, 1, 2, 21, 1, 2035, 1, '30', '4000/= মন', 'Provash 2024-01-23 09:06:24'),
(224, '2024-01-23', 1, 2, 1, 2, 26, 1, 4138, 1, '30', '6650/= মন', 'Provash 2024-01-23 09:07:28'),
(225, '2024-01-23', 1, 2, 1, 2, 13, 1, 1822, 1, '30', '6000/= মন', 'Provash 2024-01-23 09:08:30'),
(226, '2024-01-23', 1, 11, 1, 2, 13, 1, 1548, 1, '30', '5400/= মন', 'Provash 2024-01-23 09:16:46'),
(227, '2024-01-23', 1, 7, 1, 5, 14, 1, 1890, 1, '30', '5600/= মন', 'Provash 2024-01-23 09:18:11'),
(228, '2024-01-23', 2, 25, 1, 20, 40, 1, 1200, 1, '30', '30/= কেজি', 'Provash 2024-01-23 09:20:03'),
(229, '2024-01-23', 2, 22, 1, 1, 27, 6, 405, 1, '30', 'প্রতিটি 15/=', 'Provash 2024-01-23 09:21:52'),
(230, '2024-01-24', 1, 9, 1, 2, 20, 1, 1805, 1, '31', '3800/= মন', 'Provash 2024-01-27 10:46:16'),
(231, '2024-01-24', 1, 5, 1, 0.4, 2, 1, 546, 1, '31', '9500/= মন', 'Provash 2024-01-27 10:48:53'),
(232, '2024-01-24', 1, 11, 1, 1, 15, 1, 2066, 1, '31', '5800/= মন', 'Provash 2024-01-27 10:51:29'),
(234, '2024-01-24', 1, 7, 1, 6, 16, 1, 1520, 1, '31', '5600/= মন', 'Provash 2024-01-27 10:56:55'),
(235, '2024-01-24', 1, 26, 1, 3, 7, 1, 2970, 1, '31', '465/= কেজি', 'Provash 2024-01-27 10:59:46'),
(236, '2024-01-24', 1, 4, 1, 3, 19, 1, 2355, 1, '31', '5000/= মন', 'Provash 2024-01-27 11:01:34'),
(237, '2024-01-24', 1, 9, 1, 1.5, 264, 1, 28433, 1, '31', '4300/= মন', 'Provash 2024-01-27 11:03:24'),
(238, '2024-01-24', 1, 2, 1, 1.6, 84, 1, 14365, 1, '31', '6800/= মন', 'Provash 2024-01-27 11:05:02'),
(239, '2024-01-24', 1, 5, 1, 0.4, 19, 1, 4512, 1, '31', '9500/= মন', 'Provash 2024-01-27 11:06:21'),
(240, '2024-01-24', 1, 5, 1, 0.7, 38, 1, 7831, 1, '31', '8200/= মন', 'Provash 2024-01-27 11:07:51'),
(241, '2024-01-24', 1, 11, 1, 1, 29, 1, 4433, 1, '31', '6200/= মন', 'Provash 2024-01-27 11:09:13'),
(242, '2024-01-24', 1, 6, 1, 4, 16, 1, 2457, 1, '31', '6300/= মন', 'Provash 2024-01-27 11:10:30'),
(243, '2024-01-24', 1, 7, 1, 5, 16, 1, 1840, 1, '31', '4600/= মন', 'Provash 2024-01-27 11:12:13'),
(244, '2024-01-24', 1, 2, 1, 2, 14, 1, 1836, 1, '31', '5400/= মন', 'Provash 2024-01-27 11:13:29'),
(245, '2024-01-24', 1, 26, 1, 3, 7, 1, 2775, 1, '31', '15000/= মন', 'Provash 2024-01-27 11:14:39'),
(246, '2024-01-24', 1, 2, 1, 1.7, 4, 1, 561, 1, '31', '6600/= মন', 'Provash 2024-01-27 11:16:20'),
(247, '2024-01-21', 1, 26, 1, 3, 9, 1, 3451, 1, '28', '390/= কেজি', 'Provash 2024-01-28 09:49:12'),
(248, '2024-01-23', 1, 26, 1, 4, 1, 1, 350, 1, '30', '350/= কেজি', 'Provash 2024-01-28 09:51:12'),
(249, '2024-01-25', 1, 9, 1, 1.8, 286, 1, 30030, 1, '32', '4200/=  মন', 'Provash 2024-01-28 09:53:29'),
(250, '2024-01-25', 1, 11, 1, 0.6, 61, 1, 6796, 1, '32', '6900/= মন', 'Provash 2024-01-28 09:55:25'),
(252, '2024-01-25', 1, 5, 1, 0.4, 38, 1, 8550, 1, '32', '9000/= মন', 'Provash 2024-01-28 10:00:18'),
(253, '2024-01-25', 1, 5, 1, 0.5, 26, 1, 4966, 1, '32', '7700/= .মন', 'Provash 2024-01-28 10:01:46'),
(254, '2024-01-25', 1, 2, 1, 1.4, 91, 1, 15925, 1, '32', '7000/= .মন', 'Provash 2024-01-28 10:03:11'),
(255, '2024-01-25', 1, 4, 1, 2, 39, 1, 5417, 1, '32', '5500/= মন', 'Provash 2024-01-28 10:05:09'),
(256, '2024-01-25', 1, 6, 1, 5, 41, 1, 6608, 1, '32', '6400/= মন', 'Provash 2024-01-28 10:06:28'),
(257, '2024-01-25', 1, 9, 1, 2, 12, 1, 1062, 1, '32', '3600/= মন', 'Provash 2024-01-28 10:07:45'),
(258, '2024-01-25', 1, 7, 1, 5, 8, 1, 954, 1, '32', '4600/= মন', 'Provash 2024-01-28 10:08:54'),
(259, '2024-01-25', 1, 11, 1, 1, 39, 1, 9180, 1, '32', '6000/=  মন', 'Provash 2024-01-28 12:43:45'),
(260, '2024-01-25', 1, 3, 1, 2, 6, 1, 838, 1, '32', '5500/= মন', 'Provash 2024-01-28 12:46:06'),
(261, '2024-01-26', 2, 25, 1, 20, 16, 1, 480, 1, '33', '30/= কেজি', 'Provash 2024-01-28 12:48:10'),
(262, '2024-01-26', 2, 25, 1, 25, 30, 1, 750, 1, '32', '30/= কেজি', 'Provash 2024-01-28 12:54:57'),
(263, '2024-01-26', 1, 9, 1, 2, 17, 1, 1848, 1, '33', '4400/= মন', 'Provash 2024-01-28 12:56:30'),
(264, '2024-01-26', 1, 5, 1, 0.4, 23, 1, 5148, 1, '33', '8800/= মন', 'Provash 2024-01-28 12:58:27'),
(265, '2024-01-26', 1, 11, 1, 0.4, 44, 1, 7665, 1, '33', '7000/= মণ', 'Provash 2024-01-28 13:01:50'),
(266, '2024-01-26', 1, 11, 1, 1, 54, 1, 8280, 1, '33', '6100/= মন', 'Provash 2024-01-28 13:03:10'),
(267, '2024-01-26', 1, 9, 1, 2, 34, 1, 3622, 1, '33', '4200/= মন', 'Provash 2024-01-28 13:04:42'),
(268, '2024-01-26', 1, 2, 1, 2, 100, 1, 17696, 1, '33', '7100/= মন', 'Provash 2024-01-28 13:06:22'),
(269, '2024-01-26', 1, 2, 1, 2, 17, 1, 2650, 1, '33', '6200/= মন', 'Provash 2024-01-28 13:08:18'),
(270, '2024-01-26', 1, 4, 1, 2, 22, 1, 3456, 1, '33', '6200/= মন', 'Provash 2024-01-28 13:09:35'),
(271, '2024-01-26', 1, 7, 1, 5, 80, 1, 9376, 1, '33', '4700/= মন', 'Provash 2024-01-28 13:10:55'),
(272, '2024-01-26', 1, 4, 1, 2, 9, 1, 1255, 1, '33', '5400/= মন', 'Provash 2024-01-28 13:12:11'),
(273, '2024-01-26', 1, 4, 1, 3, 7, 1, 735, 1, '33', '4200/= মন', 'Provash 2024-01-28 13:13:19'),
(274, '2024-01-26', 1, 26, 1, 3, 6, 1, 2100, 1, '33', '15000/= মন', 'Provash 2024-01-28 13:14:29'),
(275, '2024-01-26', 1, 9, 1, 2, 18, 1, 2035, 1, '33', '4400/= মন', 'Provash 2024-01-29 11:10:29'),
(276, '2024-01-26', 1, 7, 1, 5, 68, 1, 8098, 1, '33', '4750/= মন', 'Provash 2024-01-29 11:11:44'),
(277, '2024-01-26', 1, 11, 1, 1, 81, 1, 12928, 1, '33 ', '6400/= মন', 'Provash 2024-01-29 11:15:42'),
(278, '2024-01-26', 1, 11, 1, 0.76, 37, 1, 6476, 1, '33', '7000/= মন', 'Provash 2024-01-29 11:16:45'),
(279, '2024-01-26', 1, 2, 1, 1.25, 16, 1, 3476, 1, '33', '8800/= মন', 'Provash 2024-01-29 11:18:09'),
(280, '2024-01-26', 1, 2, 1, 2, 116, 1, 20010, 1, '34', '6900/= মন', 'Provash 2024-01-29 11:19:20'),
(281, '2024-01-26', 1, 5, 1, 0.4, 10, 1, 2175, 1, '34', '8700/= মন', 'Provash 2024-01-29 11:20:59'),
(282, '2024-01-26', 1, 6, 1, 4, 7, 1, 1122, 1, '34', '6800/= মন', 'Provash 2024-01-29 11:22:29'),
(283, '2024-01-26', 1, 6, 1, 2, 4, 1, 6916, 1, '34', '5500/= মন', 'Provash 2024-01-29 11:24:19'),
(284, '2024-01-26', 1, 4, 1, 2, 17, 1, 1837, 1, '34', '4400/= মন', 'Provash 2024-01-29 11:25:34'),
(285, '2024-01-26', 1, 4, 1, 3, 11, 1, 1008, 1, '34', '3700/= মন', 'Provash 2024-01-29 11:26:28'),
(286, '2024-01-29', 1, 9, 1, 2, 216, 1, 20501, 1, '37', '3800/= মন', 'Provash 2024-01-29 11:29:57'),
(287, '2024-01-29', 1, 5, 1, 0.4, 52, 1, 12600, 1, '37', '9600/= মন', 'Provash 2024-01-29 11:31:06'),
(288, '2024-01-29', 1, 5, 1, 0.7, 34, 1, 6804, 1, '37', '8100/= মন', 'Provash 2024-01-29 11:32:16'),
(290, '2024-01-29', 1, 11, 1, 1, 32, 1, 5087, 1, '37', '6300/= মন', 'Provash 2024-01-29 11:38:08'),
(291, '2024-01-29', 1, 2, 1, 1.25, 18, 1, 4071, 1, '37', '9200/= মন', 'Provash 2024-01-29 11:39:21'),
(292, '2024-01-29', 1, 2, 1, 1.42, 60, 1, 10986, 1, '37', '7300/= মন', 'Provash 2024-01-29 11:41:34'),
(293, '2024-01-29', 1, 6, 1, 4, 19, 1, 3201, 1, '37', '6600/= মন', 'Provash 2024-01-29 11:42:46'),
(294, '2024-01-29', 1, 11, 1, 1, 9, 1, 1325, 1, '37', '5700/= মন', 'Provash 2024-01-29 11:44:10'),
(295, '2024-01-29', 1, 4, 1, 2, 28, 1, 4309, 1, '37', '6200/= মন', 'Provash 2024-01-29 11:45:16'),
(296, '2024-01-29', 1, 2, 1, 2, 108, 1, 17754, 1, '37', '6600/= মন', 'Provash 2024-01-29 11:49:59'),
(297, '2024-01-29', 1, 7, 1, 5, 7, 1, 735, 1, '37', '4200/= মন', 'Provash 2024-01-29 11:51:01'),
(298, '2024-01-29', 1, 7, 1, 4, 25, 1, 3234, 1, '37', '5500/= মন', 'Provash 2024-01-29 11:52:01'),
(299, '2024-01-29', 1, 11, 1, 1, 86, 1, 11630, 1, '37', '5700/= মন', 'Provash 2024-01-29 11:53:21'),
(300, '2024-01-29', 1, 5, 1, 0.4, 10, 1, 2142, 1, '37', '9000/= মন', 'Provash 2024-01-29 11:54:19'),
(301, '2024-01-29', 1, 2, 1, 2, 13, 1, 2133, 1, '37', '7000/= মন', 'Provash 2024-01-29 11:55:20'),
(302, '2024-01-29', 1, 4, 1, 2, 25, 1, 3719, 1, '37', '6200/= মন', 'Provash 2024-01-29 11:56:14'),
(303, '2024-01-29', 1, 9, 1, 2, 15, 1, 1470, 1, '37', '4200/= মন', 'Provash 2024-01-29 11:57:18'),
(304, '2024-01-29', 1, 7, 1, 6, 33, 1, 3928, 1, '37', '5000/= মন', 'Provash 2024-01-29 11:58:09'),
(305, '2024-01-29', 1, 26, 1, 2, 8, 1, 3454, 1, '37', '19000/= মন', 'Provash 2024-01-29 11:59:02'),
(306, '2024-01-30', 1, 11, 1, 1, 32, 1, 5512, 1, '38', '7000/= মন', 'Provash 2024-01-31 10:35:45'),
(307, '2024-01-30', 1, 11, 1, 1.25, 46, 1, 7130, 1, '38', '6200/= মন', 'Provash 2024-01-31 10:36:55'),
(308, '2024-01-30', 1, 2, 1, 42.2, 1, 1, 7701, 1, '38', '7300/= মন ', 'Provash 2024-01-31 10:38:06'),
(309, '2024-01-30', 1, 2, 1, 2, 124, 1, 20068, 1, '38', '6500/= মন', 'Provash 2024-01-31 10:39:33'),
(310, '2024-01-30', 1, 6, 1, 4, 41, 1, 6426, 1, '38', '6300/= মন', 'Provash 2024-01-31 10:40:39'),
(311, '2024-01-30', 1, 5, 1, 1, 24, 1, 3599, 1, '38', '5900/= মন', 'Provash 2024-01-31 10:44:58'),
(312, '2024-01-30', 1, 9, 1, 2, 16, 1, 1400, 1, '38', '3000/= মন', 'Provash 2024-01-31 10:48:00'),
(313, '2024-01-30', 1, 4, 1, 2, 13, 1, 1782, 1, '38', '5400/= মন', 'Provash 2024-01-31 10:49:11'),
(314, '2024-01-30', 1, 7, 1, 5, 27, 1, 3105, 1, '38', '4600/= মন', 'Provash 2024-01-31 10:50:12'),
(315, '2024-01-30', 1, 4, 1, 3, 3, 1, 224, 1, '38', '3200/= মন', 'Provash 2024-01-31 10:51:13'),
(316, '2024-01-30', 1, 26, 1, 4, 2, 1, 680, 1, '38', '16000/= মন', 'Provash 2024-01-31 10:52:23'),
(317, '2024-01-30', 1, 5, 1, 0.5, 28, 1, 5771, 1, '38', '8100/= মন', 'Provash 2024-01-31 10:54:03'),
(318, '2024-02-02', 1, 11, 1, 0.7, 138, 1, 22506, 1, '40', '6500/= মন', 'Sujit 2024-08-09 08:20:06'),
(319, '2024-02-02', 1, 5, 1, 0.4, 25, 1, 5766, 1, '40', '9300/= মন', 'Provash 2024-02-02 17:50:40'),
(320, '2024-02-02', 1, 5, 1, 0.6, 15, 1, 3060, 1, '40', '8000/=মন', 'Provash 2024-02-02 17:52:37'),
(321, '2024-02-02', 1, 2, 1, 1.6, 76, 1, 13967, 1, '40', '7400/= মন', 'Provash 2024-02-02 17:55:16'),
(322, '2024-02-02', 1, 7, 1, 5, 144, 1, 16571, 1, '40', '4600/= মন', 'Provash 2024-02-02 17:57:02'),
(323, '2024-02-02', 1, 4, 1, 2, 15, 1, 2416, 1, '40', '6400/= মন', 'Provash 2024-02-02 17:58:55'),
(324, '2024-02-02', 1, 4, 1, 2, 6, 1, 885, 1, '40', '6000/= মন', 'Sujit 2024-08-09 08:21:48'),
(325, '2024-02-02', 1, 2, 1, 2, 21, 1, 2978, 1, '40', '5700/= মন', 'Provash 2024-02-02 18:02:36'),
(326, '2024-02-02', 1, 9, 1, 2, 2, 1, 240, 1, '40', '4000/= মন', 'Provash 2024-02-02 18:04:08'),
(327, '2024-02-02', 1, 26, 1, 3, 4, 1, 1400, 1, '40', '16000/= মন', 'Provash 2024-02-02 18:05:45'),
(328, '2024-02-01', 1, 26, 1, 2, 6, 1, 2351, 1, '39', '16000/= মন', 'Provash 2024-02-02 18:08:35'),
(329, '2024-02-01', 1, 11, 1, 0.7, 316, 1, 53635, 1, '39', '6800/= মন', 'Provash 2024-02-02 18:10:42'),
(330, '2024-02-01', 1, 2, 1, 1.25, 11, 1, 2365, 1, '39', '8300/= মন', 'Provash 2024-02-02 18:12:41'),
(331, '2024-02-01', 1, 2, 1, 1.5, 39, 1, 7002, 1, '39', '7200/= মন', 'Provash 2024-02-02 18:15:02'),
(333, '2024-02-01', 1, 7, 1, 5, 132, 1, 15828, 1, '40', '4800/=', 'Provash 2024-02-02 18:18:38'),
(334, '2024-02-01', 1, 4, 1, 2, 52, 1, 8122, 1, '39', '6200/= মন', 'Provash 2024-02-02 18:20:44'),
(335, '2024-02-01', 1, 5, 1, 0.4, 16, 1, 3749, 1, '39', '9200', 'Provash 2024-02-02 18:22:38'),
(336, '2024-02-01', 2, 25, 1, 20, 45, 1, 1350, 1, '39', '30/= কেজি', 'Provash 2024-02-03 02:01:57'),
(338, '2024-01-27', 1, 11, 1, 0.5, 29, 1, 5075, 1, '35', '7000/= মন', 'Provash 2024-02-03 02:06:31'),
(339, '2024-01-27', 1, 11, 1, 1, 75, 1, 11280, 1, '35', '6000/= মন', 'Provash 2024-02-03 02:08:14'),
(341, '2024-01-27', 1, 5, 1, 0.4, 25, 1, 5312, 1, '35', '9500/= মন', 'Provash 2024-02-03 02:12:24'),
(343, '2024-01-27', 1, 4, 1, 1.8, 59, 1, 8820, 1, '35', '6000/= মন', 'Provash 2024-02-03 02:16:15'),
(344, '2024-01-27', 1, 6, 1, 4, 8, 1, 1235, 1, '35', '6500/= মন', 'Provash 2024-02-03 02:18:45'),
(345, '2024-01-27', 1, 7, 1, 5, 69, 1, 8084, 1, '35', '4700/= মন', 'Provash 2024-02-03 02:20:28'),
(346, '2024-01-27', 1, 9, 1, 2, 1, 1, 117, 1, '35', '3600/= মন', 'Provash 2024-02-03 02:21:33'),
(347, '2024-01-27', 1, 26, 1, 3, 6, 1, 2557, 1, '35', '16500/= মন', 'Provash 2024-02-03 02:23:31'),
(348, '2024-01-27', 1, 11, 1, 1.5, 2, 1, 300, 1, '35', '5000/= মন', 'Provash 2024-02-03 02:25:36'),
(349, '2024-01-27', 1, 9, 1, 2, 122, 1, 12453, 1, '35', '4100/= মন', 'Provash 2024-02-03 02:27:15'),
(351, '2024-02-12', 2, 25, 1, 30, 162, 1, 2430, 1, '47', '15/= কেজি', 'Provash 2024-02-15 11:03:00'),
(352, '2024-02-12', 2, 16, 2, 10, 49, 1, 1188, 1, '47', '24/= কেজি', 'Provash 2024-02-15 11:04:33'),
(353, '2024-02-14', 2, 25, 1, 20, 35, 1, 525, 1, '48', '15/=কেজি', 'Provash 2024-02-15 11:05:41'),
(354, '2024-02-08', 1, 2, 1, 2, 119, 1, 19288, 1, '46', '6500/= মণ', 'Provash 2024-02-15 11:14:28'),
(355, '2024-02-08', 1, 26, 1, 3, 3, 1, 1317, 1, '46', '17000/= মন', 'Provash 2024-02-15 11:15:43'),
(356, '2024-02-08', 1, 7, 1, 5, 165, 1, 18998, 1, '46', '4600/= মন', 'Provash 2024-02-15 11:17:05'),
(357, '2024-02-07', 1, 11, 1, 1, 52, 1, 8662, 1, '45', '6600/= মন', 'Provash 2024-02-15 11:19:20'),
(358, '2024-02-15', 2, 22, 1, 1, 300, 1, 5100, 1, '49', '17/= কেজি', 'Provash 2024-02-15 16:00:36'),
(359, '2024-02-07', 1, 2, 1, 52.5, 2, 1, 15495, 1, '45', '7100/= মন', 'Provash 2024-02-15 16:03:10'),
(360, '2024-02-07', 1, 9, 1, 2, 7, 1, 721, 1, '45', '3900/= মন', 'Provash 2024-02-15 16:04:18'),
(361, '2024-02-07', 1, 4, 1, 2, 9, 1, 1488, 1, '45', '6400/= মন', 'Provash 2024-02-15 16:05:33'),
(362, '2024-02-07', 1, 6, 1, 4, 21, 1, 2987, 1, '45', '5800/= মন', 'Provash 2024-02-15 16:06:45'),
(363, '2024-02-07', 1, 7, 1, 4, 93, 1, 11136, 1, '45', '4800/= মন', 'Provash 2024-02-15 16:11:21'),
(365, '2024-02-07', 1, 5, 1, 0.5, 3, 1, 680, 1, '45', '8000/= মন', 'Provash 2024-02-15 16:14:13'),
(366, '2024-02-07', 1, 9, 1, 2, 4, 1, 400, 1, '45', '4000/= মন', 'Provash 2024-02-15 16:15:25'),
(367, '2024-01-27', 1, 7, 1, 4, 37, 1, 4625, 1, '35', '5000/= মন', 'Provash 2024-02-15 16:22:57'),
(368, '2024-01-27', 1, 5, 1, 0.35, 13, 1, 2976, 1, '35', '9300/= মন', 'Provash 2024-02-15 16:25:04'),
(369, '2024-01-27', 1, 5, 1, 0.5, 15, 1, 2756, 1, '35', '7500/= মন', 'Provash 2024-02-15 16:26:22'),
(370, '2024-01-27', 1, 2, 1, 2, 31, 1, 5698, 1, '35', '7400/= মন', 'Provash 2024-02-15 16:28:08'),
(372, '2024-01-27', 1, 4, 1, 2, 27, 1, 4050, 1, '35', '6000/= মন', 'Provash 2024-02-15 16:30:58'),
(373, '2024-01-27', 1, 4, 1, 2, 15, 1, 2197, 1, '35', '5900/= মন', 'Provash 2024-02-15 16:32:08'),
(374, '2024-01-27', 1, 6, 1, 5, 9, 1, 1395, 1, '36', '6200/= মন', 'Provash 2024-02-15 16:34:05'),
(375, '2024-01-27', 1, 11, 1, 1, 24, 1, 3555, 1, '36', '6000/= মন', 'Provash 2024-02-15 16:35:15'),
(376, '2024-01-27', 1, 11, 1, 1, 10, 1, 1456, 1, '36', '5600/= মন', 'Provash 2024-02-15 16:36:25'),
(377, '2024-01-27', 1, 4, 1, 4, 4, 1, 400, 1, '35', '4000/= মন', 'Provash 2024-02-15 16:37:28'),
(378, '2024-01-27', 1, 9, 1, 2, 26, 1, 2719, 1, '35', '4200/= মন', 'Provash 2024-02-15 16:52:21'),
(379, '2024-01-27', 1, 2, 1, 2, 123, 1, 21921, 1, '35', '7100/= মণ', 'Provash 2024-02-15 16:53:59'),
(380, '2024-01-27', 1, 5, 1, 0.5, 10, 1, 1950, 1, '35', '7500/= মন', 'Provash 2024-02-15 16:55:33'),
(381, '2024-01-27', 1, 2, 1, 2, 99, 1, 17325, 1, '35', '7000/= মন', 'Provash 2024-02-15 17:19:44'),
(382, '2024-03-05', 1, 9, 2, 1.25, 472, 1, 49528, 1, '59', '4200/= মন', 'Provash 2024-03-05 17:09:16'),
(383, '2024-03-05', 1, 27, 2, 1, 38, 1, 4800, 1, '59', '5000/= মন', 'Provash 2024-03-05 17:10:45'),
(384, '2024-03-05', 1, 2, 2, 1.25, 6, 1, 1218, 1, '59', '8700/= মন', 'Provash 2024-03-05 17:14:49'),
(385, '2024-03-05', 1, 11, 2, 1, 38, 1, 6650, 1, '59', '7000/= মন', 'Provash 2024-03-05 17:16:27'),
(386, '2024-03-05', 1, 27, 2, 1.25, 11, 1, 1165, 1, '59', '4200/= মন', 'Provash 2024-03-05 17:18:10'),
(387, '2024-03-05', 1, 9, 2, 2, 10, 1, 735, 1, '59', '2800/= মন', 'Provash 2024-03-05 17:20:07'),
(388, '2024-03-05', 1, 3, 2, 1.4, 5, 1, 655, 1, '59', '5700/= মন', 'Provash 2024-03-05 17:21:19'),
(389, '2024-03-05', 1, 27, 2, 1, 70, 1, 8725, 1, '59', '5000/= মন', 'Provash 2024-03-05 17:25:55'),
(390, '2024-03-05', 1, 9, 2, 1, 119, 1, 12760, 1, '59', '4300/= মন', 'Provash 2024-03-05 17:27:37'),
(391, '2024-03-05', 1, 9, 2, 1.4, 300, 1, 20270, 1, '59', '2700/= মন', 'Provash 2024-03-05 17:29:51'),
(392, '2024-03-05', 1, 3, 2, 1, 2, 1, 513, 1, '59', '10800/=', 'Provash 2024-03-05 17:32:28'),
(393, '2024-03-05', 1, 13, 2, 0.5, 16, 1, 3800, 1, '59', '9500/= মন', 'Provash 2024-03-05 17:35:02'),
(394, '2024-03-05', 1, 11, 2, 0.5, 40, 1, 8279, 1, '59', '8300/= মন', 'Provash 2024-03-05 17:36:57'),
(395, '2024-03-05', 1, 11, 2, 1, 35, 1, 5929, 1, '59', '6700/= মন', 'Provash 2024-03-05 17:38:16'),
(396, '2024-03-05', 1, 5, 2, 0.5, 26, 1, 5180, 1, '59', '8000/= মন', 'Provash 2024-03-05 17:39:35'),
(397, '2024-03-05', 1, 5, 2, 1, 66, 1, 11203, 1, '59', '6800/= মন', 'Provash 2024-03-05 17:41:54'),
(398, '2024-03-05', 1, 2, 2, 1.25, 57, 1, 11480, 1, '59', '8000/= মন', 'Provash 2024-03-05 17:43:57'),
(399, '2024-03-05', 1, 2, 2, 1.4, 31, 1, 4929, 1, '59', '6300/= মন', 'Provash 2024-03-05 17:45:44'),
(400, '2024-03-05', 1, 2, 2, 2, 9, 1, 1044, 1, '59', '4800/= মন', 'Provash 2024-03-05 17:47:29'),
(401, '2024-03-05', 1, 2, 2, 3, 6, 1, 383, 1, '59', '2600/= মন', 'Provash 2024-03-05 17:48:59'),
(402, '2024-03-07', 1, 9, 2, 1, 24, 1, 2346, 1, '60', '4600/= মন', 'Provash 2024-03-08 01:27:45'),
(403, '2024-03-07', 1, 9, 2, 1, 25, 1, 2490, 1, '60', '4000/= মন', 'Provash 2024-03-08 01:29:10'),
(404, '2024-03-07', 1, 9, 2, 1.25, 16, 1, 1170, 1, '60', '3000/= মন', 'Provash 2024-03-08 01:30:43'),
(405, '2024-03-07', 1, 9, 2, 2, 32, 1, 2187, 1, '60', '2700/= মন', 'Provash 2024-03-08 01:32:08'),
(406, '2024-03-07', 1, 27, 2, 1, 13, 1, 1462, 1, '60', '4500/= মন', 'Provash 2024-03-08 01:33:57'),
(407, '2024-03-07', 1, 11, 2, 0.5, 87, 1, 15478, 1, '60', '7100/= মন', 'Provash 2024-03-08 01:37:28'),
(408, '2024-03-07', 1, 2, 2, 1.25, 46, 1, 9545, 1, '60', '8300/= মন', 'Provash 2024-03-08 01:39:30'),
(409, '2024-03-07', 1, 2, 2, 1, 11, 1, 2452, 1, '60', '9000/= মন', 'Provash 2024-03-08 01:40:41'),
(410, '2024-03-07', 1, 3, 2, 1.25, 165, 1, 26050, 1, '60', '6300/= মন', 'Provash 2024-03-08 01:42:21'),
(411, '2024-03-07', 1, 7, 2, 4, 6, 1, 720, 1, '60', '4500/= মন', 'Provash 2024-03-08 01:44:21'),
(412, '2024-03-07', 1, 9, 2, 2, 1, 1, 100, 1, '60', '4000/= মন', 'Provash 2024-03-08 01:46:45'),
(413, '2024-03-06', 1, 9, 2, 0.8, 18, 1, 2220, 1, '61', '4800/= মন', 'Provash 2024-03-08 02:51:00'),
(414, '2024-03-06', 1, 9, 2, 1, 30, 1, 3507, 1, '61', '4600/= মন', 'Provash 2024-03-08 02:52:35'),
(415, '2024-03-06', 1, 9, 2, 1, 19, 1, 2042, 1, '61', '4300/= মন', 'Provash 2024-03-08 02:54:09'),
(416, '2024-03-06', 1, 27, 2, 1, 25, 1, 2823, 1, '61', '4500/= মন', 'Provash 2024-03-08 02:56:02'),
(417, '2024-03-06', 1, 11, 2, 0.5, 4, 1, 843, 1, '61', '7500/= মন', 'Provash 2024-03-08 02:57:53'),
(418, '2024-03-06', 1, 9, 2, 1, 77, 1, 6737, 1, '61', '3500/= মন', 'Provash 2024-03-08 02:59:22'),
(419, '2024-03-06', 1, 3, 2, 2, 98, 1, 15128, 1, '61', '6200/= মন', 'Provash 2024-03-08 03:06:33'),
(420, '2024-03-06', 1, 5, 2, 1, 48, 1, 8075, 1, '61', '6800/= মন', 'Provash 2024-03-08 03:07:40'),
(421, '2024-03-06', 1, 5, 2, 0.5, 19, 1, 4122, 1, '61', '8500/= মন', 'Provash 2024-03-08 03:09:26'),
(422, '2024-03-06', 1, 2, 2, 1.25, 46, 1, 9260, 1, '60', '8000/= মন', 'Sujit 2024-08-09 09:39:27'),
(423, '2024-03-06', 1, 2, 2, 1.5, 37, 1, 6012, 1, '61', '6500/= মন', 'Provash 2024-03-08 03:12:23'),
(424, '2024-03-06', 1, 5, 2, 1, 14, 1, 1700, 1, '61', '5000/= মন', 'Provash 2024-03-08 03:14:03'),
(425, '2024-03-06', 1, 9, 2, 1, 16, 1, 1248, 1, '61', '3200/= মন', 'Provash 2024-03-08 03:15:44'),
(426, '2024-03-06', 1, 27, 2, 1, 92, 1, 11100, 1, '61', '4800/= মন', 'Provash 2024-03-08 03:17:16'),
(427, '2024-03-06', 1, 11, 2, 1, 77, 1, 12384, 1, '61', '6400/= মন', 'Provash 2024-03-08 03:18:56'),
(428, '2024-03-06', 1, 9, 2, 1, 12, 1, 1322, 1, '61', '4600/= মন', 'Provash 2024-03-08 03:20:50'),
(429, '2024-03-06', 1, 9, 2, 1.4, 29, 1, 2439, 1, '61', '3400/= মন', 'Provash 2024-03-08 03:22:23'),
(430, '2024-03-06', 1, 5, 2, 1, 5, 1, 662, 1, '61', '5000/= মন', 'Provash 2024-03-08 03:35:55'),
(431, '2024-03-06', 1, 9, 2, 2, 20, 1, 1592, 1, '61', '3200/= মন', 'Provash 2024-03-08 03:37:34'),
(432, '2024-03-09', 1, 9, 2, 0.8, 146, 1, 18237, 1, '62', '5000/= মন', 'Provash 2024-03-09 12:24:11'),
(433, '2024-03-09', 1, 9, 2, 0.9, 245, 1, 23275, 1, '62', '3800/= মন', 'Provash 2024-03-09 12:26:00'),
(434, '2024-03-09', 1, 9, 2, 1, 125, 1, 11599, 1, '62', '3700/= মন', 'Provash 2024-03-09 12:28:30'),
(435, '2024-03-09', 1, 9, 2, 1.25, 18, 1, 1456, 1, '62', '3200/= মন', 'Provash 2024-03-09 12:30:12'),
(436, '2024-03-09', 1, 11, 2, 0.5, 49, 1, 9102, 1, '62', '7400/= মন', 'Provash 2024-03-09 12:31:13'),
(437, '2024-03-09', 1, 5, 2, 38.4, 1, 1, 6720, 1, '62', '7000/= মন', 'Provash 2024-03-09 12:32:28'),
(438, '2024-03-09', 1, 3, 2, 1.25, 99, 1, 16830, 1, '62', '6800/= মন', 'Provash 2024-03-09 12:33:34'),
(439, '2024-03-09', 1, 2, 2, 1.25, 33, 1, 7682, 1, '62', '9200/= মন', 'Provash 2024-03-09 12:34:34'),
(440, '2024-03-09', 1, 5, 2, 1, 24, 1, 3448, 1, '62', '5700/= মন', 'Provash 2024-03-09 12:36:00'),
(441, '2024-03-09', 1, 2, 2, 1.4, 12, 1, 2231, 1, '62', '7500/= মন', 'Provash 2024-03-09 12:37:02'),
(442, '2024-03-09', 1, 4, 2, 5.7, 6, 1, 712, 1, '62', '5000/= মন', 'Provash 2024-03-09 12:38:05'),
(443, '2024-03-10', 1, 9, 2, 1, 109, 1, 11141, 1, '65', '4100/= মন', 'Provash 2024-03-11 04:58:55'),
(444, '2024-03-10', 1, 9, 2, 1, 20, 1, 2388, 1, '65', '4800/= মন', 'Provash 2024-03-11 05:00:09'),
(445, '2024-03-10', 1, 9, 2, 1.25, 111, 1, 12532, 1, '65', '4500/= মন', 'Provash 2024-03-11 05:01:24'),
(446, '2024-03-10', 1, 9, 2, 1.4, 67, 1, 5880, 1, '65', '3500/= মন', 'Provash 2024-03-11 05:02:28'),
(447, '2024-03-10', 1, 9, 2, 2, 41, 1, 3264, 1, '65', '3200/= মন', 'Provash 2024-03-11 05:05:29'),
(448, '2024-03-10', 1, 13, 2, 0.5, 42, 1, 10763, 1, '65', '10300/= মন', 'Provash 2024-03-11 05:07:11'),
(449, '2024-03-10', 1, 13, 2, 0.5, 23, 1, 5324, 1, '65', '9300/= মন', 'Provash 2024-03-11 05:09:09'),
(450, '2024-03-10', 1, 3, 2, 1.4, 57, 1, 8835, 1, '65', '6200/= মন', 'Provash 2024-03-11 05:10:20'),
(451, '2024-03-10', 1, 3, 2, 1, 35, 1, 6020, 1, '65', '6900/= মন', 'Provash 2024-03-11 05:12:03'),
(452, '2024-03-10', 1, 2, 2, 1.25, 53, 1, 11527, 1, '65', '8700/= মন', 'Provash 2024-03-11 05:13:42'),
(453, '2024-03-10', 1, 2, 2, 1.5, 31, 1, 5831, 1, '65', '7500/= মন', 'Provash 2024-03-11 05:15:44'),
(454, '2024-03-10', 1, 7, 2, 4, 10, 1, 1282, 1, '65', '5400/= মন', 'Provash 2024-03-11 05:16:42'),
(455, '2024-03-10', 1, 4, 2, 1.6, 3, 1, 455, 1, '65', '6500/= মন', 'Provash 2024-03-11 05:18:05'),
(456, '2024-03-10', 1, 4, 2, 2, 1, 1, 105, 1, '3500/= মন', '3500/= মন', 'Provash 2024-03-11 05:19:17'),
(457, '2024-03-10', 1, 3, 2, 0.5, 2, 1, 375, 1, '65', '10000/= মন', 'Provash 2024-03-11 05:20:49'),
(458, '2024-03-11', 1, 11, 2, 0.5, 73, 1, 13650, 1, '66', '7500/= মন', 'Provash 2024-03-11 11:04:43'),
(459, '2024-03-11', 1, 9, 2, 1, 52, 1, 6037, 1, '66', '4600/= মন', 'Provash 2024-03-11 11:05:39'),
(460, '2024-03-11', 1, 9, 2, 1, 18, 1, 2058, 1, '66', '4500/= মন', 'Provash 2024-03-11 11:06:33'),
(461, '2024-03-11', 1, 9, 2, 1.25, 34, 1, 3430, 1, '66', '4000/= মন', 'Provash 2024-03-11 11:07:31'),
(462, '2024-03-11', 1, 9, 2, 1.4, 298, 1, 25313, 1, '66', '3400/= মন', 'Provash 2024-03-11 11:08:49'),
(463, '2024-03-11', 1, 5, 2, 0.5, 8, 1, 2018, 1, '66', '9500/= মন', 'Provash 2024-03-11 11:09:57'),
(464, '2024-03-11', 1, 2, 2, 1.25, 3, 1, 565, 1, '66', '7800/= মন', 'Provash 2024-03-11 11:11:19'),
(465, '2024-03-11', 1, 3, 2, 2, 59, 1, 9339, 1, '66', '6300/= মন', 'Provash 2024-03-11 11:12:51'),
(466, '2024-03-11', 1, 2, 2, 1.25, 10, 1, 2301, 1, '66', '9300/= মন', 'Provash 2024-03-11 11:14:12'),
(467, '2024-03-11', 1, 11, 2, 1, 18, 1, 2610, 1, '66', '5900/= মন', 'Provash 2024-03-11 11:15:17'),
(468, '2024-03-11', 1, 4, 2, 1.4, 11, 1, 2059, 1, '66', '7700/= মন', 'Provash 2024-03-11 11:17:22'),
(469, '2024-03-11', 1, 5, 2, 1, 57, 1, 8835, 1, '66', '6200/= মন', 'Provash 2024-03-11 11:19:15'),
(470, '2024-03-11', 1, 5, 2, 1, 52, 1, 9432, 1, '66', '7200/= মন', 'Provash 2024-03-11 11:20:17'),
(471, '2024-03-11', 1, 7, 2, 5, 4, 1, 563, 1, '66', '5500/= মন', 'Provash 2024-03-11 11:21:42'),
(472, '2024-03-11', 1, 7, 2, 7, 4, 1, 322, 1, '66', '3000/= মন', 'Provash 2024-03-11 11:22:49'),
(473, '2024-03-12', 1, 9, 2, 0.8, 34, 1, 4128, 1, '67', '4800/= মন', 'Provash 2024-03-12 09:16:16'),
(474, '2024-03-12', 1, 9, 2, 0.9, 67, 1, 7751, 1, '67', '4600/= মন', 'Provash 2024-03-12 09:20:38'),
(475, '2024-03-12', 1, 9, 2, 1, 61, 1, 5168, 1, '67', '3400/= মন', 'Provash 2024-03-12 09:22:55'),
(476, '2024-03-12', 1, 9, 2, 2, 205, 1, 14350, 1, '67', '2800/= মন', 'Provash 2024-03-12 09:29:28'),
(477, '2024-03-12', 1, 3, 2, 1.4, 92, 1, 11437, 1, '67', '5000/= মন', 'Provash 2024-03-12 09:32:02'),
(478, '2024-03-12', 1, 11, 2, 0.5, 36, 1, 6154, 1, '67', '6800/= মন', 'Provash 2024-03-12 09:33:20'),
(479, '2024-03-12', 1, 5, 2, 1, 31, 1, 5008, 1, '67', '6400/= মন', 'Provash 2024-03-12 09:36:05'),
(480, '2024-03-12', 1, 9, 2, 1, 37, 1, 3515, 1, '67', '3800/= মন', 'Provash 2024-03-12 09:38:00'),
(481, '2024-03-12', 1, 2, 2, 1.25, 17, 1, 3655, 1, '67', '8600/= মন', 'Provash 2024-03-12 09:40:42'),
(482, '2024-03-12', 1, 9, 2, 1.4, 22, 1, 1672, 1, '67', '3000/= মন', 'Provash 2024-03-12 09:42:05'),
(483, '2024-03-12', 1, 9, 2, 1.5, 44, 1, 3307, 1, '67', '3000/= মন', 'Provash 2024-03-12 09:44:05'),
(484, '2024-03-12', 1, 2, 2, 1.25, 25, 1, 4199, 1, '67', '6800/= মন', 'Provash 2024-03-12 09:48:21'),
(485, '2024-03-12', 1, 11, 2, 1, 15, 1, 1797, 1, '67', '4700/= মন', 'Provash 2024-03-12 09:49:11'),
(486, '2024-03-12', 1, 7, 2, 5, 9, 1, 796, 1, '67', '3500/= মন', 'Provash 2024-03-12 09:50:24'),
(487, '2024-03-12', 1, 26, 2, 1.5, 1, 1, 550, 1, '67', '20000/= মন', 'Provash 2024-03-12 09:51:32'),
(488, '2024-03-10', 0, 1, 2, 1, 41, 4, 1100, 1, '65', 'বস্তা বিক্রি', 'Provash 2024-03-12 11:17:42'),
(489, '2024-02-01', 1, 9, 1, 1.25, 1680, 1, 1680, 1, '39', '4200/= মন', 'Provash 2024-03-16 03:36:09'),
(490, '2024-02-01', 1, 28, 1, 10, 4, 1, 550, 1, '39', '5000/= মন', 'Provash 2024-03-16 03:37:24'),
(491, '2024-02-01', 2, 16, 2, 1, 15, 6, 300, 1, '39', 'পাতাকপি', 'Provash 2024-03-16 03:40:45'),
(492, '2024-02-01', 2, 16, 2, 4, 20, 1, 200, 1, '39', 'ওলকপি', 'Provash 2024-03-16 03:41:55'),
(493, '2024-02-01', 2, 16, 2, 12, 40, 1, 400, 1, '39', 'পুইশাখ ', 'Provash 2024-03-16 03:43:46'),
(494, '2024-02-07', 1, 28, 1, 20, 6, 1, 1305, 1, '45', '9000/= মন', 'Provash 2024-03-16 03:56:53'),
(495, '2024-02-07', 1, 28, 1, 10, 4, 1, 270, 1, '45', '6000/= মন', 'Provash 2024-03-16 03:58:03'),
(496, '2024-02-07', 1, 26, 1, 2, 1, 1, 540, 1, '45', '18000/= মন', 'Provash 2024-03-16 03:59:11'),
(497, '2024-02-06', 1, 26, 1, 3, 2, 1, 945, 1, '44', '18000/= মন', 'Provash 2024-03-16 04:01:19'),
(498, '2024-02-06', 1, 28, 1, 15, 9, 1, 2025, 1, '44', '9000/= মন', 'Provash 2024-03-16 04:37:58'),
(499, '2024-02-06', 1, 2, 1, 1.5, 180, 1, 31861, 1, '44', '7100/= মন', 'Provash 2024-03-16 04:41:35'),
(500, '2024-02-06', 1, 11, 1, 0.5, 18, 1, 3097, 1, '44', '7000/= মন', 'Provash 2024-03-16 04:44:27'),
(501, '2024-02-06', 1, 11, 1, 0.5, 34, 1, 5139, 1, '44', '6100/= মন', 'Provash 2024-03-16 05:13:21'),
(502, '2024-02-06', 1, 2, 1, 1.25, 12, 1, 2675, 1, '44', '8700/= মন', 'Provash 2024-03-16 05:16:02'),
(503, '2024-02-04', 1, 11, 1, 0.5, 74, 1, 12311, 1, '42', '6700/= মন', 'Provash 2024-03-17 10:16:52'),
(504, '2024-02-04', 1, 11, 1, 0.5, 29, 1, 4205, 1, '42', '5800/= মন', 'Provash 2024-03-17 10:17:48'),
(505, '2024-02-04', 1, 2, 1, 1.42, 182, 1, 30991, 1, '42', '6800/= মন', 'Provash 2024-03-17 10:19:50'),
(506, '2024-02-04', 1, 4, 1, 2, 54, 1, 7830, 1, '42', '5800/= মন', 'Provash 2024-03-17 10:21:04'),
(507, '2024-02-04', 1, 4, 1, 2, 10, 1, 1500, 1, '42', '6000/= মন', 'Provash 2024-03-17 10:22:01'),
(508, '2024-02-04', 1, 7, 1, 5, 30, 1, 3775, 1, '42', '5000/= মন', 'Provash 2024-03-17 10:22:56'),
(509, '2024-02-04', 1, 7, 1, 3, 6, 1, 2493, 1, '42', '17500/= মন', 'Provash 2024-03-17 10:24:25'),
(510, '2024-02-04', 1, 7, 1, 5, 47, 1, 5664, 1, '42', '4800/= মন', 'Provash 2024-03-17 10:25:23'),
(511, '2024-02-08', 1, 28, 1, 8, 18, 1, 3150, 1, '46', '7000/= মন', 'Provash 2024-03-17 10:29:20'),
(512, '2024-02-06', 1, 9, 1, 1.42, 58, 1, 5462, 1, '44', '3800/= মন', 'Provash 2024-03-17 10:31:52'),
(513, '2024-02-06', 1, 7, 1, 5, 30, 1, 3888, 1, '44', '5100/= মন', 'Provash 2024-03-17 10:33:02'),
(514, '2024-02-06', 1, 4, 1, 2, 74, 1, 11501, 1, '44', '6200/= মন', 'Provash 2024-03-17 10:34:24'),
(515, '2024-02-06', 1, 6, 1, 4, 15, 1, 2394, 1, '44', '6300/= মন', 'Provash 2024-03-17 10:36:01'),
(516, '2024-02-06', 1, 7, 1, 4, 19, 1, 2279, 1, '44', '4700/= মন', 'Provash 2024-03-17 10:37:12'),
(517, '2024-02-06', 1, 5, 1, 0.5, 12, 1, 2550, 1, '44', '8500/= মন', 'Provash 2024-03-17 10:38:14'),
(518, '2024-02-05', 1, 11, 1, 0.5, 32, 1, 5410, 1, '43', '6700/= মন', 'Provash 2024-03-17 10:40:36'),
(519, '2024-02-05', 1, 11, 1, 0.5, 44, 1, 6789, 1, '43', '6200/= মন', 'Provash 2024-03-17 10:41:57'),
(520, '2024-02-05', 1, 2, 1, 1.45, 111, 1, 19425, 1, '43', '7000/= মন', 'Provash 2024-03-17 10:43:19'),
(521, '2024-02-05', 1, 7, 1, 4, 62, 1, 7930, 1, '43', '5100=/ মন', 'Provash 2024-03-17 10:44:49'),
(522, '2024-02-05', 1, 7, 1, 5, 56, 1, 6020, 1, '43', '4300/= মন', 'Provash 2024-03-17 10:46:30'),
(523, '2024-02-05', 1, 2, 1, 2, 14, 1, 1925, 1, '43', '5500/= মন', 'Provash 2024-03-17 10:47:33'),
(524, '2024-02-05', 1, 26, 1, 4, 3, 1, 1600, 1, '43', '16000/= মন', 'Provash 2024-03-17 10:48:34'),
(525, '2024-02-16', 2, 16, 2, 8, 65, 1, 1416, 1, '50', '22/= কেজি', 'Provash 2024-03-17 10:57:23'),
(527, '2024-02-16', 2, 16, 1, 5, 39, 1, 390, 1, '51', '10/= করে পিস', 'Provash 2024-03-17 11:00:10'),
(528, '2024-02-16', 2, 16, 2, 8, 55, 1, 1100, 1, '51', '20/= কেজি', 'Provash 2024-03-17 11:01:18'),
(529, '2024-02-17', 1, 9, 1, 1.42, 99, 1, 10208, 1, '54', '4400/= মন', 'Provash 2024-03-17 11:26:47'),
(530, '2024-02-17', 1, 5, 1, 0.5, 84, 1, 15693, 1, '54', '7500/= মন', 'Provash 2024-03-17 11:28:16'),
(531, '2024-02-17', 1, 2, 1, 1.25, 48, 1, 10331, 1, '54', '8700/= মন', 'Provash 2024-03-17 11:31:22');
INSERT INTO `earning` (`id`, `date`, `sector`, `item`, `source`, `quantity_per_unit`, `quantity`, `unit`, `price`, `status`, `memo`, `comment`, `logs`) VALUES
(532, '2024-02-17', 1, 2, 1, 1.4, 38, 1, 7410, 1, '54', '7800/=  মন', 'Provash 2024-03-17 11:32:49'),
(533, '2024-02-17', 1, 4, 1, 2, 10, 1, 1768, 1, '54', '6800/= মন', 'Provash 2024-03-17 11:34:36'),
(534, '2024-02-17', 1, 11, 1, 0.5, 4, 1, 656, 1, '54', '6400/= মন', 'Provash 2024-03-17 11:35:54'),
(535, '2024-02-17', 1, 9, 1, 1.42, 6, 1, 656, 1, '54', '4100/= মন', 'Provash 2024-03-17 11:39:36'),
(536, '2024-02-17', 1, 11, 1, 1.25, 1, 1, 132, 1, '54', '4400/= মন', 'Provash 2024-03-17 11:40:41'),
(537, '2024-02-18', 1, 9, 1, 1.42, 68, 1, 7480, 1, '52', '4400/= মন', 'Provash 2024-03-17 12:00:59'),
(538, '2024-02-18', 1, 2, 1, 1.25, 22, 1, 5296, 1, '52', '9500/= মণ', 'Provash 2024-03-17 12:04:18'),
(539, '2024-02-18', 1, 2, 1, 1.4, 42, 1, 9073, 1, '52', '8600/= মন', 'Provash 2024-03-17 12:05:52'),
(540, '2024-02-18', 1, 11, 1, 0.5, 37, 1, 6937, 1, '52', '7500/= মন', 'Provash 2024-03-17 12:07:25'),
(541, '2024-02-18', 1, 2, 1, 1.5, 18, 1, 2925, 1, '52', '6500/= মন', 'Provash 2024-03-17 12:08:25'),
(542, '2024-02-18', 1, 2, 1, 2, 1, 1, 175, 1, '52', '5000/= মন', 'Provash 2024-03-17 12:09:34'),
(543, '2024-02-19', 2, 16, 2, 48, 48, 6, 528, 1, '53', '11 টাকা পিস', 'Provash 2024-03-17 12:14:28'),
(544, '2024-02-19', 2, 16, 2, 10, 61, 1, 1220, 1, '53', '20/= কেজি', 'Provash 2024-03-17 12:15:36'),
(545, '2024-02-19', 2, 25, 1, 9, 16, 1, 852, 1, '53', '16/= কেজি', 'Provash 2024-03-17 12:16:42'),
(546, '2024-02-22', 1, 16, 2, 1, 48, 6, 240, 1, '55', '5/= পিস', 'Provash 2024-03-17 12:18:54'),
(547, '2024-02-22', 2, 16, 2, 9, 24, 1, 600, 1, '55', '25/= কেজি', 'Provash 2024-03-17 12:19:48'),
(548, '2024-02-22', 2, 25, 1, 65, 65, 1, 867, 1, '55', '13 .3', 'Provash 2024-03-17 12:21:08'),
(549, '2024-03-18', 1, 9, 2, 2, 70, 1, 3780, 1, '68', '2400/= মন', 'Provash 2024-03-19 12:49:34'),
(550, '2024-03-18', 1, 5, 2, 1, 18, 1, 2490, 1, '68', '6000/= মন', 'Sujit 2024-08-09 10:17:45'),
(552, '2024-03-18', 1, 2, 2, 1.25, 18, 1, 3454, 1, '68', '8800/= ,মন', 'Provash 2024-03-19 12:56:43'),
(553, '2024-03-18', 1, 11, 2, 0.4, 29, 1, 4437, 1, '68', '6400/= মন', 'Provash 2024-03-19 12:59:26'),
(554, '2024-03-18', 1, 9, 2, 1, 48, 1, 4577, 1, '68', '4200/= মণ', 'Provash 2024-03-19 13:02:38'),
(555, '2024-03-18', 1, 11, 2, 1.4, 51, 1, 6426, 1, '68', '5600/= মন', 'Provash 2024-03-19 13:03:54'),
(556, '2024-03-18', 1, 2, 2, 1.3, 9, 1, 1461, 1, '68', '7400/= মন', 'Provash 2024-03-19 13:06:46'),
(557, '2024-03-18', 1, 7, 2, 5, 4, 1, 432, 1, '68', '4800/= মন', 'Provash 2024-03-19 13:08:28'),
(558, '2024-03-18', 1, 9, 2, 3, 13, 1, 448, 1, '68', '1600/= মন', 'Provash 2024-03-19 13:09:59'),
(559, '2024-03-18', 1, 11, 2, 0.5, 66, 1, 10098, 1, '68', '6800/= মন', 'Provash 2024-03-19 13:11:52'),
(560, '2024-03-18', 1, 3, 2, 2, 49, 1, 5954, 1, '68', '5400/= মন', 'Provash 2024-03-19 13:13:51'),
(561, '2024-03-18', 1, 13, 2, 0.5, 18, 1, 2673, 1, '68', '6600/= মন', 'Provash 2024-03-19 13:15:42'),
(562, '2024-03-18', 1, 13, 2, 0.33, 7, 1, 1480, 1, '68', '9400/= মন', 'Provash 2024-03-19 13:17:36'),
(563, '2024-03-18', 1, 11, 2, 0.33, 79, 1, 14381, 1, '68', '7300/= মন', 'Provash 2024-03-19 13:20:56'),
(564, '2024-03-18', 1, 11, 2, 0.5, 29, 1, 4407, 1, '68', '6100/= মন', 'Provash 2024-03-19 13:25:10'),
(565, '2024-03-18', 1, 2, 2, 1.25, 37, 1, 7955, 1, '68', '8600/= মন', 'Provash 2024-03-19 13:26:31'),
(566, '2024-03-18', 1, 2, 2, 1.5, 30, 1, 5587, 1, '68', '7400/= মন', 'Provash 2024-03-19 13:28:13'),
(567, '2024-03-18', 1, 9, 2, 1, 8, 1, 1000, 1, '68', '5000/= মন', 'Provash 2024-03-19 13:29:50'),
(568, '2024-03-18', 1, 11, 2, 1.25, 5, 1, 874, 1, '68', '6600/= মন', 'Provash 2024-03-19 13:30:46'),
(569, '2024-03-18', 1, 9, 2, 2, 27, 1, 2211, 1, '68', '3300/= মন', 'Provash 2024-03-19 13:32:06'),
(570, '2024-03-18', 1, 3, 2, 2, 46, 1, 5980, 1, '68', '5200/= মন', 'Sujit 2024-08-09 10:20:25'),
(571, '2024-03-19', 1, 5, 2, 1.25, 53, 1, 6090, 1, '68', '5600/= মন', 'Sujit 2024-08-09 10:37:37'),
(572, '2024-03-18', 1, 5, 2, 2, 16, 1, 1856, 1, '68', '4500/= মন', 'Provash 2024-03-19 13:37:42'),
(573, '2024-03-18', 1, 9, 2, 3, 4, 1, 207, 1, '68', '2300/= মন', 'Provash 2024-03-19 13:39:02'),
(574, '2024-03-19', 1, 9, 2, 1, 38, 1, 4940, 1, '69', '5200/= মন', 'Provash 2024-03-19 13:41:51'),
(575, '2024-03-19', 1, 11, 2, 0.33, 80, 1, 14837, 1, '69', '7400/= মন', 'Provash 2024-03-19 13:43:12'),
(576, '2024-03-19', 1, 9, 2, 1.25, 38, 1, 3780, 1, '69', '4000/= মন', 'Provash 2024-03-19 13:44:27'),
(577, '2024-03-19', 1, 9, 2, 1.42, 112, 1, 8400, 1, '69', '3000/= মন', 'Provash 2024-03-19 13:45:40'),
(581, '2024-03-19', 1, 3, 2, 2, 94, 1, 11812, 1, '69', '5000/= মন', 'Provash 2024-03-19 13:51:19'),
(582, '2024-03-19', 1, 2, 2, 1.25, 15, 1, 2964, 1, '69', '7700/= মন', 'Provash 2024-03-19 13:52:14'),
(583, '2024-03-19', 1, 4, 2, 2, 19, 1, 2861, 1, '69', '5900/= মন', 'Provash 2024-03-19 13:53:25'),
(584, '2024-03-19', 1, 5, 2, 2, 18, 1, 2160, 1, '69', '4800/= মন', 'Provash 2024-03-19 13:55:32'),
(585, '2024-03-19', 1, 7, 2, 5, 6, 1, 450, 1, '69', '3000/= মন', 'Provash 2024-03-19 13:56:15'),
(586, '2024-03-25', 2, 22, 1, 1, 60, 1, 1200, 1, '71', '20=/ কেজি', 'Sujit 2024-08-09 10:39:28'),
(587, '2024-04-02', 1, 11, 2, 2, 6, 1, 960, 1, '70', '6000/= মন', 'Provash 2024-04-02 13:21:05'),
(588, '2024-04-02', 2, 9, 2, 1, 27, 1, 3105, 1, '72', '4600/= মন', 'Provash 2024-04-02 13:25:06'),
(589, '2024-04-02', 1, 9, 2, 1.4, 29, 1, 2940, 1, '72', '4000/= মন', 'Provash 2024-04-02 13:28:23'),
(590, '2024-04-02', 1, 9, 2, 1.5, 46, 1, 3944, 1, '72', '3400/= মন', 'Provash 2024-04-02 13:30:02'),
(591, '2024-04-02', 1, 9, 2, 3, 29, 1, 2131, 1, '72', '2900/= মন', 'Provash 2024-04-02 13:31:26'),
(592, '2024-04-02', 1, 9, 2, 1, 46, 1, 1820, 1, '72', '1600/= মন', 'Provash 2024-04-02 13:32:35'),
(593, '2024-04-02', 1, 11, 2, 0.5, 57, 1, 10972, 1, '72', '7700/= মন', 'Provash 2024-04-02 13:33:53'),
(594, '2024-04-02', 1, 11, 2, 1.5, 37, 1, 5952, 1, '72', '6400/= মন', 'Provash 2024-04-02 13:35:32'),
(595, '2024-04-02', 1, 5, 2, 1, 34, 1, 5476, 1, '72', '6500/= মন', 'Provash 2024-04-02 13:37:14'),
(596, '2024-04-02', 1, 5, 2, 1.5, 21, 1, 2978, 1, '72', '5700/= মন', 'Provash 2024-04-02 13:38:25'),
(597, '2024-04-02', 1, 2, 2, 1.25, 9, 1, 1845, 1, '72', '8200/= নণ', 'Provash 2024-04-02 13:39:29'),
(598, '2024-04-02', 1, 28, 2, 5, 7, 1, 888, 1, '72', '4800/= মন', 'Provash 2024-04-02 13:40:54'),
(599, '2024-04-02', 1, 28, 2, 8, 15, 1, 900, 1, '72', '2400/= মন', 'Provash 2024-04-02 13:41:57'),
(600, '2024-04-02', 1, 26, 2, 1, 1, 1, 300, 1, '72', '300/= কেজি', 'Provash 2024-04-02 13:43:01'),
(601, '2024-04-03', 1, 2, 2, 1.25, 108, 1, 22575, 1, '73', '8400/= মন', 'Provash 2024-04-03 12:24:16'),
(602, '2024-04-03', 1, 9, 2, 1.25, 13, 1, 1202, 1, '73', '3700/= মন', 'Provash 2024-04-03 12:25:37'),
(603, '2024-04-03', 1, 5, 2, 1, 102, 1, 15225, 1, '73', '6000/= মন', 'Provash 2024-04-03 12:36:12'),
(604, '2024-04-03', 1, 4, 2, 1.5, 26, 1, 4462, 1, '73', '6000/= মন', 'Provash 2024-04-03 12:37:23'),
(605, '2024-04-03', 1, 4, 2, 2, 20, 1, 3040, 1, '73', '6000/= মন', 'Provash 2024-04-03 12:38:54'),
(606, '2024-04-03', 1, 4, 2, 3, 28, 1, 3850, 1, '73', '5500/= মন', 'Provash 2024-04-03 12:39:52'),
(607, '2024-04-03', 1, 4, 2, 3, 33, 1, 3270, 1, '73', '4000/= মন', 'Provash 2024-04-03 12:41:22'),
(608, '2024-04-03', 1, 7, 2, 4, 16, 1, 471, 1, '73', '1200/= মন', 'Provash 2024-04-03 12:42:30'),
(609, '2024-04-02', 1, 9, 2, 3, 13, 1, 950, 1, '72', '3000/= মন', 'Provash 2024-04-03 13:17:00'),
(610, '2024-04-05', 1, 11, 2, 0.5, 56, 1, 10920, 1, '75', '7800/= মন', 'Provash 2024-04-05 15:31:21'),
(611, '2024-04-05', 1, 11, 2, 1.6, 139, 1, 21545, NULL, '75', '6200/= মন', 'Provash 2024-04-05 15:32:41'),
(612, '2024-04-05', 1, 2, 2, 1.25, 39, 1, 8482, NULL, '75', '8700/= মন', 'Provash 2024-04-05 15:33:54'),
(613, '2024-04-05', 1, 5, 2, 1, 46, 1, 7475, NULL, '75', '6500/= মন', 'Provash 2024-04-05 15:35:30'),
(614, '2024-04-05', 1, 9, 2, 1.25, 8, 1, 850, NULL, '75', '4000/= মন', 'Provash 2024-04-05 15:36:38'),
(615, '2024-04-05', 1, 4, 2, 2, 8, 1, 1189, NULL, '75', '6100/= মণ', 'Provash 2024-04-05 15:37:56'),
(616, '2024-04-05', 1, 4, 2, 4, 77, 1, 7730, NULL, '75', '4000/= মন', 'Provash 2024-04-05 15:39:38'),
(617, '2024-04-05', 1, 7, 2, 5, 11, 1, 1140, NULL, '75', '4000/= মন', 'Provash 2024-04-05 15:41:51'),
(618, '2024-04-05', 1, 4, 2, 4, 12, 1, 1200, NULL, '75', '4000/= মন', 'Provash 2024-04-05 15:43:22'),
(619, '2024-04-04', 1, 11, 2, 0.5, 51, 1, 9875, NULL, '74', '7700/= মন', 'Provash 2024-04-05 15:45:52'),
(620, '2024-04-04', 1, 11, 2, 1.45, 140, 1, 22097, NULL, '74', '6300/= মন', 'Provash 2024-04-05 15:48:23'),
(621, '2024-04-04', 1, 5, 2, 1, 51, 1, 8336, NULL, '74', '6500/= মন', 'Provash 2024-04-05 15:49:46'),
(622, '2024-04-04', 1, 2, 2, 1.25, 16, 1, 3645, NULL, '74', '9000/= মন', 'Provash 2024-04-05 15:51:42'),
(623, '2024-04-04', 1, 9, 2, 1.25, 14, 1, 1438, NULL, '74', '4200/= মন', 'Provash 2024-04-05 15:53:35'),
(624, '2024-04-04', 1, 2, 2, 2, 17, 1, 3187, NULL, '74', '7500/= মন', 'Provash 2024-04-05 15:55:42'),
(625, '2024-04-04', 1, 11, 2, 2, 22, 1, 2981, NULL, '74', '5300/= মন', 'Provash 2024-04-05 15:59:28'),
(626, '2024-04-06', 1, 11, 2, 0.5, 98, 1, 17604, NULL, '76', '7200/= মন', 'Provash 2024-04-06 14:20:50'),
(627, '2024-04-06', 1, 11, 2, 2, 125, 1, 19719, NULL, '76', '6300/= মন', 'Provash 2024-04-06 14:21:50'),
(628, '2024-04-06', 1, 9, 2, 1.25, 14, 1, 1390, NULL, '76', '4000_= মন', 'Provash 2024-04-06 14:22:42'),
(629, '2024-04-06', 1, 2, 2, 1.25, 16, 1, 3483, NULL, '76', '8600/= মন', 'Provash 2024-04-06 14:24:19'),
(630, '2024-04-06', 1, 2, 2, 1.8, 17, 1, 2282, NULL, '76', '5500/= মন', 'Provash 2024-04-06 14:25:24'),
(631, '2024-04-06', 1, 7, 2, 4, 10, 1, 1020, NULL, '76', '4000/= মন', 'Provash 2024-04-06 14:26:14'),
(632, '2024-04-06', 1, 4, 2, 4, 7, 1, 330, NULL, '76', '2000/= মন', 'Provash 2024-04-06 14:27:28'),
(633, '2024-04-03', 1, 11, 2, 0.5, 4, 1, 740, 1, '73', '8400/= মন', 'Provash 2024-04-07 07:46:33'),
(634, '2024-04-04', 1, 4, 2, 3, 7, 1, 7, 1, '74', '6200/= মন', 'Provash 2024-04-07 07:49:22'),
(635, '2024-04-04', 1, 7, 2, 3, 18, 1, 1780, 1, '74', '4000/= মন', 'Provash 2024-04-07 07:50:44'),
(636, '2024-04-04', 1, 9, 2, 1.8, 11, 1, 825, 1, '74', '3000/= মন', 'Sujit 2024-08-09 14:29:18'),
(637, '2024-04-04', 1, 4, 2, 8, 15, 1, 459, 1, '74', '1200/= মন', 'Sujit 2024-08-09 14:29:30'),
(638, '2024-04-07', 1, 11, 2, 0.5, 19, 1, 3366, 2, '77', '7200/= মন', 'Provash 2024-04-07 08:30:36'),
(639, '2024-04-07', 1, 5, 2, 2, 49, 1, 7426, 2, '77', '6100/= মন', 'Provash 2024-04-07 08:31:59'),
(640, '2024-04-07', 1, 9, 2, 1.8, 14, 1, 1015, 1, '77', '2900== মন', 'Provash 2024-04-07 08:34:53'),
(641, '2024-04-07', 1, 7, 2, 4, 5, 1, 367, 2, '77', '3000/= মন', 'Provash 2024-04-07 08:36:07'),
(642, '2024-04-09', 1, 11, 2, 1.8, 162, 1, 29510, 1, '78', '7300/= মন', 'Provash 2024-04-09 14:14:43'),
(643, '2024-04-09', 1, 5, 2, 0.384, 3, 1, 780, 1, '78', '12000/= মণ', 'Provash 2024-04-09 14:17:27'),
(644, '2024-04-09', 1, 2, 2, 1.2, 33, 1, 7636, 1, '78', '9200/= মন', 'Provash 2024-04-09 14:19:16'),
(645, '2024-04-09', 1, 5, 2, 1, 89, 1, 14208, 1, '78', '6400/= মন', 'Provash 2024-04-09 14:20:50'),
(646, '2024-04-09', 1, 2, 2, 1.5, 22, 1, 4360, 1, '78', '8000/= মন', 'Provash 2024-04-09 14:22:18'),
(647, '2024-04-09', 1, 9, 2, 1, 6, 1, 828, 1, '78', '8000/= মন', 'Provash 2024-04-09 14:24:08'),
(648, '2024-04-09', 1, 9, 2, 1.4, 16, 1, 1485, 1, '78', '3600/= মন', 'Provash 2024-04-09 14:25:44'),
(649, '2024-04-09', 1, 4, 2, 2, 4, 1, 836, 1, '78', '7600/= মন', 'Provash 2024-04-09 14:27:42'),
(650, '2024-04-09', 1, 7, 2, 4, 13, 1, 1527, 1, '78', '4700/= মন', 'Provash 2024-04-09 14:28:43'),
(651, '2024-01-26', 2, 17, 2, 5, 30, 6, 374, 1, '33', '12.5 টাকা কেজি', 'Provash 2024-04-14 08:00:31'),
(652, '2024-01-29', 1, 7, 1, 4, 135, 1, 16404, 1, '37', '5100/= মন', 'Provash 2024-04-14 08:17:47'),
(653, '2024-04-15', 1, 11, 2, 0.5, 33, 1, 6294, 1, '78', '7700/= মন', 'Provash 2024-04-17 09:06:30'),
(654, '2024-04-15', 1, 11, 2, 1.8, 68, 1, 10694, 1, '79', '6300/= মন', 'Provash 2024-04-17 09:09:03'),
(655, '2024-04-15', 1, 5, 2, 1, 26, 1, 3719, 1, '79', '5700/= মন', 'Provash 2024-04-17 09:10:55'),
(656, '2024-04-15', 1, 9, 2, 1, 8, 1, 933, 1, '79', '4500/= মন', 'Provash 2024-04-17 09:12:31'),
(657, '2024-04-15', 1, 2, 2, 1.5, 5, 1, 1269, 1, '79', '9400/= মন', 'Provash 2024-04-17 09:14:13'),
(658, '2024-04-15', 1, 4, 2, 2, 6, 1, 1097, 1, '79', '7700/= মন', 'Provash 2024-04-17 09:15:19'),
(659, '2024-04-15', 1, 9, 2, 1.7, 16, 1, 1272, 1, '79', '3200/= মণ', 'Provash 2024-04-17 09:16:55'),
(660, '2024-04-15', 1, 2, 2, 1.8, 8, 1, 1200, 1, '79', '6000/= মন', 'Provash 2024-04-17 09:18:10'),
(661, '2024-04-15', 1, 7, 2, 4, 29, 1, 3160, 1, '79', '4300/= মন', 'Provash 2024-04-17 09:19:07'),
(662, '2024-04-16', 1, 4, 2, 2, 5, 1, 416, 1, '80', '3200/= মন', 'Provash 2024-04-17 09:39:17'),
(663, '2024-04-16', 1, 11, 2, 2, 118, 1, 17625, 1, '80', '6000/= মন', 'Provash 2024-04-17 09:41:32'),
(664, '2024-04-16', 1, 2, 2, 1.3, 51, 1, 10773, 1, '80', '8400/= মন', 'Provash 2024-04-17 09:42:45'),
(665, '2024-04-16', 1, 2, 2, 1.5, 32, 1, 5167, 1, '80', '6500/= মন', 'Provash 2024-04-17 09:44:46'),
(666, '2024-04-16', 1, 11, 2, 0.5, 11, 1, 2016, 1, '80', '7200/= মন', 'Provash 2024-04-17 09:46:04'),
(667, '2024-04-16', 1, 9, 2, 1.32, 10, 1, 841, 1, '80', '3300/= মন', 'Provash 2024-04-17 09:47:43'),
(668, '2024-04-16', 1, 7, 2, 4, 24, 1, 2251, 1, '80', '3800/= মন', 'Provash 2024-04-17 09:48:41'),
(669, '2024-04-17', 1, 11, 2, 2, 78, 1, 11700, 1, '81', '6000/= মন', 'Provash 2024-04-18 09:55:15'),
(670, '2024-04-17', 1, 11, 2, 0.5, 13, 1, 2412, 1, '81', '7200/= মন', 'Provash 2024-04-18 09:56:28'),
(671, '2024-04-17', 1, 2, 2, 1.25, 31, 1, 6930, 1, '81', '9000/= মণ', 'Provash 2024-04-18 09:57:38'),
(672, '2024-04-17', 1, 2, 2, 1.6, 22, 1, 4300, 1, '81', '8000/= মন', 'Provash 2024-04-18 09:58:51'),
(673, '2024-04-17', 1, 4, 2, 1.8, 19, 1, 3038, 1, '81', '6500/= মন', 'Provash 2024-04-18 10:00:30'),
(674, '2024-04-17', 1, 4, 2, 2, 44, 1, 5134, 1, '81', '4700/= মন', 'Provash 2024-04-18 10:01:39'),
(675, '2024-04-17', 1, 7, 2, 4, 22, 1, 1951, 1, '81', '3500/= মন', 'Provash 2024-04-18 10:02:45'),
(676, '2024-04-17', 1, 11, 2, 2, 3, 1, 420, 1, '81', '6000/= মন', 'Sujit 2024-08-09 14:18:15'),
(677, '2024-04-18', 1, 4, 2, 3, 28, 1, 2268, 1, '82', '3300/= মন', 'Provash 2024-04-18 10:59:58'),
(678, '2024-04-18', 1, 11, 2, 2, 48, 1, 7362, 1, '82', '6200/= মন', 'Provash 2024-04-18 11:01:29'),
(679, '2024-04-18', 1, 11, 2, 0.6, 8, 1, 1400, 1, '82', '7000/= মন', 'Provash 2024-04-18 11:02:36'),
(680, '2024-04-18', 1, 4, 2, 2, 18, 1, 2775, 1, '82', '6000/= মন', 'Provash 2024-04-18 11:04:02'),
(681, '2024-04-18', 1, 2, 2, 1.5, 18, 1, 3751, 1, '82', '8200/= মন', 'Provash 2024-04-18 11:05:23'),
(682, '2024-04-18', 1, 2, 2, 2, 14, 1, 1781, 1, '82', '5200/= মন', 'Provash 2024-04-18 11:07:00'),
(683, '2024-04-18', 1, 4, 2, 2, 20, 1, 2142, 1, '82', '4200/= মন', 'Provash 2024-04-18 11:08:05'),
(684, '2024-04-18', 1, 7, 2, 4, 32, 1, 2703, 1, '82', '3400/= মন', 'Provash 2024-04-18 11:09:15'),
(685, '2024-04-20', 1, 7, 2, 4, 66, 1, 4950, 1, '83', '3000/= মন', 'Provash 2024-04-21 13:05:29'),
(686, '2024-04-20', 1, 2, 2, 2, 6, 1, 855, 1, '83', '6000/= মন', 'Provash 2024-04-21 13:06:30'),
(687, '2024-04-20', 1, 4, 2, 3, 14, 1, 1440, 1, '83', '4000/= মন', 'Provash 2024-04-21 13:07:42'),
(688, '2024-04-21', 1, 7, 2, 4, 58, 1, 4387, 1, '84', '3000/= মন', 'Sujit 2024-08-09 14:11:53'),
(689, '2024-04-21', 1, 4, 2, 2, 11, 1, 1237, 1, '84', '4500/= মন', 'Provash 2024-04-23 07:48:58'),
(690, '2024-04-21', 1, 2, 2, 2, 10, 1, 1306, 1, '84', '5500/= মন', 'Provash 2024-04-23 07:51:07'),
(691, '2024-04-21', 1, 9, 2, 5, 1, 1, 50, 1, '84', '50/', 'Provash 2024-04-23 07:54:09'),
(692, '2024-04-27', 1, 7, 2, 4, 23, 1, 2887, 1, '79', '5000/= মন', 'Provash 2024-04-28 13:00:29'),
(693, '2024-04-27', 1, 7, 2, 5, 23, 1, 2780, 1, '85', '4900/= মন', 'Provash 2024-04-28 13:02:54'),
(694, '2024-04-27', 1, 7, 2, 6, 91, 1, 8408, 1, '85', '3700/= মন', 'Sujit 2024-08-09 14:04:05'),
(695, '2024-04-27', 1, 2, 2, 2, 8, 1, 1660, 1, '85', '8000/= মন', 'Provash 2024-04-28 13:10:08'),
(696, '2024-04-27', 1, 4, 2, 6, 20, 1, 2388, 1, '85', '4800/= মন', 'Provash 2024-04-28 13:12:02'),
(697, '2024-04-27', 1, 4, 2, 10, 2, 1, 200, 1, '85', '#', 'Provash 2024-04-28 13:13:23'),
(698, '2024-04-28', 1, 7, 2, 4, 58, 1, 5346, 1, '86', '3700/= মন', 'Provash 2024-04-28 13:14:36'),
(699, '2024-04-28', 1, 7, 2, 4, 14, 1, 1704, 1, '86', '4800/= মণ', 'Provash 2024-04-28 13:16:18'),
(700, '2024-04-28', 1, 2, 2, 1.4, 5, 1, 1075, 1, '86', '4800/= মণ', 'Provash 2024-04-28 13:17:42'),
(701, '2024-04-28', 1, 2, 2, 2, 5, 1, 768, 1, '86', '6400/= মন', 'Provash 2024-04-28 13:19:02'),
(702, '2024-04-28', 1, 4, 2, 2, 21, 1, 2403, 1, '86', '4600/= মন', 'Provash 2024-04-28 13:20:21'),
(703, '2024-04-29', 1, 9, 2, 1, 11, 1, 1339, 1, '87', '4700/= মন', 'Provash 2024-04-30 08:01:41'),
(704, '2024-04-29', 1, 9, 2, 2, 10, 1, 900, 1, '87', '3600/= মন', 'Provash 2024-04-30 08:02:49'),
(705, '2024-04-29', 1, 9, 2, 3, 23, 1, 1755, 1, '87', '3000/= মন', 'Provash 2024-04-30 08:03:53'),
(706, '2024-04-29', 1, 2, 2, 1.8, 80, 1, 13634, 1, '87', '6800/= মন', 'Provash 2024-04-30 08:05:04'),
(707, '2024-04-29', 1, 4, 2, 2, 22, 1, 2180, 1, '87', '4000/= মন', 'Provash 2024-04-30 08:06:15'),
(708, '2024-04-29', 1, 7, 2, 5, 35, 1, 3265, 1, '87', '3700/= মন', 'Provash 2024-04-30 08:07:20'),
(709, '2024-04-30', 1, 11, 2, 0.5, 59, 1, 11118, 1, '88', '7500/= মন', 'Provash 2024-04-30 10:46:36'),
(710, '2024-04-30', 1, 11, 2, 1.8, 68, 1, 10260, 1, '88', '6000/= মন', 'Provash 2024-04-30 10:48:14'),
(711, '2024-04-30', 1, 4, 2, 2, 34, 1, 3700, 1, '88', '4300/= মন', 'Sujit 2024-08-09 13:52:00'),
(712, '2024-04-30', 1, 7, 2, 5, 12, 1, 1353, 1, '88', '4400/= মন', 'Provash 2024-04-30 10:53:55'),
(713, '2024-04-30', 1, 7, 2, 5, 28, 1, 2929, 1, '88', '4200/=  মন', 'Provash 2024-04-30 11:07:00'),
(714, '2024-04-30', 1, 9, 2, 1.25, 5, 1, 514, 1, '88', '4200/= মন', 'Provash 2024-04-30 11:09:00'),
(715, '2024-04-30', 1, 9, 2, 5, 17, 1, 1245, 1, '88', '3000/= মন', 'Provash 2024-04-30 11:12:05'),
(716, '2024-04-30', 1, 28, 2, 6, 14, 1, 2115, 1, '88', '6000/= মন', 'Provash 2024-04-30 11:13:34'),
(717, '2024-04-30', 1, 4, 2, 5, 7, 1, 346, 1, '88', '2100/= মণ', 'Provash 2024-04-30 11:14:49'),
(718, '2024-05-01', 1, 7, 2, 5, 33, 1, 3735, 1, '89', '4500/= মন', 'Provash 2024-05-01 12:51:57'),
(719, '2024-05-01', 1, 7, 2, 7, 65, 1, 6175, 1, '89', '3800/= মন', 'Provash 2024-05-01 12:53:13'),
(720, '2024-05-01', 1, 2, 2, 1.5, 10, 1, 1852, 1, '89', '7800/= মন', 'Provash 2024-05-01 12:54:29'),
(721, '2024-05-01', 1, 28, 2, 15, 23, 1, 2961, 1, '89', '5200/= মন', 'Provash 2024-05-01 12:55:42'),
(722, '2023-11-15', 2, 16, 1, 10, 270, 1, 2700, 1, '000', '.', 'Sujit 2024-08-08 08:44:53'),
(723, '2024-02-03', 1, 26, 1, 2, 6, 1, 2493, 1, '41', '17500/mon', 'Sujit 2024-08-09 08:28:32'),
(724, '2024-02-03', 1, 7, 1, 4, 66, 1, 8606, 1, '41', '5200/Mon', 'Sujit 2024-08-09 08:29:36'),
(725, '2024-02-03', 1, 11, 1, 0.7, 56, 1, 9157, 1, '41', '6600/mon', 'Sujit 2024-08-09 08:30:54'),
(726, '2024-02-03', 1, 2, 1, 3, 6, 1, 897, 1, '41', '6300/mon', 'Sujit 2024-08-09 08:32:05'),
(727, '2024-02-03', 1, 7, 1, 6, 4, 1, 380, 1, '41', '4000/mon', 'Sujit 2024-08-09 08:33:01'),
(728, '2024-02-16', 2, 25, 1, 0, 74, 1, 1480, 1, '51', '.', 'Sujit 2024-08-09 08:49:28'),
(729, '2024-02-25', 0, 1, 1, 1, 1, 6, 10000, 1, '56', 'From Madan Lease Bander Land ', 'Sujit 2024-08-09 09:07:31'),
(730, '2024-02-25', 0, 1, 1, 1, 1, 6, 11900, 1, '56', 'Masem-Kasem Land lease From An', 'Sujit 2024-08-09 09:08:43'),
(731, '2024-02-25', 2, 16, 2, 0, 16, 1, 320, 1, '56', 'michuri', 'Sujit 2024-08-09 09:09:50'),
(732, '2024-02-25', 2, 25, 2, 1, 69, 1, 886, 1, '56', '13/kg', 'Sujit 2024-08-09 09:10:46'),
(733, '2024-02-25', 2, 1, 2, 1, 25, 6, 200, 1, '56', 'pata-kopi', 'Sujit 2024-08-09 09:14:15'),
(734, '2024-02-25', 2, 23, 2, 3, 0, 1, 90, 1, '56', 'Thanko sell', 'Sujit 2024-08-09 09:15:27'),
(735, '2024-03-03', 1, 26, 2, 2, 2, 1, 600, 1, '58', '.', 'Sujit 2024-08-09 09:20:33'),
(736, '2024-03-03', 2, 25, 2, 1, 60, 1, 480, 1, '58', '.', 'Sujit 2024-08-09 09:21:56'),
(737, '2024-03-04', 2, 23, 2, 0, 15, 1, 485, 1, '62', '.', 'Sujit 2024-08-09 09:26:44'),
(738, '2024-03-04', 2, 1, 2, 0, 30, 6, 188, 1, '62', 'Pata-Kopi', 'Sujit 2024-08-09 09:27:53'),
(739, '2024-03-04', 2, 25, 2, 0, 0, 1, 50, 1, '62', 'Thanko', 'Sujit 2024-08-09 09:29:07'),
(740, '2024-03-06', 2, 29, 2, 0, 10, 6, 50, 1, '60', '.', 'Sujit 2024-08-09 09:36:39'),
(741, '2024-03-06', 2, 16, 2, 0, 147, 1, 2900, 1, '60', '.', 'Sujit 2024-08-09 09:37:36'),
(742, '2024-03-06', 1, 9, 2, 2, 2, 1, 200, 1, '60', '4000/kg', 'Sujit 2024-08-09 09:41:52'),
(743, '2024-03-08', 0, 1, 1, 0, 2, 7, 27333, 1, '63', 'Amol, Tonai (Mojibur Rahman)', 'Sujit 2024-08-09 10:02:48'),
(744, '2024-03-18', 1, 5, 2, 1, 53, 1, 7420, 1, '68', '.', 'Sujit 2024-08-09 10:26:38'),
(745, '2024-03-19', 1, 9, 2, 2, 103, 1, 5916, 1, '69', '.', 'Sujit 2024-08-09 10:30:25'),
(746, '2024-03-19', 1, 5, 2, 1, 58, 1, 8250, 1, '69', '.', 'Sujit 2024-08-09 10:31:48'),
(747, '2024-04-07', 1, 11, 2, 1, 19, 1, 3366, 1, '77', '.', 'Sujit 2024-08-09 14:31:00'),
(748, '2024-04-07', 1, 5, 2, 1, 5, 1, 7426, 1, '77', '.', 'Sujit 2024-08-09 14:31:59'),
(749, '2024-04-07', 1, 9, 2, 2, 5, 1, 367, 1, '77', '.', 'Sujit 2024-08-09 14:32:56'),
(750, '2024-05-23', 2, 22, 1, 0, 90, 1, 2700, 1, '92', '.', 'Sujit 2024-08-16 07:12:06'),
(751, '2024-05-11', 1, 9, 2, 0, 85, 1, 24426, 1, '91', 'Fish Name Lekha nai, Unknown..', 'Sujit 2024-08-16 07:15:14'),
(752, '2024-05-05', 1, 9, 2, 0, 36, 1, 3174, 1, '90', 'Fish Unknown, Name lekha nai', 'Sujit 2024-08-16 07:16:42'),
(753, '2024-08-01', 1, 7, 1, 8, 43, 1, 5859, 1, '116', '5400/mon', 'shymal 2024-08-19 18:07:50'),
(754, '2024-08-01', 1, 7, 1, 8, 214, 1, 28555, 1, '116', '5400/mon', 'shymal 2024-08-19 18:09:25');

-- --------------------------------------------------------

--
-- Table structure for table `fishbuy`
--

CREATE TABLE `fishbuy` (
  `id` int(11) NOT NULL,
  `date` date NOT NULL,
  `fishname` varchar(20) NOT NULL,
  `buyfrom` varchar(50) NOT NULL,
  `buyamount` int(5) NOT NULL,
  `fishquantity` int(8) NOT NULL,
  `price` int(8) NOT NULL,
  `status` int(2) DEFAULT NULL COMMENT '1 is paid, 2 is due',
  `fishto` varchar(50) NOT NULL,
  `vouchar` varchar(15) NOT NULL,
  `comments` varchar(50) NOT NULL,
  `logs` varchar(50) NOT NULL
) ENGINE=InnoDB DEFAULT CHARSET=utf8mb4 COLLATE=utf8mb4_general_ci;

--
-- Dumping data for table `fishbuy`
--

INSERT INTO `fishbuy` (`id`, `date`, `fishname`, `buyfrom`, `buyamount`, `fishquantity`, `price`, `status`, `fishto`, `vouchar`, `comments`, `logs`) VALUES
(19, '2023-06-23', 'ধানী', 'Jashore ', 8, 800000, 15300, 1, 'Uzzal', '11', '', 'Provash Bokshi 2023-10-05 10:30:32'),
(20, '2023-06-24', 'রুই', 'বনগাঁ ', 240, 2880, 42600, 1, 'North', '12', '', 'Provash Bokshi 2023-10-05 11:03:28'),
(21, '2023-06-24', 'কাতলা', 'বেন্টি, গোবিন্দপুর ', 160, 640, 32200, 1, 'North', '12', '', 'Provash Bokshi 2023-10-07 07:16:24'),
(22, '2023-06-26', 'কাতলা', 'শ্যামল, মাগুরা ', 400, 1600, 84000, 1, 'North', '12', '', 'Provash Bokshi 2023-10-07 10:16:27'),
(23, '2023-06-26', 'মৃগেল', 'শ্যামল, মাগুরা ', 120, 840, 18600, 1, 'North', '13', '', 'Provash Bokshi 2023-10-07 10:18:35'),
(24, '2023-06-26', 'জাপানি', 'শ্যামল, মাগুরা ', 40, 240, 8000, 1, 'North', '13', '', 'Provash Bokshi 2023-10-07 10:21:25'),
(25, '2023-06-27', 'রুই', 'বেন্টি, গোবিন্দপুর ', 180, 900, 34200, 1, 'South', '13', '', 'Provash Bokshi 2023-10-07 11:23:00'),
(26, '2023-06-29', 'সিলভার', 'মিন্টু , বনগ্রাম ', 771, 7710, 80000, 1, 'South', '14', '', 'Provash Bokshi 2023-10-07 11:48:54'),
(27, '2023-06-29', 'গ্রাস', 'বেন্টি, গোবিন্দপুর ', 20, 40, 6000, 1, 'South', '14', '', 'Provash Bokshi 2023-10-07 11:50:17'),
(28, '2023-06-27', 'রুই', 'শফিকামাল, বালিয়াডাঙ্গা ', 400, 2000, 104157, 1, 'South', '14', '', 'Provash Bokshi 2023-10-07 12:02:00'),
(29, '2023-06-18', 'সিলভার', 'মিন্টু,বনগাঁ ', 400, 8000, 45500, 1, 'North', '11', '', 'Provash Bokshi 2023-10-09 05:38:57'),
(30, '2023-07-03', 'মৃগেল', 'মিন্টু , বনগ্রাম ', 440, 8800, 72600, 1, 'North', '14', '', 'Provash Bokshi 2023-10-09 05:45:15'),
(31, '2023-07-08', 'সিলভার', 'শ্যামল, মাগুরা ', 160, 2400, 33800, 1, 'South', '15', '', 'Provash Bokshi 2023-10-09 06:14:42'),
(32, '2023-07-08', 'তেলাপিয়া', 'কামাল, আমডাঙ্গা ', 100, 4000, 12000, 1, 'North', '15', '', 'Provash Bokshi 2023-10-09 06:28:23'),
(33, '2023-07-12', 'রুই', 'মিন্টু , বনগ্রাম ', 480, 2400, 91500, 1, 'South', '15', '', 'Provash Bokshi 2023-10-09 06:31:27'),
(34, '2023-07-12', 'মাছের', 'ফুলতলা ', 2, 200000, 8000, 1, 'East', '15', '', 'Provash Bokshi 2023-10-09 10:40:07'),
(35, '2023-07-14', 'সিলভার', 'মিন্টু , বনগ্রাম ', 360, 3240, 40500, 1, 'South', '16', '', 'Provash Bokshi 2023-10-09 11:06:18'),
(36, '2023-07-15', 'রুই', 'শ্যামল, মাগুরা ', 440, 2200, 87200, 1, 'South', '16', '', 'Provash Bokshi 2023-10-10 06:35:25'),
(37, '2023-07-15', 'কাতলা', 'শ্যামল, মাগুরা ', 160, 800, 33500, 1, 'South', '16', '', 'Provash Bokshi 2023-10-10 06:36:56'),
(38, '2023-07-16', 'রুই', 'মিন্টু , বনগ্রাম ', 240, 1200, 46000, 1, 'South', '16', '', 'Provash Bokshi 2023-10-10 06:55:36'),
(39, '2023-07-24', 'গ্রাস', 'শ্যামল, মাগুরা ', 50, 200, 15000, 1, 'North', '17', '', 'Provash Bokshi 2023-10-15 04:44:35'),
(40, '2023-07-27', 'ধানী', 'যশোর', 2, 150000, 2100, 1, 'East', '17', 'উজ্জ্বল দার পকেট ঘের ', 'Provash Bokshi 2023-10-15 04:47:18'),
(41, '2023-08-07', 'গ্রাস', 'কুচলিয়া', 80, 240, 24000, 1, 'North', '18', '', 'Provash Bokshi 2023-10-15 04:49:34'),
(42, '2023-08-09', 'রুই', 'বেন্টি, গোবিন্দপুর ', 446, 1784, 7700, 1, 'South', '18', '', 'Provash Bokshi 2023-10-15 04:51:42'),
(43, '2023-08-19', 'গ্রাস', 'শ্যামল, মাগুরা ', 40, 120, 12000, 1, 'South', '20', '', 'Provash Bokshi 2023-10-15 04:57:43'),
(44, '2023-08-19', 'কাতলা', 'শফিকামাল, বালিয়াডাঙ্গা ', 226, 1130, 56400, 1, 'South', '20', '', 'Provash Bokshi 2023-10-15 05:00:20'),
(45, '2023-09-02', 'তেলাপিয়া', 'কামাল, আমডাঙ্গা ', 687, 20610, 85500, 1, 'South', '20', '', 'Provash Bokshi 2023-10-15 05:04:38'),
(46, '2023-09-04', 'সিলভার', 'হরিচান, রাজাপুর', 88, 352, 8800, 1, 'South', '20', '', 'Provash Bokshi 2023-10-15 05:06:59'),
(47, '2023-09-06', 'গ্রাস', 'নেয়ালপুর ', 491, 1964, 121500, 1, 'South', '20', '', 'Provash Bokshi 2023-10-15 05:08:46'),
(48, '2023-09-14', 'ব্লাড', 'মিন্টু , বনগ্রাম ', 56, 56, 16800, 1, 'South', '21', '', 'Provash Bokshi 2023-10-15 05:15:41'),
(49, '2023-06-16', 'রুই', 'শ্যামল, মাগুরা ', 400, 1600, 0, 1, 'North', '10', 'মাছের টাকা অপূর্ব মামা হিসাবে সমন্বয় ', 'Provash Bokshi 2023-10-15 10:59:18'),
(50, '2023-12-28', 'জাপানি', 'শিমুল, রাজাপুর ', 210, 1470, 24500, 1, 'South', '21', '', 'Provash 2024-01-04 09:40:30'),
(51, '2023-12-28', 'কাতলা', 'উত্তর ', 1200, 6000, 0, 1, 'South', '00', 'উত্তর থেকে দক্ষিণ টায় দেওয়া', 'Provash 2024-01-13 08:39:52'),
(52, '2023-12-29', 'সিলভার', 'উত্তর ', 280, 1120, 0, 1, 'South', '00', '', 'Provash 2024-01-13 08:42:41'),
(53, '2023-12-29', 'রুই', 'উত্তর ', 200, 1000, 0, 1, 'South', '00', '', 'Provash 2024-01-13 08:43:51'),
(54, '2023-12-29', 'ব্লাড', 'উত্তর ', 40, 80, 0, 1, 'South', '00', '', 'Provash 2024-01-13 08:45:19'),
(55, '2023-12-30', 'কাতলা', 'উত্তর ', 120, 360, 0, 1, 'South', '00', '', 'Provash 2024-01-13 08:47:46'),
(56, '2023-12-30', 'রুই', 'উত্তর ', 200, 1000, 0, 1, 'South', '00', '', 'Provash 2024-01-13 08:49:09'),
(57, '2023-12-30', 'সিলভার', 'উত্তর ', 80, 240, 0, 1, 'South', '00', '', 'Provash 2024-01-13 08:50:33'),
(58, '2023-12-30', 'সিলভার', 'উত্তর ', 40, 80, 0, 1, 'South', '00', '', 'Provash 2024-01-13 08:51:41'),
(59, '2024-01-13', 'মৃগেল', 'উজ্জ্বল ', 80, 2000, 0, 1, 'South', '00', '', 'Provash 2024-01-13 08:52:54'),
(60, '2024-01-13', 'কাতলা', 'উজ্জ্বল ', 80, 480, 0, 1, 'South', '00', '', 'Provash 2024-01-13 08:54:07'),
(61, '2024-01-13', 'সিলভার', 'উত্তর ', 160, 480, 0, 1, 'South', '00', '', 'Provash 2024-01-13 08:55:26'),
(62, '2024-01-13', 'রুই', 'উত্তর ', 80, 320, 0, 1, 'South', '00', '', 'Provash 2024-01-13 08:56:40'),
(63, '2024-01-13', 'মৃগেল', 'উত্তর ', 30, 240, 0, 1, 'South', '00', '', 'Provash 2024-01-13 08:57:31'),
(64, '2024-02-06', 'তেলাপিয়া', 'ময়মনসিংহ ', 75, 235500, 176000, 1, 'East', '61', '', 'Provash 2024-02-18 11:39:43'),
(65, '2024-02-10', 'গ্রাস', 'রজন,চাচড়া,  যশোর ', 80, 5600, 20400, 1, 'North', '64', '01933360414', 'Provash 2024-02-22 09:31:41'),
(66, '2024-02-23', 'ধানী', 'চাচড়া', 5, 300000, 10500, 1, 'Uzzal', '73', 'জাপানি', 'Provash 2024-02-26 07:18:12'),
(67, '2024-03-07', 'মাছের', 'চাচড়া,  যশোর ', 1, 100000, 4500, 1, 'North', '84', 'হরিচান ', 'Provash 2024-03-10 11:29:21'),
(68, '2024-03-13', 'গ্রাস', 'সাড়াপল ', 44, 26400, 16000, 1, 'North', '91', '', 'Provash 2024-03-13 11:44:47'),
(69, '2024-04-30', 'সিলভার', 'হরিচান, রাজাপুর', 152, 2888, 12000, 1, 'North', '127', '3500/= মন', 'Provash 2024-05-01 12:18:18'),
(70, '2024-05-16', 'রুই', 'দক্ষিণ ', 1457, 10199, 0, 1, 'South', '100', '', 'Provash 2024-05-17 12:30:23'),
(71, '2024-05-16', 'মৃগেল', 'দক্ষিণ ', 1542, 10794, 0, 1, 'South', '100', '', 'Provash 2024-05-17 12:31:18'),
(72, '2024-05-16', 'কাতলা', 'দক্ষিণ ', 771, 5397, 0, 1, 'South', '100', '', 'Provash 2024-05-17 12:32:08'),
(73, '2024-05-16', 'গ্রাস', 'দক্ষিণ ', 480, 3360, 0, 1, 'South', '100', '', 'Provash 2024-05-17 12:33:29'),
(74, '2024-05-16', 'সিলভার', 'দক্ষিণ ', 480, 3360, 0, 1, 'South', '100', '', 'Provash 2024-05-17 12:34:14'),
(75, '2024-05-16', 'জাপানি', 'দক্ষিণ ', 137, 959, 0, 1, 'South', '100', '', 'Provash 2024-05-17 12:35:10'),
(76, '2024-05-17', 'তেলাপিয়া', 'পূর্ব ', 520, 16640, 0, 1, 'South', '100', '', 'Provash 2024-05-19 12:42:51'),
(77, '2024-05-18', 'গ্রাস', 'উত্তর ', 226, 678, 0, 1, 'South', '100', '', 'Provash 2024-05-19 12:44:04'),
(78, '2024-05-18', 'কাতলা', 'উত্তর ', 94, 376, 0, 1, 'South', '100', '', 'Provash 2024-05-19 12:44:59'),
(79, '2024-05-18', 'রুই', 'উত্তর ', 120, 480, 0, 1, 'South', '100', '', 'Provash 2024-05-19 12:45:53'),
(80, '2024-05-18', 'গ্রাস', 'উত্তর ', 20, 40, 0, 1, 'South', '100', '', 'Provash 2024-05-19 12:46:59'),
(81, '2024-05-19', 'তেলাপিয়া', 'পূর্ব ', 1600, 48000, 0, 1, 'North', '100', '', 'Provash 2024-05-19 12:49:01'),
(82, '2024-05-21', 'তেলাপিয়া', 'পূর্ব ', 1440, 43200, 0, 1, 'North', '100', '', 'Provash 2024-05-21 18:22:59'),
(83, '2024-04-27', 'তেলাপিয়া', 'পূর্ব ', 400, 36000, 0, 1, 'North', '100', '', 'Provash 2024-05-21 18:24:52'),
(84, '2024-04-30', 'তেলাপিয়া', 'পূর্ব ', 400, 24000, 0, 1, 'North', '100', '', 'Provash 2024-05-21 18:26:03'),
(85, '2024-04-30', 'তেলাপিয়া', 'পূর্ব ', 400, 24000, 0, 1, 'North', '100', '', 'Provash 2024-05-21 18:26:05'),
(86, '2024-04-30', 'তেলাপিয়া', 'পূর্ব ', 400, 24000, 0, 1, 'North', '100', '', 'Provash 2024-05-21 18:26:06'),
(87, '2024-04-30', 'তেলাপিয়া', 'পূর্ব ', 400, 24000, 0, 1, 'North', '100', '', 'Provash 2024-05-21 18:26:08'),
(88, '2024-05-23', 'সিলভার', 'মিন্টু , সাড়াপোল', 223, 2007, 18000, 1, 'South', '88', '', 'Provash 2024-05-24 08:41:46'),
(89, '2024-05-23', 'সিলভার', 'মিন্টু , সাড়াপোল', 222, 1998, 18000, 1, 'North', '88', '', 'Provash 2024-05-24 08:42:55'),
(90, '2024-05-24', 'সিলভার', 'মিন্টু , সাড়াপোল', 206, 1854, 16500, 1, 'South', '89', '', 'Provash 2024-05-24 08:45:41'),
(91, '2024-05-24', 'সিলভার', 'পূর্ব ', 680, 20400, 0, 1, 'North', '100', '', 'Provash 2024-05-24 09:04:12'),
(92, '2024-05-30', 'সিলভার', 'Horichan-Rajapur', 5, 100, 800, 1, 'North', '150', 'Vouchar Somanai', 'Sujit 2024-08-16 07:21:14'),
(93, '2024-10-12', 'রুই', 'sdfds', 20, 2000000, 2000, 1, 'North', '44', '', 'Sujit 2024-10-12 12:10:55');

-- --------------------------------------------------------

--
-- Table structure for table `fishtype`
--

CREATE TABLE `fishtype` (
  `id` int(3) NOT NULL,
  `FishName` varchar(20) NOT NULL,
  `logs` varchar(30) NOT NULL
) ENGINE=InnoDB DEFAULT CHARSET=utf8mb4 COLLATE=utf8mb4_general_ci;

--
-- Dumping data for table `fishtype`
--

INSERT INTO `fishtype` (`id`, `FishName`, `logs`) VALUES
(1, '----', ''),
(2, 'রুই', ''),
(3, 'কাতলা', ''),
(4, 'মৃগেল', ''),
(5, 'গ্রাস কার্প ', ''),
(6, 'পুটি ', ''),
(7, 'তেলাপিয়া ', ''),
(8, 'চিংড়ি ', ''),
(9, 'সিলভার কার্প ', 'Provash Bokshi 2023-10-03 13:1'),
(10, 'ধানী', 'Provash Bokshi 2023-10-05 10:2'),
(11, 'জাপানি ', 'Provash Bokshi 2023-10-07 10:1'),
(12, 'মাছের ডিম', 'Provash Bokshi 2023-10-09 10:3'),
(13, 'ব্লাড কার্প ', 'Provash Bokshi 2023-10-15 05:1'),
(14, 'ব্রিগেড ', 'Provash Bokshi 2023-12-26 16:1'),
(16, 'শোল', 'Provash 2024-01-18 10:30:40');

-- --------------------------------------------------------

--
-- Table structure for table `fooddistribution`
--

CREATE TABLE `fooddistribution` (
  `id` int(11) NOT NULL,
  `date` date NOT NULL,
  `gher` int(3) NOT NULL,
  `item` int(3) NOT NULL,
  `amount` int(3) NOT NULL,
  `unit` int(1) NOT NULL,
  `logs` varchar(30) NOT NULL
) ENGINE=InnoDB DEFAULT CHARSET=utf8mb4 COLLATE=utf8mb4_general_ci;

-- --------------------------------------------------------

--
-- Table structure for table `investment`
--

CREATE TABLE `investment` (
  `id` int(5) NOT NULL,
  `date` date NOT NULL,
  `name` varchar(20) NOT NULL,
  `amount` float NOT NULL,
  `comments` varchar(50) NOT NULL,
  `logs` varchar(50) NOT NULL
) ENGINE=InnoDB DEFAULT CHARSET=utf8mb4 COLLATE=utf8mb4_general_ci;

--
-- Dumping data for table `investment`
--

INSERT INTO `investment` (`id`, `date`, `name`, `amount`, `comments`, `logs`) VALUES
(8, '2023-05-01', 'Provash', 184000, '', 'Provash Bokshi 2023-09-18 12:27:01'),
(9, '2023-05-01', 'Uzzal', 170000, '', 'Provash Bokshi 2023-09-18 12:36:04'),
(10, '2023-05-01', 'Prodip', 146000, '', 'Provash Bokshi 2023-09-18 12:37:49'),
(11, '2023-05-01', 'Sujit', 100000, '', 'Provash Bokshi 2023-09-18 12:38:16'),
(12, '2023-05-01', 'Shidharta', 100000, '', 'Provash Bokshi 2023-09-18 12:39:06'),
(13, '2023-09-18', 'Provash', 4260, '', 'Provash Bokshi 2023-09-18 12:40:04'),
(14, '2023-05-20', 'Prodip', 100, '', 'Provash Bokshi 2023-09-18 12:40:47'),
(15, '2023-05-26', 'Shidharta', 130, '', 'Provash Bokshi 2023-09-18 12:41:22'),
(16, '2023-05-21', 'Uzzal', 50000, '', 'Provash Bokshi 2023-09-18 12:42:16'),
(17, '2023-05-23', 'Uzzal', 100000, '', 'Provash Bokshi 2023-09-18 12:42:52'),
(18, '2023-05-25', 'Shidharta', 200000, '', 'Provash Bokshi 2023-09-18 12:43:30'),
(19, '2023-05-27', 'Provash', 101000, '', 'Provash Bokshi 2023-09-18 12:44:07'),
(20, '2023-09-26', 'Prodip', 50000, '', 'Provash Bokshi 2023-09-18 12:44:46'),
(21, '2023-05-30', 'Uzzal', 50000, '', 'Provash Bokshi 2023-09-18 12:45:25'),
(22, '2023-05-30', 'Shidharta', 400000, '', 'Provash Bokshi 2023-09-18 12:46:06'),
(23, '2023-05-30', 'Provash', 15000, '', 'Provash Bokshi 2023-09-18 12:46:42'),
(24, '2023-06-01', 'Sujit', 250000, '', 'Provash Bokshi 2023-09-18 12:47:45'),
(25, '2023-06-02', 'Prodip', 100000, '', 'Provash Bokshi 2023-09-18 12:48:51'),
(26, '2023-06-04', 'Uzzal', 130000, '', 'Provash Bokshi 2023-09-18 12:49:25'),
(27, '2023-06-05', 'Uzzal', 25000, '', 'Provash Bokshi 2023-09-18 12:50:01'),
(28, '2023-06-06', 'Prodip', 200000, '', 'Provash Bokshi 2023-09-18 12:50:41'),
(29, '2023-06-07', 'Sujit', 350000, '', 'Provash Bokshi 2023-09-18 12:51:19'),
(30, '2023-06-10', 'Uzzal', 95000, '', 'Provash Bokshi 2023-09-18 12:52:14'),
(31, '2023-06-13', 'Uzzal', 500, '', 'Provash Bokshi 2023-09-18 12:52:57'),
(32, '2023-06-14', 'Prodip', 200000, '', 'Provash Bokshi 2023-09-18 12:54:22'),
(33, '2023-06-16', 'Shidharta', 100000, '', 'Provash Bokshi 2023-09-18 12:55:11'),
(34, '2023-06-22', 'Uzzal', 100000, '', 'Provash Bokshi 2023-09-18 12:55:55'),
(35, '2023-06-22', 'Provash', 70000, '', 'Provash Bokshi 2023-09-18 12:56:29'),
(36, '2023-06-22', 'Prodip', 100000, '', 'Provash Bokshi 2023-09-18 12:57:01'),
(37, '2023-06-25', 'Uzzal', 300000, '', 'Provash Bokshi 2023-09-18 12:57:47'),
(38, '2023-06-27', 'Shidharta', 171000, '', 'Provash Bokshi 2023-09-18 12:58:24'),
(39, '2023-07-03', 'Shidharta', 29000, '', 'Provash Bokshi 2023-09-18 12:59:13'),
(40, '2023-07-05', 'Sujit', 300000, '', 'Provash Bokshi 2023-09-18 12:59:45'),
(41, '2023-07-05', 'Prodip', 100000, '', 'Provash Bokshi 2023-09-18 13:00:18'),
(42, '2023-08-11', 'Prodip', 100000, '', 'Provash Bokshi 2023-09-18 13:01:17'),
(43, '2023-08-11', 'Shidharta', 50000, '', 'Provash Bokshi 2023-09-18 13:02:02'),
(44, '2023-08-18', 'Shidharta', 30000, '', 'Provash Bokshi 2023-09-18 13:02:38'),
(45, '2023-08-27', 'Sujata', 600000, '', 'Provash Bokshi 2023-09-18 13:03:20'),
(46, '2023-08-19', 'Shidharta', 73700, '', 'Provash Bokshi 2023-09-18 13:03:57'),
(47, '2023-09-02', 'Provash', 40000, '', 'Provash Bokshi 2023-09-18 13:04:22'),
(48, '2023-09-21', 'Sujit', 100000, '', 'Provash Bokshi 2023-09-22 07:23:12'),
(49, '2023-09-27', 'Provash', 30000, '', 'Provash Bokshi 2023-10-03 13:54:16'),
(50, '2023-09-27', 'Shidharta', 30000, '', 'Provash Bokshi 2023-10-03 13:54:45'),
(51, '2023-10-01', 'Provash', 10000, '', 'Provash Bokshi 2023-10-03 13:55:24'),
(52, '2023-10-02', 'Prodip', 50000, '', 'Provash Bokshi 2023-10-03 13:55:58'),
(53, '2023-10-03', 'Provash', 50000, '', 'Provash Bokshi 2023-10-03 13:56:25'),
(54, '2023-10-13', 'Prodip', 50000, '', 'Provash Bokshi 2023-10-30 06:07:54'),
(55, '2023-10-15', 'Sujata', 50000, '', 'Provash Bokshi 2023-10-30 06:08:35'),
(56, '2023-10-21', 'Sujit', 100000, '', 'Provash Bokshi 2023-10-30 06:09:16'),
(57, '2023-10-21', 'Prodip', 50000, '', 'Provash Bokshi 2023-10-30 06:09:55'),
(58, '2023-10-24', 'Shidharta', 10000, '', 'Provash Bokshi 2023-10-30 06:10:37'),
(59, '2023-10-26', 'Prodip', 11000, '', 'Provash Bokshi 2023-10-30 06:11:12'),
(60, '2023-10-28', 'Prodip', 10000, '', 'Provash Bokshi 2023-10-30 06:11:42'),
(61, '2023-10-28', 'Shidharta', 1000, '', 'Provash Bokshi 2023-10-30 06:12:22'),
(62, '2023-09-27', 'Shidharta', 20000, '', 'Provash Bokshi 2023-10-30 06:12:55'),
(63, '2023-10-31', 'Shidharta', 15000, '', 'Provash Bokshi 2023-11-01 08:23:01'),
(64, '2023-10-30', 'Provash', 20000, '', 'Provash Bokshi 2023-11-01 10:25:00'),
(65, '2023-11-01', 'Prodip', 20000, '', 'Provash Bokshi 2023-11-02 02:51:06'),
(66, '2023-11-01', 'Shidharta', 27500, '', 'Provash Bokshi 2023-11-02 02:51:40'),
(67, '2023-11-06', 'Sujit', 100000, '', 'Provash Bokshi 2023-11-07 07:19:45'),
(68, '2023-11-10', 'Prodip', 50000, '', 'Provash Bokshi 2023-11-10 08:56:30'),
(69, '2023-11-15', 'Shidharta', 7500, '', 'Provash Bokshi 2023-11-16 07:06:04'),
(70, '2023-11-15', 'Sujata', 20000, '', 'Provash Bokshi 2023-11-16 07:06:22'),
(71, '2023-11-17', 'Prodip', 30000, '', 'Provash Bokshi 2023-11-19 05:33:13'),
(72, '2023-11-17', 'Shidharta', 20000, '', 'Provash Bokshi 2023-11-19 05:33:39'),
(73, '2023-11-24', 'Sujit', 50000, '', 'Provash Bokshi 2023-11-24 10:18:59'),
(74, '2023-11-28', 'Provash', 60000, '', 'Provash Bokshi 2023-11-28 09:35:01'),
(75, '2023-12-01', 'Sujit', 100000, '', 'Provash Bokshi 2023-12-07 03:27:12'),
(76, '2023-12-14', 'Prodip', 20000, '', 'Provash Bokshi 2023-12-15 11:04:00'),
(77, '2023-12-30', 'Sujit', 50000, '', 'Provash 2024-01-03 10:28:28'),
(78, '2024-01-30', 'Sujata', 30000, '', 'Provash 2024-02-15 17:25:32');

-- --------------------------------------------------------

--
-- Table structure for table `items`
--

CREATE TABLE `items` (
  `id` int(11) NOT NULL,
  `sector` varchar(20) NOT NULL,
  `item_name` varchar(15) NOT NULL,
  `logs` varchar(30) NOT NULL
) ENGINE=InnoDB DEFAULT CHARSET=utf8mb4 COLLATE=utf8mb4_general_ci;

--
-- Dumping data for table `items`
--

INSERT INTO `items` (`id`, `sector`, `item_name`, `logs`) VALUES
(1, '1', '---', ''),
(2, '1', 'রুই ', ''),
(3, '1', 'কাতলা', ''),
(4, '1', 'মৃগেল', ''),
(5, '1', 'গ্রাস কার্প ', ''),
(6, '1', 'পুটি ', ''),
(7, '1', 'তেলাপিয়া', ''),
(8, '1', 'চিংড়ি ', ''),
(9, '1', 'সিল্ভার', ''),
(10, '1', 'ধানী ', ''),
(11, '1', 'জাপানী ', ''),
(12, '1', 'মাছের ডিম', ''),
(13, '1', 'ব্লাড কার্প', ''),
(14, '2', 'লাউ', ''),
(15, '2', 'মিষ্টি কুমড়া', ''),
(16, '2', 'পুই শাক', ''),
(17, '2', 'পালন শাক', ''),
(18, '2', 'ঢেড়স', ''),
(19, '2', 'ধুন্দল ', ''),
(22, '2', 'পেপে', ''),
(23, '2', 'বেগুন', ''),
(24, '2', 'মরিচ ', ''),
(25, '2', 'টমেটো', ''),
(26, '1', 'শোল', ''),
(27, '1', 'বৃগেড', ''),
(28, '1', 'বাটা', ''),
(29, '2', 'Pata-kopi', ''),
(30, '2', 'Full-Kopi', '');

-- --------------------------------------------------------

--
-- Table structure for table `land`
--

CREATE TABLE `land` (
  `id` int(11) NOT NULL,
  `gher` int(2) NOT NULL,
  `mousa` varchar(15) NOT NULL,
  `dag` varchar(20) NOT NULL,
  `khotian` varchar(3) NOT NULL,
  `amount` float NOT NULL,
  `plane_land` float NOT NULL,
  `par_cannel` float NOT NULL,
  `owners` varchar(200) NOT NULL,
  `comment` varchar(100) NOT NULL,
  `logs` varchar(100) NOT NULL
) ENGINE=InnoDB DEFAULT CHARSET=utf8mb4 COLLATE=utf8mb4_general_ci;

--
-- Dumping data for table `land`
--

INSERT INTO `land` (`id`, `gher`, `mousa`, `dag`, `khotian`, `amount`, `plane_land`, `par_cannel`, `owners`, `comment`, `logs`) VALUES
(1, 1, 'Rajapur', '794', '168', 54, 0, 0, '', '', 'shymal 2024-08-19 18:26:51'),
(2, 4, 'Rajapur', '735', '157', 162, 150, 12, 'নিরাপদ বক্সী,  সুকুমার বক্সী, শক্তি বকসী', '01760816140', 'Provash 2024-01-31 10:17:43'),
(3, 2, 'Rajapur', '750', '101', 445, 403, 42, 'দুলাল,  প্রহল্লাদ বিশ্বাস ', '01729665205', 'Provash 2024-02-19 11:56:43'),
(4, 2, 'Rajapur', '749', '103', 145, 145, 0, 'দুলাল+প্রহল্লাদ বিশ্বাস(73), বিশ্বাস পাড়া সবার (72)', '01729665205', 'Sujit 2024-03-02 16:49:59'),
(5, 4, 'Rajapur', '762', '101', 12, 6, 6, 'দুলাল,  প্রহল্লাদ বিশ্বাস ', '01729665205', 'Provash 2024-01-31 10:29:24'),
(6, 1, 'Rajapur', '786', '157', 218, 218, 0, 'নিরাপদ বক্সী,  সুকুমার বক্সী, শক্তি বকসী, পিন্টু বকসী ', '01760816140', 'Provash 2024-01-31 10:31:50'),
(7, 4, 'Rajapur', '728', '', 21, 21, 0, 'প্রহল্লাদ পাল। মহাকাল ', '', 'Provash 2024-02-11 05:04:54'),
(8, 4, 'Rajapur', '727', '514', 21, 0, 21, 'সঞ্জীবন বকসী', '', 'Provash 2024-02-11 05:04:20'),
(9, 4, 'Rajapur', '727', '514', 15, 15, 0, 'ধিমান রায়', 'সঞ্জীবন,   ধিমান ', 'Provash 2024-02-11 06:49:03'),
(10, 4, 'Rajapur', '761', '90', 12, 12, 0, 'সুইট মল্লিক ', '', 'Provash 2024-02-11 06:52:40'),
(11, 4, 'Rajapur', '760', '163', 44, 44, 0, 'পরিতোষ রায়, সন্ন্যাসী রায়', '', 'Provash 2024-02-11 06:55:16'),
(12, 4, 'Rajapur', '763', '', 42, 42, 0, 'লিটন রায়, নারায়ণ ', '', 'Provash 2024-02-11 07:16:14'),
(13, 4, 'Rajapur', '764', '199', 47, 47, 0, 'সুইট মল্লিক ', '', 'Provash 2024-02-11 09:30:01'),
(14, 1, 'Rajapur', '776', '68', 15, 0, 15, 'বিদ্যৎ বকসী, অমল , নিকুঞ্জ  বকসী', '', 'Provash 2024-02-11 07:20:53'),
(15, 1, 'Rajapur', '777', '220', 6, 0, 6, 'অজিত  বকসী', '', 'Provash 2024-02-11 07:25:01'),
(16, 1, 'Rajapur', '777', '481', 6, 0, 6, 'দুলাল সরকার ', '01324744808', 'Provash 2024-02-11 07:30:18'),
(17, 1, 'Rajapur', '774', '283', 8, 0, 8, 'সুভাষ রায় ', '01712856096', 'Provash 2024-02-11 07:29:44'),
(18, 1, 'Rajapur', '773', '180', 8, 0, 8, 'বিনয় কৃষ্ণ রায়', '', 'Provash 2024-02-11 07:32:01'),
(19, 1, 'Rajapur', '772', '', 16, 0, 16, 'কালো রায়', '', 'Provash 2024-02-11 07:35:42'),
(20, 1, 'Rajapur', '771', '', 19, 0, 19, '', '', 'Provash 2024-02-11 07:37:46'),
(21, 1, 'Rajapur', '770', '', 19, 0, 19, '', '', 'Provash 2024-02-11 07:38:21'),
(22, 1, 'Rajapur', '769', '94', 19, 0, 19, 'তারাপদ, কার্তিক রায়', '01849629650', 'Provash 2024-02-11 07:39:55'),
(23, 1, 'Rajapur', '768', '', 8, 0, 18, '', '', 'Provash 2024-02-11 07:41:09'),
(24, 1, 'Rajapur', '767', '', 12, 0, 12, '', '', 'Provash 2024-02-11 07:41:51'),
(25, 1, 'Rajapur', '766', '', 19, 0, 19, '', '', 'Provash 2024-02-11 07:44:26'),
(26, 1, 'Rajapur', '765', '180', 19, 0, 19, 'বিনয় কৃষ্ণ রায়', '', 'Provash 2024-02-11 07:45:03'),
(27, 1, 'Rajapur', '778', '', 21, 5, 16, 'প্রণব রায়', '', 'Provash 2024-02-11 07:51:28'),
(28, 1, 'Rajapur', '779', '481', 21, 0, 1, 'দুলাল সরকার ', '01324744808', 'Provash 2024-02-11 07:53:18'),
(29, 1, 'Rajapur', '780', '437', 21, 21, 21, 'আলমগীর শেখ', '01918095321', 'Provash 2024-03-01 08:11:32'),
(30, 1, 'Rajapur', '787', '157', 36, 18, 18, 'নিরাপদ বক্সী,  সুকুমার বক্সী, শক্তি বকসী', '', 'Provash 2024-02-11 08:05:33'),
(31, 1, 'Rajapur', '783', '68', 53, 43, 10, 'বিদ্যৎ বকসী, অমল , নিকুঞ্জ  বকসী', '', 'Provash 2024-02-11 08:15:34'),
(32, 1, 'Rajapur', '784', '220', 21, 21, 0, 'অজিত  বকসী', '', 'Provash 2024-02-11 08:16:38'),
(33, 1, 'Rajapur', '784', '481', 21, 21, 0, 'দুলাল সরকার ', '', 'Provash 2024-02-11 08:17:16'),
(34, 1, 'Rajapur', '785', '481', 5, 5, 0, 'দুলাল সরকার ', '', 'Provash 2024-02-11 08:18:07'),
(35, 1, 'Rajapur', '785', '220', 5, 5, 0, 'অজিত  বকসী', '', 'Provash 2024-02-11 08:18:27'),
(36, 1, 'Rajapur', '786', '157', 218, 218, 0, 'নিরাপদ বক্সী,  সুকুমার বক্সী, শক্তি বকসী', '', 'Provash 2024-02-11 08:19:57'),
(37, 1, 'Rajapur', '787', '', 0, 0, 0, '', '', 'Provash 2024-03-01 08:13:28'),
(38, 1, 'Rajapur', '788', '', 42, 25, 17, 'সুজিত বিশ্বাস ', '', 'Sujit 2024-03-02 16:47:48'),
(39, 1, 'Rajapur', '788, 799', '', 134, 115, 19, 'Mujibur Rahman(রিফুজ) ', '', 'Sujit 2024-03-02 16:48:26'),
(40, 1, 'Rajapur', '792', '166', 54, 54, 21, 'সুজিত বিশ্বাস(13.5), খোকন(40.5)', '', 'Sujit 2024-05-25 19:56:19'),
(41, 1, 'Rajapur', '793', '167', 54, 54, 0, 'সুজিত বিশ্বাস (33.75)+খোকন (20.3)', '', 'Sujit 2024-03-29 16:30:55'),
(42, 1, 'Rajapur', '794', '168', 54, 54, 0, 'সুজিত বিশ্বাস(33.75),খোকন(20.25)', '', 'Sujit 2024-05-25 19:55:26'),
(43, 1, 'Rajapur', '795', '', 10, 10, 0, 'দেবদাস রায়', 'জামেলা', 'Provash 2024-02-11 10:41:22'),
(44, 1, 'Rajapur', '796', '', 10, 10, 0, 'রুহিদাস রায়', 'জামেলা', 'Provash 2024-02-11 10:42:28'),
(45, 1, 'Rajapur', '797', '73', 10, 10, 0, 'লক্ষন রায়', 'জামেলা', 'Provash 2024-02-11 10:43:29'),
(46, 1, 'Rajapur', '798', '', 14, 14, 0, 'লক্ষন রায়', '01756555570', 'Provash 2024-02-12 13:17:52'),
(47, 1, 'Rajapur', '800', '68', 40, 40, 0, 'বিদ্যৎ বকসী, অমল , নিকুঞ্জ  বকসী', '', 'Provash 2024-02-11 10:47:18'),
(48, 1, 'Rajapur', '801', '68', 19, 19, 0, 'বিদ্যৎ বকসী, অমল , নিকুঞ্জ  বকসী', '', 'Provash 2024-02-11 10:47:50'),
(49, 1, 'Rajapur', '802', '', 39, 39, 0, 'হরেক রায়', '', 'Provash 2024-02-11 10:54:43'),
(50, 1, 'Rajapur', '803', '', 18, 18, 0, 'দীপক, অনিল, প্রভাত মন্ডল ', '', 'Provash 2024-02-11 10:56:15'),
(51, 1, 'Rajapur', '804', '167', 19, 0, 19, 'সিদ্ধার্থ(১১.৮৭৫), খোকন (৭.১২৫) ', '', 'Provash 2024-03-21 10:00:11'),
(52, 1, 'Rajapur', '805', '', 19, 0, 19, 'সিদ্ধার্থ(৩.১৭),খোকন (৯.৫),অঘোর (৬.৩৩)', '', 'Sujit 2024-03-29 16:36:11'),
(53, 1, 'Rajapur', '806', '', 19, 0, 19, 'সিদ্ধার্থ(৪.৭৫), খোকন (১৪.২৫) ', '', 'Provash 2024-03-21 10:02:48'),
(54, 1, 'Rajapur', '807', '41', 88, 88, 14, 'আব্দুল মজিদ মোল্লা ', '01745938088', 'Provash 2024-03-01 08:24:59'),
(55, 1, 'Rajapur', '808', '250', 88, 88, 0, ' সুকৃতি (22)+ অমল (22) রামসরা+অশান্ত (44) রাজাপুর ', '', 'Sujit 2024-03-02 16:47:32'),
(56, 1, 'Rajapur', ' 809', '250', 88, 88, 0, 'সুকৃতি (22)+ অমল (22)+ অশান্ত rajapur (44)', '', 'Sujit 2024-05-25 19:58:43'),
(57, 1, 'Rajapur', '', '', 0, 0, 0, 'অমল সরকার ', '', 'Provash 2024-03-01 08:33:19'),
(58, 1, 'Rajapur', '810', '294', 378, 355, 23, 'গোলক, রপচাদ, পঞ্চরাম, হিরামন মন্ডল ', '01915604976', 'Provash 2024-02-19 11:54:34'),
(59, 1, 'Rajapur', '811', '', 42, 42, 0, 'উজ্জ্বল মন্ডল', '', 'Provash 2024-05-22 02:06:14'),
(60, 1, 'Rajapur', '812', '', 27, 27, 0, 'নন্দ মণ্ডল ', '', 'Provash 2024-05-22 02:03:03'),
(61, 1, 'Rajapur', '813', '271', 42, 42, 0, 'নাওসের আলী', '', 'Provash 2024-02-11 11:23:19'),
(62, 1, 'Rajapur', '814', '', 146, 128, 18, 'দীপক+  অনিল+ প্রভাত মন্ডল ', '', 'Provash 2024-03-26 12:31:06'),
(63, 1, 'Rajapur', '815', '', 62, 50, 12, 'মাছেম + কাছেম', '', 'Provash 2024-03-11 05:57:18'),
(64, 1, 'Rajapur', '816', '', 27, 27, 0, 'সতীশ মণ্ডল ', '', 'Provash 2024-05-22 02:04:41'),
(65, 1, 'Rajapur', '817', '', 25, 25, 0, 'গহর , বালিয়াডাঙ্গা ', '', 'Provash 2024-05-22 02:07:49'),
(66, 1, 'Rajapur', '818', '', 0, 0, 0, '', '', 'Provash 2024-02-12 10:23:44'),
(67, 1, 'Rajapur', '819', '', 0, 0, 0, '', '', 'Provash 2024-02-12 10:23:57'),
(68, 1, 'Rajapur', '820', '', 0, 0, 0, '', '', 'Provash 2024-02-12 10:30:21'),
(69, 1, 'Rajapur', '821', '', 0, 0, 0, '', '', 'Provash 2024-02-12 10:30:30'),
(70, 1, 'Rajapur', '822', '', 0, 0, 0, '', '', 'Provash 2024-02-12 10:30:40'),
(71, 1, 'Rajapur', '823', '', 0, 0, 0, 'তাপস, বিপক্ষ, প্রভাত মন্ডল', '', 'Provash 2024-02-12 10:32:49'),
(72, 1, 'Rajapur', '824', '288', 32, 32, 0, 'গোবিন্দ (16),  প্রবির+Narayan (16)', '', 'Sujit 2024-03-02 16:51:29'),
(73, 1, 'Rajapur', '825', '', 0, 0, 0, '', '', 'Provash 2024-02-12 10:36:25'),
(74, 1, 'Rajapur', '826', '', 0, 0, 0, '', '', 'Provash 2024-02-12 10:36:44'),
(75, 1, 'Rajapur', '827', '', 0, 0, 0, '', '', 'Provash 2024-02-12 10:36:55'),
(76, 1, 'Rajapur', '828', '', 0, 0, 0, '', '', 'Provash 2024-02-12 10:37:16'),
(77, 1, 'Rajapur', '829', '', 0, 0, 0, '', '', 'Provash 2024-02-12 10:37:28'),
(78, 1, 'Rajapur', '830', '', 116, 95, 21, 'উজ্জ্বল মন্ডল', '', 'Provash 2024-05-22 02:13:10'),
(79, 3, 'Rajapur', '831', '166', 22, 22, 0, 'সুজিত বিশ্বাস (5.5)+ খোকন (16.5)', '', 'Sujit 2024-05-25 20:07:03'),
(80, 3, 'Rajapur', '832', '167', 22, 22, 0, 'সুজিত বিশ্বাস 3.666+ খোকন 11+ অগোর 7.333', '', 'Provash 2024-03-21 10:15:06'),
(81, 3, 'Rajapur', '833', '168', 22, 22, 0, 'সুজিত বিশ্বাস-13.75 + খোকন 8.25', '', 'Provash 2024-03-21 10:10:01'),
(82, 3, 'Rajapur', '836', '393', 119, 81, 38, 'সুজিত বিশ্বাস+ , খোকন 59', '', 'Provash 2024-03-21 10:06:49'),
(83, 2, 'Rajapur', '759', '228', 319, 160, 159, 'রতন, রাধাকান্ত  রায়', '', 'Provash 2024-05-22 02:17:46'),
(84, 2, 'Rajapur', '758', '231', 48, 48, 0, 'রমেশ, সুন্দরী, বিদ্যৎ  বিশ্বাস ', '01314694964', 'Provash 2024-02-12 11:26:47'),
(85, 2, 'Rajapur', '757', '247', 12, 11, 0, 'শতীশ  বিশ্বাস , সরোজ  বিশ্বাস ', '01314694964', 'Provash 2024-02-12 11:30:43'),
(86, 2, 'Rajapur', '745', '247', 74, 74, 0, 'শতীশ  বিশ্বাস , সরোজ  বিশ্বাস ', '01314694964', 'Provash 2024-02-12 11:33:54'),
(87, 2, 'Rajapur', '749', '247', 12, 0, 0, 'শতীশ  বিশ্বাস , সরোজ  বিশ্বাস ', '01314694964', 'Provash 2024-02-19 11:57:59'),
(88, 2, 'Rajapur', '756', '273', 15, 15, 0, 'তনয়  বিশ্বাস ', '', 'Provash 2024-02-12 11:39:21'),
(89, 2, 'Rajapur', '755', '273', 25, 25, 0, 'তনয়  বিশ্বাস ', '', 'Provash 2024-02-12 11:40:04'),
(90, 2, 'Rajapur', '752', '217', 74, 74, 0, 'তনয়  বিশ্বাস ', '', 'Provash 2024-02-12 11:41:15'),
(91, 2, 'Rajapur', '748', '273', 42, 42, 0, 'তনয়  বিশ্বাস ', '', 'Provash 2024-02-12 11:42:22'),
(92, 2, 'Rajapur', '753', '161', 25, 25, 0, 'প্রমানন্দ বিশ্বাস ', '', 'Provash 2024-04-08 13:32:34'),
(93, 2, 'Rajapur', '751', '', 74, 74, 0, '', '', 'Provash 2024-02-12 11:47:41'),
(94, 2, 'Rajapur', '747', '61', 11, 11, 0, 'কার্তিক বিশ্বাস ', '01760111656', 'Provash 2024-02-12 11:50:01'),
(95, 2, 'Rajapur', '749', '103', 12, 0, 0, 'কার্তিক বিশ্বাস ', '01760111656', 'Provash 2024-02-19 11:58:52'),
(96, 2, 'Amdanga', '1', '409', 2, 2, 0, 'সুইট মল্লিক ', '', 'Provash 2024-03-01 07:07:52'),
(97, 2, 'Amdanga', '2', '409', 6, 6, 0, 'সুইট মল্লিক ', '', 'Provash 2024-03-01 07:08:31'),
(98, 2, 'Amdanga', '3', '409', 6, 6, 0, 'সুইট মল্লিক ', '', 'Provash 2024-03-01 07:09:06'),
(99, 2, 'Amdanga', '4', '', 6, 6, 0, '', '', 'Provash 2024-03-01 07:10:35'),
(100, 2, 'Amdanga', '5', '502', 5, 5, 0, 'ক্ষিতিশ+শুশান্ত +সুভাষ +খগেন +রতন+রাধা ', '', 'Provash 2024-03-01 07:15:35'),
(101, 2, 'Amdanga', '6', '', 0, 0, 0, '', '', 'Provash 2024-03-01 07:17:03'),
(102, 2, 'Amdanga', '7', '', 0, 0, 0, '', '', 'Provash 2024-03-01 07:17:57'),
(103, 2, 'Amdanga', '8', '443', 29, 29, 0, 'যত্তন বালা মল্লিক ', 'আড়পাড়া ', 'Provash 2024-05-21 02:36:27'),
(104, 2, 'Amdanga', '9', '13', 13, 13, 0, 'সুজিত বিশ্বাস-2.5 + খোকন 7.5+যত্তন বালা 3', '', 'Provash 2024-05-21 02:39:45'),
(105, 2, 'Amdanga', '10', '13', 20, 20, 0, 'সুজিত বিশ্বাস-5+ খোকন 15', '', 'Provash 2024-03-29 11:01:48'),
(106, 2, 'Amdanga', '11', '910', 16, 16, 0, 'হরেকষ্ণ+ অনুকূল রায়', '', 'Provash 2024-03-16 05:05:28'),
(107, 2, 'Amdanga', '12', '', 0, 0, 0, '', '', 'Provash 2024-03-01 07:18:57'),
(108, 2, 'Amdanga', '13', '409', 31, 31, 0, 'সুইট মল্লিক 11+ শক্তিপদ 20', '', 'Provash 2024-04-02 12:29:31'),
(109, 2, 'Amdanga', '14', '328', 29, 29, 0, 'নিমাই চন্দ্র মন্ডল', 'দিগঙ্গা', 'Provash 2024-03-20 08:12:56'),
(110, 2, 'Amdanga', '15', '', 168, 168, 0, '', '', 'Provash 2024-03-20 08:22:16'),
(111, 2, 'Amdanga', '16', '210', 45, 45, 0, 'খগেন, শংকর রায়', '', 'Provash 2024-03-01 07:24:51'),
(112, 2, 'Amdanga', '17', '451', 47, 47, 0, 'রতন+রাধাকান্ত  রায়', '', 'Provash 2024-03-16 04:48:51'),
(113, 2, 'Amdanga', '18', '', 43, 43, 0, 'সুভাষ চন্দ্র রায়', '01686539905', 'Provash 2024-03-01 07:29:12'),
(114, 2, 'Amdanga', '19', '286', 47, 47, 0, 'পরিতোষ+দিবদাস+ক্ষিতিশ +সন্যাসী +সুভাষ (1 শতক)চন্দ্র রায়', '01686539905', 'Provash 2024-03-01 07:32:56'),
(115, 2, 'Amdanga', '20', '502', 7, 7, 0, 'ক্ষিতিশ+শুশান্ত +সুভাষ +খগেন +রতন+রাধা ', '01686539905', 'Provash 2024-03-01 07:36:44'),
(116, 2, 'Amdanga', '21', '328', 178, 178, 0, 'নিমাই চন্দ্র মন্ডল', 'দিগঙ্গা', 'Provash 2024-03-20 08:14:55'),
(117, 2, 'Amdanga', '31', '515', 48, 48, 0, 'সুবোধ কুমার মন্ডল', '01731004859', 'Provash 2024-03-01 07:43:30'),
(118, 2, 'Amdanga', '32', '539', 50, 50, 0, 'প্রবীর মন্ডল+ নারায়ণ মন্ডল', '', 'Provash 2024-03-01 07:50:26'),
(119, 2, 'Amdanga', '33', '', 30, 30, 0, '', '', 'Provash 2024-03-01 08:23:14'),
(120, 2, 'Amdanga', '34', '786', 30, 30, 0, 'আসমত+ হরিশপুর ', '', 'Provash 2024-03-01 07:56:23'),
(121, 2, 'Amdanga', '35', '786', 78, 78, 0, 'আসমত+ হরিশপুর ', '', 'Provash 2024-03-01 07:59:58'),
(122, 2, 'Amdanga', '36', '694', 228, 228, 0, 'শিবপদ সরকার 57 শতক + সম্ভবত খাস', '', 'Provash 2024-03-01 08:05:46'),
(123, 1, 'Rajapur', '781', '437', 26, 26, 0, 'আলমগীর শেখ', '01918095321', 'Provash 2024-03-01 08:15:48'),
(124, 1, 'Rajapur', '782', '437', 24, 24, 0, 'আলমগীর শেখ 16)+অনুপ বকসী (8)', '01918095321', 'Sujit 2024-05-25 20:00:20'),
(125, 2, 'Amdanga', '30', '894', 98, 98, 0, 'স্বপ্না রানী পাল', '', 'Provash 2024-03-16 04:50:42'),
(126, 1, 'Rajapur', '791', '168', 6, 6, 0, 'সুজিত বিশ্বাস-3.75+ খোকন -2.25', '', 'Provash 2024-03-21 09:32:08'),
(127, 1, 'Rajapur', '790', '166', 6, 6, 0, 'সুজিত বিশ্বাস-1,5+ খোকন-4.50', '', 'Provash 2024-03-21 09:35:11'),
(128, 1, 'Rajapur', '789', '167', 6, 6, 0, 'সুজিত বিশ্বাস-1,+ খোকন-3+ অগোর-2', '', 'Provash 2024-03-21 09:36:42'),
(129, 2, 'Rajapur', '746', '517', 21, 21, 0, 'নার্গিস বেগম', '', 'Provash 2024-04-12 13:57:24');

-- --------------------------------------------------------

--
-- Table structure for table `loandetails`
--

CREATE TABLE `loandetails` (
  `loanid` int(5) NOT NULL,
  `investerid` int(3) NOT NULL,
  `amount` int(6) NOT NULL,
  `interestpermonth` decimal(3,2) NOT NULL,
  `conditions` varchar(50) NOT NULL,
  `logs` varchar(30) NOT NULL
) ENGINE=InnoDB DEFAULT CHARSET=utf8mb4 COLLATE=utf8mb4_general_ci;

--
-- Dumping data for table `loandetails`
--

INSERT INTO `loandetails` (`loanid`, `investerid`, `amount`, `interestpermonth`, `conditions`, `logs`) VALUES
(1, 1, 4500, 9.99, 'emi', 'Sujit 2024-07-15 13:25:45'),
(2, 2, 7500, 7.00, 'free hold', 'Sujit 2024-07-15 13:40:30'),
(3, 2, 1520, 7.85, 'no emis', ''),
(4, 3, 300000, 9.99, 'FFFF', 'Sujit 2024-08-16 07:01:50');

-- --------------------------------------------------------

--
-- Table structure for table `loan_providers_info`
--

CREATE TABLE `loan_providers_info` (
  `investerid` int(11) NOT NULL,
  `name` varchar(20) NOT NULL,
  `Address` varchar(50) NOT NULL,
  `Mobile` text NOT NULL,
  `Refference` varchar(20) NOT NULL,
  `logs` varchar(50) NOT NULL
) ENGINE=InnoDB DEFAULT CHARSET=utf8mb4 COLLATE=utf8mb4_general_ci;

--
-- Dumping data for table `loan_providers_info`
--

INSERT INTO `loan_providers_info` (`investerid`, `name`, `Address`, `Mobile`, `Refference`, `logs`) VALUES
(1, 'AXIS ', 'OP Road', '44545853', 'Some Ref', 'Sujit 2024-07-15 13:25:16'),
(2, 'ICICI', 'Bank', '778789985', 'UK', 'Sujit 2024-07-15 13:39:51'),
(3, 'Pradip', 'Rajapur', '01918', 'pRADIP', 'Sujit 2024-08-16 07:00:31'),
(4, 'Provash Bokshi', 'Rajapur', '089088', 'Pradip', 'Sujit 2024-08-16 07:09:11');

-- --------------------------------------------------------

--
-- Table structure for table `loan_transactions`
--

CREATE TABLE `loan_transactions` (
  `id` int(4) AUTO_INCREMENT PRIMARY KEY,
  `loanid` int(5) NOT NULL,
  `investerid` int(5) NOT NULL,
  `date` date NOT NULL,
  `Payment` int(6) NOT NULL,
  `voucherno` varchar(5) NOT NULL
) ENGINE=InnoDB DEFAULT CHARSET=utf8mb4 COLLATE=utf8mb4_general_ci;

--
-- Dumping data for table `loan_transactions`
--

INSERT INTO `loan_transactions` (`loanid`, `investerid`, `date`, `Payment`, `voucherno`) VALUES
(1, 1, '2024-07-15', 12, 'vc12'),
(2, 2, '2024-07-15', 450, '114'),
(2, 2, '2024-07-15', 123, 'vc3'),
(4, 3, '2024-05-10', 300000, '66'),
(4, 3, '2024-05-21', 200000, '67');

-- --------------------------------------------------------

--
-- Table structure for table `mousa`
--

CREATE TABLE `mousa` (
  `id` int(11) NOT NULL,
  `mousa` varchar(255) DEFAULT NULL,
  `dag` varchar(255) DEFAULT NULL,
  `owner` varchar(255) DEFAULT NULL,
  `date` date DEFAULT NULL,
  `amount` float DEFAULT NULL,
  `term` varchar(255) DEFAULT NULL,
  `vc_numnber` varchar(255) DEFAULT NULL,
  `status` tinyint(1) DEFAULT NULL COMMENT '1 is paid, 2 is pending ',
  `log` varchar(255) DEFAULT NULL
) ENGINE=InnoDB DEFAULT CHARSET=utf8mb4 COLLATE=utf8mb4_general_ci;

--
-- Dumping data for table `mousa`
--

INSERT INTO `mousa` (`id`, `mousa`, `dag`, `owner`, `date`, `amount`, `term`, `vc_numnber`, `status`, `log`) VALUES
(1, 'Rajapur', '776', 'বিদ্যৎ বকসী, অমল , নিকুঞ্জ  বকসী', '2024-10-06', 9999, '2023-24', '202', 1, NULL);

-- --------------------------------------------------------

--
-- Table structure for table `mousaname`
--

CREATE TABLE `mousaname` (
  `id` int(3) NOT NULL,
  `name` varchar(30) NOT NULL
) ENGINE=InnoDB DEFAULT CHARSET=utf8mb4 COLLATE=utf8mb4_general_ci;

-- --------------------------------------------------------

--
-- Table structure for table `salary`
--

CREATE TABLE `salary` (
  `id` int(11) NOT NULL,
  `date` date NOT NULL,
  `purpose` varchar(20) NOT NULL,
  `reason` varchar(20) NOT NULL,
  `quantity` int(3) NOT NULL,
  `rate` int(5) NOT NULL,
  `total` int(5) NOT NULL,
  `personel` varchar(50) NOT NULL,
  `voucher` varchar(5) NOT NULL,
  `status` int(2) DEFAULT NULL COMMENT '1 is paid, 2 is due',
  `comment` varchar(20) NOT NULL,
  `logs` varchar(30) NOT NULL
) ENGINE=InnoDB DEFAULT CHARSET=utf8mb4 COLLATE=utf8mb4_general_ci;

--
-- Dumping data for table `salary`
--

INSERT INTO `salary` (`id`, `date`, `purpose`, `reason`, `quantity`, `rate`, `total`, `personel`, `voucher`, `status`, `comment`, `logs`) VALUES
(7, '2023-12-26', 'Labour', 'à¦¦à¦•à§à¦·à¦¿à¦£ ', 77, 400, 30800, 'à¦°à¦®à§‡à¦¶, à¦¬à¦¿à¦œà§à¦žà¦¾à¦¨,  à¦—à§Œà¦°à¦¾', '26', 1, '', 'Provash Bokshi 2023-12-27 16:1'),
(8, '2024-01-02', 'Salary', 'December 2023', 0, 0, 10000, '1', '26', 1, 'à¦¡à¦¿à¦¸à§‡à¦®à§à¦', 'Provash 2024-01-05 09:41:50'),
(10, '2024-01-02', 'Salary', 'December 2023', 0, 0, 10000, '3', '26', 1, 'à¦¡à¦¿à¦¸à§‡à¦®à§à¦', 'Provash 2024-01-05 09:43:53'),
(11, '2024-01-05', 'Labour', 'à¦®à¦¾à¦›', 4, 400, 1600, 'à¦¬à¦¿à¦œà§à¦žà¦¾à¦¨, à¦°à¦®à§‡à¦¶, à¦—à§Œà¦°à¦¾à', '30', 1, '', 'Provash 2024-01-05 10:01:38'),
(12, '2024-01-02', 'Salary', 'December 2023', 0, 0, 10000, '2', '26', 1, 'à¦¡à¦¿à¦¸à§‡à¦®à§à¦', 'Provash 2024-01-05 10:04:29'),
(13, '2024-01-13', 'Salary', 'December 2023', 0, 0, 3000, '3', '38', 1, 'রাত থাকার খরঢ', 'Provash 2024-01-13 07:50:38'),
(15, '2024-01-14', 'Labour', '13-14/01/24', 8, 450, 3600, 'সাধন', '39', 1, 'জেলে+জাল', 'Provash 2024-01-18 10:53:59'),
(16, '2024-01-15', 'Labour', '15/1/24', 4, 450, 1800, 'সাধন', '40', 1, 'জেলে+জাল ', 'Provash 2024-01-18 10:56:25'),
(17, '2024-01-18', 'Labour', '18/1/24', 6, 400, 2400, 'সাধন ', '43', 1, 'জেলে', 'Provash 2024-01-18 11:28:49'),
(18, '2024-01-21', 'Labour', '19-21/01/24', 14, 400, 5600, 'সাধন ', '45', 1, 'জেলে', 'Provash 2024-01-22 09:41:13'),
(19, '2024-01-25', 'Labour', '23-25/01/2024', 27, 400, 10800, 'সাধন ', '49', 1, 'জেলেদের মুজুরি', 'Sujit 2024-08-08 10:01:13'),
(20, '2024-01-28', 'Labour', '26-28/01/2024', 27, 400, 10800, 'সাধন ', '53', 1, 'জেলে মজুরি ', 'Provash 2024-02-16 10:08:14'),
(21, '2024-01-31', 'Salary', 'January 2024', 0, 0, 10000, '1', '55', 1, 'জানুয়ারি মাস', 'Provash 2024-02-16 10:42:34'),
(22, '2024-01-31', 'Salary', 'January 2024', 0, 0, 10000, '2', '55', 1, 'জানুয়ারি মাস', 'Provash 2024-02-16 10:43:50'),
(23, '2024-01-31', 'Salary', 'January 2024', 0, 0, 10000, '3', '55', 1, 'জানুয়ারি মাস', 'Provash 2024-02-16 10:44:59'),
(24, '2024-01-31', 'Salary', 'January 2024', 0, 0, 10000, '4', '55', 1, 'জানুয়ারি মাস', 'Provash 2024-02-16 10:51:45'),
(25, '2024-01-31', 'Salary', 'January 2024', 0, 0, 10000, '5', '55', 1, 'জানুয়ারি মাস ', 'Provash 2024-02-16 10:52:59'),
(26, '2024-02-01', 'Labour', '29/1-1/2/2024', 29, 400, 11600, 'সাধন', '56', 1, 'জেলেদের মজুরি', 'Provash 2024-02-18 09:13:12'),
(27, '2024-02-01', 'Labour', '28-31/01/2024', 4, 500, 2000, 'অসীম', '56', 1, 'ড্রেন  তৈরি জন্য ', 'Provash 2024-02-18 09:25:32'),
(28, '2024-02-03', 'Labour', '1-3/2/2024', 6, 500, 3000, 'সুশান্ত, + আড়পাড়া একজন', '58', 1, '', 'Provash 2024-02-18 09:54:19'),
(29, '2024-02-03', 'Salary', 'January 2024', 0, 0, 1000, '4', '58', 1, 'জানুয়ারির ', 'Provash 2024-02-18 09:58:50'),
(30, '2024-02-03', 'Salary', 'January 2024', 0, 0, 1000, '5', '58', 1, 'জানুয়ারির ', 'Provash 2024-02-18 09:59:50'),
(31, '2024-02-04', 'Labour', '2-4/2/2024', 18, 400, 7200, 'সাধন ', '59', 1, 'জেলেদের মজুরি ', 'Provash 2024-02-18 10:44:41'),
(32, '2024-02-04', 'Labour', '1-4/02/2024', 4, 500, 2000, 'অমল বকসী', '59', 1, 'ড্রেন তৈরির ', 'Provash 2024-02-18 10:48:41'),
(33, '2024-02-05', 'Labour', '02-05/02/2024', 4, 500, 2000, 'অসীম', '60', 1, 'ড্রেন  তৈরির ', 'Provash 2024-02-18 11:02:53'),
(34, '2024-02-05', 'Labour', '5/2/2024', 1, 500, 500, 'সঞ্জয়', '60', 1, 'ম্যাশিন মিস্ত্রি মজু', 'Provash 2024-02-18 11:25:36'),
(35, '2024-02-08', 'Labour', '5-8/02/2024', 36, 400, 14400, 'সাধন ', '63', 1, 'জেলেদের মজুরি ', 'Provash 2024-02-22 09:17:56'),
(36, '2024-02-10', 'Labour', '5-10/2/2024', 10, 500, 5000, 'অনুকূল,  অমল, মিন্ট, অসীম ', '64', 1, 'ড্রেন ', 'Provash 2024-02-22 09:37:27'),
(37, '2024-02-12', 'Labour', '11-12/02/2024', 6, 150, 900, 'মহিলা জন', '65', 1, '3 জন  করে 2 দিন', 'Provash 2024-02-22 10:32:36'),
(39, '2024-02-12', 'Salary', 'February 2024', 0, 0, 5000, '4', '65', 1, 'ফেব্রুয়ারির ', 'Provash 2024-02-22 10:36:40'),
(40, '2024-02-16', 'Labour', '15/2/24', 5, 400, 2000, 'সাধন ', '67', 1, 'জেলেদের মজুরি ', 'Provash 2024-02-25 06:01:24'),
(41, '2024-02-17', 'Labour', '17/02/24', 13, 400, 5200, 'সাধন ', '68', 1, 'জেলেদের মজুরি', 'Provash 2024-02-25 06:12:51'),
(42, '2024-02-18', 'Labour', '18/2/24', 13, 400, 5200, 'সাধন ', '69', 1, 'জেলেদের মজুরি', 'Provash 2024-02-26 05:50:24'),
(43, '2024-02-29', 'Salary', 'February 2024', 0, 0, 10000, '1', '79', 1, 'ফেব্রুয়ারির ', 'Provash 2024-03-02 07:31:25'),
(44, '2024-02-29', 'Salary', 'March 2024', 0, 0, 10000, '3', '79', 1, 'ফেব্রুয়ারির ', 'Provash 2024-03-02 07:32:23'),
(45, '2024-02-29', 'Salary', 'February 2024', 0, 0, 11000, '5', '79', 1, 'ফেব্রুয়ারির ', 'Provash 2024-03-02 07:35:44'),
(46, '2024-02-29', 'Salary', 'February 2024', 0, 0, 10000, '2', '79', 1, 'ফেব্রুয়ারির ', 'Provash 2024-03-02 07:38:21'),
(47, '2024-02-25', 'Labour', '20/02/24-25/02/24', 6, 11000, 2200, 'নতুন তপন', '76', 1, 'বেতন ', 'Provash 2024-03-10 09:24:25'),
(48, '2024-03-07', 'Labour', '5/03/24-7/3/24', 41, 400, 16400, 'সাধন ', '84', 1, 'জেলেদের মজুরি ', 'Provash 2024-03-10 11:21:14'),
(49, '2024-03-10', 'Labour', '5/3/24-6/3/24', 4, 300, 1200, 'মহিলা', '88', 1, '', 'Provash 2024-03-11 11:34:49'),
(50, '2024-03-10', 'Labour', '4/3/24, 8/3/24-10/3/', 41, 400, 16600, 'সাধন ', '88', 1, 'জেলেদের মজুরি ', 'Provash 2024-03-11 11:45:25'),
(51, '2024-03-13', 'Labour', '11/03/24', 1, 600, 600, 'নীলরতন', '91', 1, 'ঘরের মেঝে তৈরি', 'Provash 2024-03-14 10:22:52'),
(52, '2024-03-13', 'Labour', '5/3/24-10/03/24', 7, 650, 4300, 'কাঠমিশ্ত্রি-6+ সহকারী-1', '91', 1, 'জামাই + মঙ্গল', 'Provash 2024-03-14 10:27:09'),
(53, '2024-03-15', 'Labour', '11/03/24-13/03/24', 47, 400, 19000, 'সাধন ', '93', 1, 'জেলেদের মজুরি+ বন পা', 'Provash 2024-03-17 07:28:53'),
(54, '2024-03-20', 'Labour', '18/03/24-19/03/24', 20, 400, 8000, 'সাধন ', '97', 1, 'জেলেদের মজুরি', 'Provash 2024-03-22 08:43:35'),
(55, '2024-03-20', 'Labour', '19/3/24', 1, 450, 450, 'Sahib, mistry ', '97', 1, 'ডিজেল ম্যাশিন ঠিক কর', 'Provash 2024-03-22 08:46:14'),
(56, '2024-03-25', 'Labour', '19/03/24', 11, 400, 4200, 'সাধন ', '99', 1, 'জেলেদের মজুরি ', 'Provash 2024-03-25 12:01:11'),
(57, '2024-03-25', 'Labour', '19/02/2=', 3, 500, 1500, 'অসিম', '99', 1, 'ক্যামেরার বন পরিস্কা', 'Provash 2024-03-25 12:02:56'),
(58, '2024-03-31', 'Salary', 'March 2024', 0, 0, 10500, '1', '102', 1, 'বেতন', 'Provash 2024-04-07 08:12:25'),
(59, '2024-03-31', 'Salary', 'March 2024', 0, 0, 10500, '2', '102', 1, 'বেতন', 'Provash 2024-04-07 08:13:21'),
(61, '2024-03-31', 'Salary', 'March 2024', 0, 0, 10500, '3', '102', 1, 'বেতন ', 'Provash 2024-04-07 08:15:00'),
(62, '2024-03-31', 'Labour', '20/3/24-31/03/24', 12, 3, 4000, 'যুধিষ্ঠির ', '102', 1, 'শ্রমিক হিসাবে পরিশোধ', 'Provash 2024-04-07 08:20:05'),
(63, '2024-03-31', 'Salary', 'March 2024', 0, 0, 11000, '5', '74', 1, 'মার্চ ', 'Provash 2024-04-07 08:28:01'),
(64, '2024-04-06', 'Labour', '6/04/24', 11, 400, 4400, 'সাধন ', '108', 1, 'জেলেদের মজুরি ', 'Provash 2024-04-07 09:00:29'),
(65, '2024-04-09', 'Labour', '9/4/24', 10, 400, 4000, 'সাধন ', '110', 1, 'জেলেদের মজুরি', 'Provash 2024-04-14 09:47:42'),
(66, '2024-04-17', 'Labour', '17/04/24', 9, 400, 3600, 'সাধন ', '116', 1, 'মজুরি ', 'Provash 2024-04-22 09:57:06'),
(67, '2024-04-16', 'Labour', '16/04/24', 9, 400, 3600, 'সাধন ', '115', 1, 'মজুরি', 'Provash 2024-04-22 09:59:00'),
(68, '2024-04-15', 'Labour', '15/04/24', 8, 400, 3200, 'সাধন ', '114', 1, 'মজুরি ', 'Provash 2024-04-22 10:11:21'),
(69, '2024-04-02', 'Labour', '2/04/24', 11, 400, 4400, 'সাধন ', '104', 1, 'মজুরি ', 'Provash 2024-04-22 10:28:31'),
(70, '2024-04-03', 'Labour', '3/04/24', 13, 400, 5200, 'সাধন ', '105', 1, 'মজুরি', 'Provash 2024-04-22 10:46:00'),
(71, '2024-04-05', 'Labour', '5/4/24', 13, 400, 5200, 'সাধন ', '107', 1, 'মজুরি ', 'Provash 2024-04-22 10:58:59'),
(72, '2024-04-04', 'Labour', '29/3/24-4,4/4/24-13', 17, 400, 6800, 'সাধন ', '106', 1, 'মজুরি', 'Provash 2024-04-22 12:01:58'),
(73, '2024-04-07', 'Labour', '7/4/24', 2, 400, 800, 'সাধন ', '109', 1, 'মজরি ', 'Provash 2024-04-22 12:37:21'),
(74, '2024-04-18', 'Labour', '18/04/24', 9, 400, 3600, 'সাধন ', '117', 1, 'মজুরি', 'Provash 2024-04-23 07:12:05'),
(75, '2024-04-19', 'Labour', '19/04/24', 6, 400, 2400, 'সাধন ', '120', 1, 'মজুরি', 'Provash 2024-04-23 07:15:16'),
(76, '2024-04-20', 'Labour', '20/04/24', 7, 400, 2800, 'সাধন ', '118', 1, 'মজুরি', 'Provash 2024-04-23 07:24:04'),
(77, '2024-04-21', 'Labour', '21/4/24', 7, 400, 2800, 'সাধন ', '119', 1, 'মজুরি', 'Provash 2024-04-23 07:31:32'),
(78, '2024-04-30', 'Labour', '30/04/24', 7, 400, 2800, 'সাধন ', '127', 1, 'মজুরি', 'Provash 2024-04-30 13:50:48'),
(79, '2024-05-24', 'Labour', '24/05/24', 5, 400, 2000, 'সাধন ', '149', 1, 'জেলেদের মজুরি', 'Provash 2024-05-25 13:24:37'),
(80, '2024-05-13', 'Labour', '13/05/24', 2, 300, 600, 'রিপন ', '138', 1, 'ইলেকট্রশিয়ান মজুরি ', 'Provash 2024-05-25 13:43:44'),
(81, '2024-04-30', 'Salary', 'April', 0, 0, 41500, '', '', NULL, 'Total 4 Personal Man', ''),
(82, '2024-04-29', 'Labour', 'Jele', 5, 400, 2000, 'Sadhan', '27', 1, '', 'Sujit 2024-08-09 13:55:43'),
(83, '2024-04-28', 'Labour', 'Jele', 5, 400, 2000, 'Sadhan', '25', 1, '', 'Sujit 2024-08-09 13:58:49'),
(84, '2024-04-27', 'Labour', 'Jele', 5, 400, 2000, 'Sadhan', '24', 1, '', 'Sujit 2024-08-09 14:01:09'),
(85, '2024-05-30', 'Labour', 'Jele', 11, 400, 4400, 'Sadhan', '150', 1, '', 'Sujit 2024-08-16 07:28:19'),
(86, '2024-05-30', 'Labour', 'Electric ', 1, 600, 600, 'unknown', '150', 1, '', 'Sujit 2024-08-16 07:31:26'),
(87, '2024-05-30', 'Labour', 'Jele', 25, 400, 10000, 'Sadhan', '150', 1, '', 'Sujit 2024-08-16 07:40:40'),
(88, '2024-05-30', 'Labour', 'Jele', 10, 400, 4000, 'Sadhan', '150', 1, '', 'Sujit 2024-08-16 07:44:07'),
(89, '2024-04-30', 'Labour', 'Jele', 12, 400, 5000, 'Sadhan', '150', 1, '', 'Sujit 2024-08-16 07:45:28'),
(90, '2024-05-22', 'Labour', 'Jele', 9, 400, 3600, 'Sadhan', '146', 1, '', 'Sujit 2024-08-16 08:13:25'),
(91, '2024-05-19', 'Labour', 'Jele', 8, 400, 3200, 'Sadhan', '145', 1, '', 'Sujit 2024-08-16 08:18:16'),
(92, '2024-05-19', 'Labour', 'work in North', 4, 500, 2000, 'Dinabondhu, Sagatom', '52,53', 1, '', 'Sujit 2024-08-16 08:23:15'),
(93, '2024-05-18', 'Labour', 'Jele', 8, 400, 3200, 'Sadhan', '144', 1, '', 'Sujit 2024-08-16 08:36:45'),
(94, '2024-05-17', 'Labour', 'Jele', 5, 400, 2000, 'Sadhan', '143', 1, '', 'Sujit 2024-08-16 08:41:18'),
(95, '2024-05-16', 'Labour', 'Jele', 4, 400, 1600, 'Sadhan', '142', 1, '', 'Sujit 2024-08-16 08:50:25'),
(96, '2024-05-08', 'Labour', 'Electric', 1, 500, 500, 'unknonw', '44', 1, '', 'Sujit 2024-08-16 09:06:55'),
(97, '2024-05-05', 'Labour', 'Jele', 6, 400, 2400, 'Sadhan', '132', 1, '', 'Sujit 2024-08-16 09:12:46'),
(98, '2024-05-01', 'Labour', 'Jele', 7, 400, 2800, 'Sadhan', '38', 1, '', 'Sujit 2024-08-16 09:21:58');

-- --------------------------------------------------------

--
-- Table structure for table `sectors`
--

CREATE TABLE `sectors` (
  `id` int(11) NOT NULL,
  `sector` varchar(15) NOT NULL,
  `logs` varchar(30) NOT NULL
) ENGINE=InnoDB DEFAULT CHARSET=utf8mb4 COLLATE=utf8mb4_general_ci;

--
-- Dumping data for table `sectors`
--

INSERT INTO `sectors` (`id`, `sector`, `logs`) VALUES
(0, 'Others', ''),
(1, 'Fish', ''),
(2, 'Vegetables', '');

-- --------------------------------------------------------

--
-- Table structure for table `sources`
--

CREATE TABLE `sources` (
  `id` int(11) NOT NULL,
  `source` varchar(20) NOT NULL,
  `logs` varchar(20) NOT NULL
) ENGINE=InnoDB DEFAULT CHARSET=utf8mb4 COLLATE=utf8mb4_general_ci;

--
-- Dumping data for table `sources`
--

INSERT INTO `sources` (`id`, `source`, `logs`) VALUES
(1, 'North', ''),
(2, 'South', ''),
(3, 'East', ''),
(4, 'West', ''),
(5, 'Uzzal', '');

-- --------------------------------------------------------

--
-- Table structure for table `staff`
--

CREATE TABLE `staff` (
  `staffNo` int(5) NOT NULL,
  `name` varchar(15) DEFAULT NULL,
  `post` varchar(10) NOT NULL,
  `salary` decimal(7,2) DEFAULT NULL,
  `address` varchar(30) NOT NULL,
  `mobile` varchar(11) NOT NULL,
  `reference` varchar(15) NOT NULL,
  `log` varchar(30) NOT NULL
) ENGINE=InnoDB DEFAULT CHARSET=utf8mb4 COLLATE=utf8mb4_general_ci;

--
-- Dumping data for table `staff`
--

INSERT INTO `staff` (`staffNo`, `name`, `post`, `salary`, `address`, `mobile`, `reference`, `log`) VALUES
(1, 'প্রভাস বকসি', 'ম্যানেজার', 10000.00, 'রাজাপুর', '', '', ''),
(2, 'সঞ্জিত রায়', 'স্টাফ', 10000.00, 'রাজাপুর', '', '', ''),
(3, 'অপূর্ব বকসি ', 'স্টাফ', 10000.00, 'রাজাপুর', '', '', ''),
(4, 'তুষার ', 'Labour ', 11000.00, 'Paikgacha, khulna ', '01955002425', 'Sidharto biswas', 'Provash 2024-02-16 10:48:06'),
(5, 'Ponkoj Kumar Dh', 'Labour', 11000.00, 'Rampal,  Bagerhat', '01784862118', 'Sidharto Biswas', 'Provash 2024-02-16 10:50:19');

-- --------------------------------------------------------

--
-- Table structure for table `staffs`
--

CREATE TABLE `staffs` (
  `id` int(11) AUTO_INCREMENT PRIMARY KEY,
  `Name` varchar(20) NOT NULL,
  `Designation` varchar(20) NOT NULL,
  `Address` varchar(30) NOT NULL,
  `mobile` varchar(13) NOT NULL
) ENGINE=InnoDB DEFAULT CHARSET=utf8mb4 COLLATE=utf8mb4_general_ci;

-- --------------------------------------------------------

--
-- Table structure for table `units`
--

CREATE TABLE `units` (
  `id` int(11) AUTO_INCREMENT PRIMARY KEY,
  `unit` varchar(10) NOT NULL,
  `logs` varchar(30) NOT NULL
) ENGINE=InnoDB DEFAULT CHARSET=utf8mb4 COLLATE=utf8mb4_general_ci;

--
-- Dumping data for table `units`
--

INSERT INTO `units` (`id`, `unit`, `logs`) VALUES
(1, 'কেজি', ''),
(2, 'মণ', ''),
(3, 'প্যাকেট', ''),
(4, 'বস্তা', ''),
(5, 'লিটার', ''),
(6, 'টি', ''),
(7, 'জন', ''),
(8, 'কেজি', ''),
(9, 'মণ', ''),
(10, 'প্যাকেট', ''),
(11, 'বস্তা', ''),
(12, 'লিটার', ''),
(13, 'টি', ''),
(14, 'জন', '');

-- --------------------------------------------------------

--
-- Table structure for table `usersinfo`
--

CREATE TABLE `usersinfo` (
  `id` int(4) NOT NULL,
  `name` varchar(20) NOT NULL,
  `username` varchar(20) NOT NULL,
  `password` varchar(260) NOT NULL,
  `role` varchar(15) NOT NULL,
  `isActive` tinyint(4) NOT NULL DEFAULT 1,
  `email` varchar(20) NOT NULL,
  `mobile` text NOT NULL
) ENGINE=InnoDB DEFAULT CHARSET=utf8mb4 COLLATE=utf8mb4_general_ci;

--
-- Dumping data for table `usersinfo`
--

INSERT INTO `usersinfo` (`id`, `name`, `username`, `password`, `role`, `isActive`, `email`, `mobile`) VALUES
(7, 'Sujit Biswas', 'Sujit', 'bd7e9774a5bd301726979951cee621d14ecbb039', 'Admin', 1, 'sujitedu@gmail.com', '07988784659'),
(10, 'Uzzal Kumar Mondal', 'Uzzal', '378828a9e1b1901831b0d8bebb375a66b265fc32', 'Operator', 1, 'uzzalat75@gmail.com', ''),
(11, 'Shidharta Biswas', 'Shidharta', 'd6ca3767d3351e06975e615a4b767e8c0122d0fb', 'Operator', 1, 'shidhartashidharta75', '01717822662'),
(12, 'Sujata Biswas', 'Sujata', '94cbecfb3601b091a643f80e470b21345d9a8fae', 'Operator', 1, '', ''),
(13, 'Prodip Mallick', 'Prodip', 'b56813064249b3bf8a19a8a3ea2a8bc7368e249b', 'Admin', 1, '', ''),
(14, 'Provash Bokshi', 'Provash', 'b31ec3326f109477fac2c7f2c1ca03979c3fab3b', 'Manager', 1, 'provashbokshi@gmail.', '01718619289'),
(15, 'shymal ray', 'shymal', 'd3a641340b2cb5aac83c8350be553df8ea6d2d97', 'User', 1, 'shymalray2@gmail.com', '01713992354'),
(16, 'Test Admin', 'testadmin', 'pbkdf2_sha256$870000$AKvxYljMg7LEEb5X7Bymps$VFApLypnNK+jYar58zUzw4U+AJB71X+tk2iKKkMoIiI=', 'Admin', 1, 'testadmin@nowhere.co', '1234567890'),
(17, 'Test Manager', 'testmanager', 'pbkdf2_sha256$870000$AlrtkfrXz4EGGEqNHNlOQs$XiojDPybBYqrSaf5c0Wo7mrrEU69zT6Hfyzd0c8zRMg=', 'Manager', 1, 'testman@nowhere.com', '1234567890'),
(18, 'Test Operator', 'testoperator', 'pbkdf2_sha256$870000$b6dVKDbfnu75BwR9y2nacT$SyC71p56xWlkBNs2M63yFOTgezh/x4pwxThJPr40CJ0=', 'Operator', 1, 'toper@nowhere.com', '1234567890'),
(19, 'Test User', 'testuser', 'pbkdf2_sha256$870000$2X1IaXrf4XlnRgOZhrhTbz$B/RxWHUdai9sZKixVI2/LorZz3NWNgU6rHDP9UgX5j0=', 'User', 1, 'tuser@nowhere.com', '98765432d11');

--
-- Table structure for table `roles`
--

CREATE TABLE `roles` (
  `id` int(4) AUTO_INCREMENT PRIMARY KEY,
  `role` varchar(15) NOT NULL,
  UNIQUE KEY (role)
) ENGINE=InnoDB DEFAULT CHARSET=utf8mb4 COLLATE=utf8mb4_general_ci;

INSERT INTO `roles` (`id`, `role`) VALUES
(1, 'Admin'),
(2, 'Manager'),
(3, 'Operator'),
(4, 'User');

--
-- Table structure for table `term`
--

CREATE TABLE `term` (
  `id` int(4) AUTO_INCREMENT PRIMARY KEY,
  `term` varchar(20) NOT NULL,
  UNIQUE KEY (term)
) ENGINE=InnoDB DEFAULT CHARSET=utf8mb4 COLLATE=utf8mb4_general_ci;

INSERT INTO `term` (`term`) VALUES
('2022-23'),
('2023-24'),
('2024-25'),
('2025-26');


--
-- Indexes for dumped tables
--

--
-- Indexes for table `cost`
--
ALTER TABLE `cost`
  ADD PRIMARY KEY (`id`);

--
-- Indexes for table `costitems`
--
ALTER TABLE `costitems`
  ADD PRIMARY KEY (`id`),
  ADD UNIQUE KEY `id` (`id`),
  ADD UNIQUE KEY `costitems` (`costitems`);

--
-- Indexes for table `costpurpose`
--
ALTER TABLE `costpurpose`
  ADD PRIMARY KEY (`id`),
  ADD UNIQUE KEY `costpurpose` (`costpurpose`);

--
-- Indexes for table `dailyworks`
--
ALTER TABLE `dailyworks`
  ADD PRIMARY KEY (`id`);

--
-- Indexes for table `earning`
--
ALTER TABLE `earning`
  ADD PRIMARY KEY (`id`);

--
-- Indexes for table `fishbuy`
--
ALTER TABLE `fishbuy`
  ADD PRIMARY KEY (`id`);

--
-- Indexes for table `fishtype`
--
ALTER TABLE `fishtype`
  ADD PRIMARY KEY (`id`),
  ADD UNIQUE KEY `FishName` (`FishName`);

--
-- Indexes for table `fooddistribution`
--
ALTER TABLE `fooddistribution`
  ADD PRIMARY KEY (`id`);

--
-- Indexes for table `investment`
--
ALTER TABLE `investment`
  ADD PRIMARY KEY (`id`);

--
-- Indexes for table `items`
--
ALTER TABLE `items`
  ADD PRIMARY KEY (`id`),
  ADD UNIQUE KEY `item_name` (`item_name`);

--
-- Indexes for table `land`
--
ALTER TABLE `land`
  ADD PRIMARY KEY (`id`);

--
-- Indexes for table `loandetails`
--
ALTER TABLE `loandetails`
  ADD PRIMARY KEY (`loanid`);

--
-- Indexes for table `loan_providers_info`
--
ALTER TABLE `loan_providers_info`
  ADD PRIMARY KEY (`investerid`);

--
-- Indexes for table `mousa`
--
ALTER TABLE `mousa`
  ADD PRIMARY KEY (`id`);

--
-- Indexes for table `mousaname`
--
ALTER TABLE `mousaname`
  ADD PRIMARY KEY (`id`),
  ADD UNIQUE KEY `name` (`name`);

--
-- Indexes for table `salary`
--
ALTER TABLE `salary`
  ADD PRIMARY KEY (`id`);

--
-- Indexes for table `sectors`
--
ALTER TABLE `sectors`
  ADD PRIMARY KEY (`id`),
  ADD UNIQUE KEY `sector` (`sector`);

--
-- Indexes for table `sources`
--
ALTER TABLE `sources`
  ADD PRIMARY KEY (`id`);

--
-- Indexes for table `staff`
--
ALTER TABLE `staff`
  ADD PRIMARY KEY (`staffNo`),
  ADD UNIQUE KEY `name` (`name`);

--
-- Indexes for table `usersinfo`
--
ALTER TABLE `usersinfo`
  ADD PRIMARY KEY (`id`),
  ADD UNIQUE KEY `username` (`username`),
  ADD UNIQUE KEY `name` (`name`);

--
-- AUTO_INCREMENT for dumped tables
--

--
-- AUTO_INCREMENT for table `cost`
--
ALTER TABLE `cost`
  MODIFY `id` int(10) NOT NULL AUTO_INCREMENT, AUTO_INCREMENT=1393;

--
-- AUTO_INCREMENT for table `costitems`
--
ALTER TABLE `costitems`
  MODIFY `id` int(11) NOT NULL AUTO_INCREMENT, AUTO_INCREMENT=77;

--
-- AUTO_INCREMENT for table `costpurpose`
--
ALTER TABLE `costpurpose`
  MODIFY `id` int(11) NOT NULL AUTO_INCREMENT, AUTO_INCREMENT=7;

--
-- AUTO_INCREMENT for table `dailyworks`
--
ALTER TABLE `dailyworks`
  MODIFY `id` int(11) NOT NULL AUTO_INCREMENT, AUTO_INCREMENT=3;

--
-- AUTO_INCREMENT for table `earning`
--
ALTER TABLE `earning`
  MODIFY `id` int(5) NOT NULL AUTO_INCREMENT, AUTO_INCREMENT=755;

--
-- AUTO_INCREMENT for table `fishbuy`
--
ALTER TABLE `fishbuy`
  MODIFY `id` int(11) NOT NULL AUTO_INCREMENT, AUTO_INCREMENT=94;

--
-- AUTO_INCREMENT for table `fishtype`
--
ALTER TABLE `fishtype`
  MODIFY `id` int(3) NOT NULL AUTO_INCREMENT, AUTO_INCREMENT=18;

--
-- AUTO_INCREMENT for table `fooddistribution`
--
ALTER TABLE `fooddistribution`
  MODIFY `id` int(11) NOT NULL AUTO_INCREMENT;

--
-- AUTO_INCREMENT for table `investment`
--
ALTER TABLE `investment`
  MODIFY `id` int(5) NOT NULL AUTO_INCREMENT, AUTO_INCREMENT=79;

--
-- AUTO_INCREMENT for table `items`
--
ALTER TABLE `items`
  MODIFY `id` int(11) NOT NULL AUTO_INCREMENT, AUTO_INCREMENT=31;

--
-- AUTO_INCREMENT for table `land`
--
ALTER TABLE `land`
  MODIFY `id` int(11) NOT NULL AUTO_INCREMENT, AUTO_INCREMENT=130;

--
-- AUTO_INCREMENT for table `loandetails`
--
ALTER TABLE `loandetails`
  MODIFY `loanid` int(5) NOT NULL AUTO_INCREMENT, AUTO_INCREMENT=5;

--
-- AUTO_INCREMENT for table `loan_providers_info`
--
ALTER TABLE `loan_providers_info`
  MODIFY `investerid` int(11) NOT NULL AUTO_INCREMENT, AUTO_INCREMENT=5;

--
-- AUTO_INCREMENT for table `mousa`
--
ALTER TABLE `mousa`
  MODIFY `id` int(11) NOT NULL AUTO_INCREMENT, AUTO_INCREMENT=2;

--
-- AUTO_INCREMENT for table `mousaname`
--
ALTER TABLE `mousaname`
  MODIFY `id` int(3) NOT NULL AUTO_INCREMENT;

--
-- AUTO_INCREMENT for table `salary`
--
ALTER TABLE `salary`
  MODIFY `id` int(11) NOT NULL AUTO_INCREMENT, AUTO_INCREMENT=99;

--
-- AUTO_INCREMENT for table `sectors`
--
ALTER TABLE `sectors`
  MODIFY `id` int(11) NOT NULL AUTO_INCREMENT, AUTO_INCREMENT=4;

--
-- AUTO_INCREMENT for table `sources`
--
ALTER TABLE `sources`
  MODIFY `id` int(11) NOT NULL AUTO_INCREMENT, AUTO_INCREMENT=7;

--
-- AUTO_INCREMENT for table `staff`
--
ALTER TABLE `staff`
  MODIFY `staffNo` int(5) NOT NULL AUTO_INCREMENT, AUTO_INCREMENT=6;

--
-- AUTO_INCREMENT for table `usersinfo`
--
ALTER TABLE `usersinfo`
  MODIFY `id` int(4) NOT NULL AUTO_INCREMENT, AUTO_INCREMENT=17;
COMMIT;


/*!40101 SET CHARACTER_SET_CLIENT=@OLD_CHARACTER_SET_CLIENT */;
/*!40101 SET CHARACTER_SET_RESULTS=@OLD_CHARACTER_SET_RESULTS */;
/*!40101 SET COLLATION_CONNECTION=@OLD_COLLATION_CONNECTION */;
